,AreaTotal,MeanFlow,MeanFlowPerSecond,inputmod_hash,watershed_id,huc,land_use_source,stream_layer,weather_source
0,8403.6,37053359.726604305,1.1749543292302227,d751713988987e9331980363e24189ced751713988987e9331980363e24189ce,,020401010101,2019_2019,nhdhr,NASA_NLDAS_2000_2019
1,6477.400000000001,29117023.04959692,0.9232947440891971,d751713988987e9331980363e24189ced751713988987e9331980363e24189ce,,020401010102,2019_2019,nhdhr,NASA_NLDAS_2000_2019
2,6604.7,29519279.615699768,0.9360502161244219,d751713988987e9331980363e24189ced751713988987e9331980363e24189ce,,020401010103,2019_2019,nhdhr,NASA_NLDAS_2000_2019
3,7090.299999999999,31461633.502115764,0.9976418538215298,d751713988987e9331980363e24189ced751713988987e9331980363e24189ce,,020401010104,2019_2019,nhdhr,NASA_NLDAS_2000_2019
4,13455.6,59230098.61731567,1.8781741063329425,d751713988987e9331980363e24189ced751713988987e9331980363e24189ce,,020401010105,2019_2019,nhdhr,NASA_NLDAS_2000_2019
5,8856.6,39483032.37408486,1.2519987434704738,d751713988987e9331980363e24189ced751713988987e9331980363e24189ce,,020401010106,2019_2019,nhdhr,NASA_NLDAS_2000_2019
6,7741.4,43782577.5687707,1.3883364272187564,d751713988987e9331980363e24189ced751713988987e9331980363e24189ce,,020401010201,2019_2019,nhdhr,NASA_NLDAS_2000_2019
7,7786.499999999999,44101346.9678373,1.3984445385539477,d751713988987e9331980363e24189ced751713988987e9331980363e24189ce,,020401010202,2019_2019,nhdhr,NASA_NLDAS_2000_2019
8,6477.799999999998,36348075.227383986,1.152589904470573,d751713988987e9331980363e24189ced751713988987e9331980363e24189ce,,020401010203,2019_2019,nhdhr,NASA_NLDAS_2000_2019
9,5741.9,32556593.739639018,1.0323628151838857,d751713988987e9331980363e24189ced751713988987e9331980363e24189ce,,020401010204,2019_2019,nhdhr,NASA_NLDAS_2000_2019
10,12646.2,72014964.00285171,2.2835795282487226,d751713988987e9331980363e24189ced751713988987e9331980363e24189ce,,020401010205,2019_2019,nhdhr,NASA_NLDAS_2000_2019
11,12522.7,75581548.04395501,2.3966751662847225,d751713988987e9331980363e24189ced751713988987e9331980363e24189ce,,020401010206,2019_2019,nhdhr,NASA_NLDAS_2000_2019
12,12377.8,84000849.14857186,2.6636494529608026,d751713988987e9331980363e24189ced751713988987e9331980363e24189ce,,020401010207,2019_2019,nhdhr,NASA_NLDAS_2000_2019
13,7951.7,45624115.87942895,1.4467312239798629,d751713988987e9331980363e24189ced751713988987e9331980363e24189ce,,020401010301,2019_2019,nhdhr,NASA_NLDAS_2000_2019
14,8989.499999999998,51640282.47058099,1.6375026151249679,d751713988987e9331980363e24189ced751713988987e9331980363e24189ce,,020401010302,2019_2019,nhdhr,NASA_NLDAS_2000_2019
15,8416.800000000001,48274292.63295245,1.5307677775543014,d751713988987e9331980363e24189ced751713988987e9331980363e24189ce,,020401010303,2019_2019,nhdhr,NASA_NLDAS_2000_2019
16,5615.200000000001,32398723.80790482,1.027356792488103,d751713988987e9331980363e24189ced751713988987e9331980363e24189ce,,020401010304,2019_2019,nhdhr,NASA_NLDAS_2000_2019
17,9331.3,54804235.95445437,1.7378309219449002,d751713988987e9331980363e24189ced751713988987e9331980363e24189ce,,020401010305,2019_2019,nhdhr,NASA_NLDAS_2000_2019
18,4668.3,27120248.831436187,0.8599774489927761,d751713988987e9331980363e24189ced751713988987e9331980363e24189ce,,020401010306,2019_2019,nhdhr,NASA_NLDAS_2000_2019
19,9270.4,53093479.34244212,1.6835831856431418,d751713988987e9331980363e24189ced751713988987e9331980363e24189ce,,020401010307,2019_2019,nhdhr,NASA_NLDAS_2000_2019
20,5827.7,33379791.7442912,1.0584662526728565,d751713988987e9331980363e24189ced751713988987e9331980363e24189ce,,020401010401,2019_2019,nhdhr,NASA_NLDAS_2000_2019
21,8764.0,50287749.49038325,1.5946140756717164,d751713988987e9331980363e24189ced751713988987e9331980363e24189ce,,020401010402,2019_2019,nhdhr,NASA_NLDAS_2000_2019
22,5534.599999999999,33427687.419184253,1.059985014560637,d751713988987e9331980363e24189ced751713988987e9331980363e24189ce,,020401010403,2019_2019,nhdhr,NASA_NLDAS_2000_2019
23,5795.9,34059285.37595346,1.0800128543871594,d751713988987e9331980363e24189ced751713988987e9331980363e24189ce,,020401010404,2019_2019,nhdhr,NASA_NLDAS_2000_2019
24,6346.9,36182124.81593137,1.1473276514437905,d751713988987e9331980363e24189ced751713988987e9331980363e24189ce,,020401010405,2019_2019,nhdhr,NASA_NLDAS_2000_2019
25,9116.599999999999,54269700.2064671,1.7208809045683378,d751713988987e9331980363e24189ced751713988987e9331980363e24189ce,,020401010406,2019_2019,nhdhr,NASA_NLDAS_2000_2019
26,10598.999999999996,60985103.529482126,1.9338249470282258,d751713988987e9331980363e24189ced751713988987e9331980363e24189ce,,020401010501,2019_2019,nhdhr,NASA_NLDAS_2000_2019
27,9305.400000000001,51977484.80143542,1.6481952308928025,d751713988987e9331980363e24189ced751713988987e9331980363e24189ce,,020401010502,2019_2019,nhdhr,NASA_NLDAS_2000_2019
28,8522.6,47619615.797181286,1.5100081112754087,d751713988987e9331980363e24189ced751713988987e9331980363e24189ce,,020401010503,2019_2019,nhdhr,NASA_NLDAS_2000_2019
29,6219.2,33908330.871034056,1.075226118437153,d751713988987e9331980363e24189ced751713988987e9331980363e24189ce,,020401010504,2019_2019,nhdhr,NASA_NLDAS_2000_2019
30,4753.900000000001,25569203.56664891,0.8107941262889685,d751713988987e9331980363e24189ced751713988987e9331980363e24189ce,,020401010505,2019_2019,nhdhr,NASA_NLDAS_2000_2019
31,6150.699999999999,35510394.05852944,1.1260272088574783,d751713988987e9331980363e24189ced751713988987e9331980363e24189ce,,020401010506,2019_2019,nhdhr,NASA_NLDAS_2000_2019
32,5501.8,30524395.65391005,0.9679222366156154,d751713988987e9331980363e24189ced751713988987e9331980363e24189ce,,020401010601,2019_2019,nhdhr,NASA_NLDAS_2000_2019
33,5799.799999999999,31496513.5894887,0.9987478941365011,d751713988987e9331980363e24189ced751713988987e9331980363e24189ce,,020401010602,2019_2019,nhdhr,NASA_NLDAS_2000_2019
34,12415.8,75557117.81902099,2.395900488933948,d751713988987e9331980363e24189ced751713988987e9331980363e24189ce,,020401010603,2019_2019,nhdhr,NASA_NLDAS_2000_2019
35,9543.400000000001,59653558.91519739,1.8916019442921546,d751713988987e9331980363e24189ced751713988987e9331980363e24189ce,,020401010604,2019_2019,nhdhr,NASA_NLDAS_2000_2019
36,7799.199999999999,48134059.39153885,1.5263210106398672,d751713988987e9331980363e24189ced751713988987e9331980363e24189ce,,020401010605,2019_2019,nhdhr,NASA_NLDAS_2000_2019
37,4808.699999999999,30610046.02240766,0.9706381919840075,d751713988987e9331980363e24189ced751713988987e9331980363e24189ce,,020401010606,2019_2019,nhdhr,NASA_NLDAS_2000_2019
38,7716.7,44915172.87718572,1.4242507888503841,d751713988987e9331980363e24189ced751713988987e9331980363e24189ce,,020401020101,2019_2019,nhdhr,NASA_NLDAS_2000_2019
39,7234.2,37435990.988564454,1.1870874869534644,d751713988987e9331980363e24189ced751713988987e9331980363e24189ce,,020401020102,2019_2019,nhdhr,NASA_NLDAS_2000_2019
40,9060.900000000003,46527755.025963716,1.4753854333448666,d751713988987e9331980363e24189ced751713988987e9331980363e24189ce,,020401020103,2019_2019,nhdhr,NASA_NLDAS_2000_2019
41,9487.6,55667133.92481734,1.7651932370883225,d751713988987e9331980363e24189ced751713988987e9331980363e24189ce,,020401020104,2019_2019,nhdhr,NASA_NLDAS_2000_2019
42,12870.100000000002,69174442.73211358,2.193507189628158,d751713988987e9331980363e24189ced751713988987e9331980363e24189ce,,020401020201,2019_2019,nhdhr,NASA_NLDAS_2000_2019
43,12536.8,73865259.609787,2.342252017053114,d751713988987e9331980363e24189ced751713988987e9331980363e24189ce,,020401020202,2019_2019,nhdhr,NASA_NLDAS_2000_2019
44,5027.8,29932846.841101855,0.9491643468132247,d751713988987e9331980363e24189ced751713988987e9331980363e24189ce,,020401020203,2019_2019,nhdhr,NASA_NLDAS_2000_2019
45,12849.7,76886293.04994228,2.4380483590164346,d751713988987e9331980363e24189ced751713988987e9331980363e24189ce,,020401020204,2019_2019,nhdhr,NASA_NLDAS_2000_2019
46,4988.7,22607989.302271936,0.7168946379462182,d751713988987e9331980363e24189ced751713988987e9331980363e24189ce,,020401020301,2019_2019,nhdhr,NASA_NLDAS_2000_2019
47,12897.999999999998,60075115.40349135,1.9049694128453625,d751713988987e9331980363e24189ced751713988987e9331980363e24189ce,,020401020302,2019_2019,nhdhr,NASA_NLDAS_2000_2019
48,12224.0,57374945.485215105,1.819347586416004,d751713988987e9331980363e24189ced751713988987e9331980363e24189ce,,020401020303,2019_2019,nhdhr,NASA_NLDAS_2000_2019
49,9093.800000000001,42795649.75870618,1.357041151658618,d751713988987e9331980363e24189ced751713988987e9331980363e24189ce,,020401020304,2019_2019,nhdhr,NASA_NLDAS_2000_2019
50,9150.0,42350343.066449516,1.342920569078181,d751713988987e9331980363e24189ced751713988987e9331980363e24189ce,,020401020305,2019_2019,nhdhr,NASA_NLDAS_2000_2019
51,6704.899999999998,34858067.71634413,1.1053420762412522,d751713988987e9331980363e24189ced751713988987e9331980363e24189ce,,020401020306,2019_2019,nhdhr,NASA_NLDAS_2000_2019
52,6544.899999999999,41797702.729775764,1.3253964589604188,d751713988987e9331980363e24189ced751713988987e9331980363e24189ce,,020401020401,2019_2019,nhdhr,NASA_NLDAS_2000_2019
53,9642.300000000001,45611318.930395484,1.4463254353879846,d751713988987e9331980363e24189ced751713988987e9331980363e24189ce,,020401020402,2019_2019,nhdhr,NASA_NLDAS_2000_2019
54,6626.0,33427553.9921779,1.0599807836180206,d751713988987e9331980363e24189ced751713988987e9331980363e24189ce,,020401020403,2019_2019,nhdhr,NASA_NLDAS_2000_2019
55,8075.4,50001923.08893292,1.5855505799382583,d751713988987e9331980363e24189ced751713988987e9331980363e24189ce,,020401020404,2019_2019,nhdhr,NASA_NLDAS_2000_2019
56,7997.699999999999,53826685.06577115,1.7068329866112109,d751713988987e9331980363e24189ced751713988987e9331980363e24189ce,,020401020405,2019_2019,nhdhr,NASA_NLDAS_2000_2019
57,7012.9,40339109.58745325,1.2791447738284263,d751713988987e9331980363e24189ced751713988987e9331980363e24189ce,,020401020501,2019_2019,nhdhr,NASA_NLDAS_2000_2019
58,9691.400000000001,57090493.14984464,1.8103276620321105,d751713988987e9331980363e24189ced751713988987e9331980363e24189ce,,020401020502,2019_2019,nhdhr,NASA_NLDAS_2000_2019
59,6857.299999999999,40471099.16948319,1.2833301360186198,d751713988987e9331980363e24189ced751713988987e9331980363e24189ce,,020401020503,2019_2019,nhdhr,NASA_NLDAS_2000_2019
60,4439.1,26327570.569434248,0.8348417861946426,d751713988987e9331980363e24189ced751713988987e9331980363e24189ce,,020401020504,2019_2019,nhdhr,NASA_NLDAS_2000_2019
61,4952.800000000001,29206005.29357427,0.9261163525359675,d751713988987e9331980363e24189ced751713988987e9331980363e24189ce,,020401020505,2019_2019,nhdhr,NASA_NLDAS_2000_2019
62,4660.0,27507306.69729454,0.8722509734048244,d751713988987e9331980363e24189ced751713988987e9331980363e24189ce,,020401020506,2019_2019,nhdhr,NASA_NLDAS_2000_2019
63,6064.3,36041893.368598714,1.1428809414192895,d751713988987e9331980363e24189ced751713988987e9331980363e24189ce,,020401020507,2019_2019,nhdhr,NASA_NLDAS_2000_2019
64,4298.3,23146955.116054382,0.7339851317876199,d751713988987e9331980363e24189ced751713988987e9331980363e24189ce,,020401030101,2019_2019,nhdhr,NASA_NLDAS_2000_2019
65,5542.900000000001,31619084.201349434,1.0026345827419278,d751713988987e9331980363e24189ced751713988987e9331980363e24189ce,,020401030102,2019_2019,nhdhr,NASA_NLDAS_2000_2019
66,13447.300000000001,75694314.94988845,2.400250981414525,d751713988987e9331980363e24189ced751713988987e9331980363e24189ce,,020401030103,2019_2019,nhdhr,NASA_NLDAS_2000_2019
67,4300.0,24845857.88979714,0.7878569853436435,d751713988987e9331980363e24189ced751713988987e9331980363e24189ce,,020401030201,2019_2019,nhdhr,NASA_NLDAS_2000_2019
68,7431.9000000000015,41927289.93422768,1.3295056422573466,d751713988987e9331980363e24189ced751713988987e9331980363e24189ce,,020401030202,2019_2019,nhdhr,NASA_NLDAS_2000_2019
69,6164.599999999999,33726032.8404256,1.0694454858075089,d751713988987e9331980363e24189ced751713988987e9331980363e24189ce,,020401030203,2019_2019,nhdhr,NASA_NLDAS_2000_2019
70,10323.000000000002,60291173.38039419,1.9118205663493846,d751713988987e9331980363e24189ced751713988987e9331980363e24189ce,,020401030301,2019_2019,nhdhr,NASA_NLDAS_2000_2019
71,10698.399999999998,64201939.214458495,2.035830137444777,d751713988987e9331980363e24189ced751713988987e9331980363e24189ce,,020401030302,2019_2019,nhdhr,NASA_NLDAS_2000_2019
72,3961.9999999999995,23845128.82101773,0.756124074740542,d751713988987e9331980363e24189ced751713988987e9331980363e24189ce,,020401030401,2019_2019,nhdhr,NASA_NLDAS_2000_2019
73,13269.299999999997,79840597.09320872,2.5317287256852077,d751713988987e9331980363e24189ced751713988987e9331980363e24189ce,,020401030402,2019_2019,nhdhr,NASA_NLDAS_2000_2019
74,4388.6,26232784.61277969,0.8318361432261444,d751713988987e9331980363e24189ced751713988987e9331980363e24189ce,,020401030501,2019_2019,nhdhr,NASA_NLDAS_2000_2019
75,4107.500000000001,25186829.631068885,0.7986691283317126,d751713988987e9331980363e24189ced751713988987e9331980363e24189ce,,020401030502,2019_2019,nhdhr,NASA_NLDAS_2000_2019
76,10442.999999999998,62554443.44870967,1.983588389418749,d751713988987e9331980363e24189ced751713988987e9331980363e24189ce,,020401030503,2019_2019,nhdhr,NASA_NLDAS_2000_2019
77,3805.7999999999997,23871561.186248586,0.7569622395436513,d751713988987e9331980363e24189ced751713988987e9331980363e24189ce,,020401030504,2019_2019,nhdhr,NASA_NLDAS_2000_2019
78,15453.399999999998,111180394.45327352,3.5255071807861973,d751713988987e9331980363e24189ced751713988987e9331980363e24189ce,,020401030505,2019_2019,nhdhr,NASA_NLDAS_2000_2019
79,11140.400000000003,66983012.19132444,2.1240173830328652,d751713988987e9331980363e24189ced751713988987e9331980363e24189ce,,020401030601,2019_2019,nhdhr,NASA_NLDAS_2000_2019
80,7622.5,46351885.33127025,1.4698086419098886,d751713988987e9331980363e24189ced751713988987e9331980363e24189ce,,020401030602,2019_2019,nhdhr,NASA_NLDAS_2000_2019
81,13289.999999999998,82491593.45726557,2.615791268939167,d751713988987e9331980363e24189ced751713988987e9331980363e24189ce,,020401030603,2019_2019,nhdhr,NASA_NLDAS_2000_2019
82,4791.599999999999,25642251.916803293,0.8131104742771211,d751713988987e9331980363e24189ced751713988987e9331980363e24189ce,,020401040101,2019_2019,nhdhr,NASA_NLDAS_2000_2019
83,6697.0999999999985,36271655.291691795,1.1501666442063607,d751713988987e9331980363e24189ced751713988987e9331980363e24189ce,,020401040102,2019_2019,nhdhr,NASA_NLDAS_2000_2019
84,6861.0,36833752.670899555,1.1679906351756582,d751713988987e9331980363e24189ced751713988987e9331980363e24189ce,,020401040103,2019_2019,nhdhr,NASA_NLDAS_2000_2019
85,11528.5,65043564.40825498,2.0625178972683593,d751713988987e9331980363e24189ced751713988987e9331980363e24189ce,,020401040104,2019_2019,nhdhr,NASA_NLDAS_2000_2019
86,9119.399999999998,56361601.7538486,1.7872146674863203,d751713988987e9331980363e24189ced751713988987e9331980363e24189ce,,020401040105,2019_2019,nhdhr,NASA_NLDAS_2000_2019
87,4951.2,27667982.8453699,0.8773459806370466,d751713988987e9331980363e24189ced751713988987e9331980363e24189ce,,020401040106,2019_2019,nhdhr,NASA_NLDAS_2000_2019
88,8017.000000000001,44134000.584251046,1.3994799779379454,d751713988987e9331980363e24189ced751713988987e9331980363e24189ce,,020401040107,2019_2019,nhdhr,NASA_NLDAS_2000_2019
89,6346.999999999999,35822240.314355694,1.1359157887606448,d751713988987e9331980363e24189ced751713988987e9331980363e24189ce,,020401040201,2019_2019,nhdhr,NASA_NLDAS_2000_2019
90,4239.299999999999,26337806.757760867,0.8351663735971863,d751713988987e9331980363e24189ced751713988987e9331980363e24189ce,,020401040202,2019_2019,nhdhr,NASA_NLDAS_2000_2019
91,7877.800000000001,43618147.26644027,1.383122376536031,d751713988987e9331980363e24189ced751713988987e9331980363e24189ce,,020401040203,2019_2019,nhdhr,NASA_NLDAS_2000_2019
92,8907.099999999999,48187121.88602196,1.528003611302066,d751713988987e9331980363e24189ced751713988987e9331980363e24189ce,,020401040301,2019_2019,nhdhr,NASA_NLDAS_2000_2019
93,7137.6,36015605.71276935,1.1420473653211995,d751713988987e9331980363e24189ced751713988987e9331980363e24189ce,,020401040302,2019_2019,nhdhr,NASA_NLDAS_2000_2019
94,7325.0,45209684.08387377,1.43358967795135,d751713988987e9331980363e24189ced751713988987e9331980363e24189ce,,020401040303,2019_2019,nhdhr,NASA_NLDAS_2000_2019
95,7538.000000000001,42149732.65750753,1.3365592547408527,d751713988987e9331980363e24189ced751713988987e9331980363e24189ce,,020401040304,2019_2019,nhdhr,NASA_NLDAS_2000_2019
96,11727.499999999998,77524087.10670112,2.458272675884739,d751713988987e9331980363e24189ced751713988987e9331980363e24189ce,,020401040305,2019_2019,nhdhr,NASA_NLDAS_2000_2019
97,4932.0,26706143.410923,0.8468462522489536,d751713988987e9331980363e24189ced751713988987e9331980363e24189ce,,020401040306,2019_2019,nhdhr,NASA_NLDAS_2000_2019
98,11158.7,69490065.09865603,2.203515509216642,d751713988987e9331980363e24189ced751713988987e9331980363e24189ce,,020401040307,2019_2019,nhdhr,NASA_NLDAS_2000_2019
99,11143.699999999997,60337746.13696893,1.91329737877248,d751713988987e9331980363e24189ced751713988987e9331980363e24189ce,,020401040308,2019_2019,nhdhr,NASA_NLDAS_2000_2019
100,9530.500000000002,57215346.97656266,1.814286750905716,d751713988987e9331980363e24189ced751713988987e9331980363e24189ce,,020401040401,2019_2019,nhdhr,NASA_NLDAS_2000_2019
101,6066.2,37130239.37591885,1.1773921669177718,d751713988987e9331980363e24189ced751713988987e9331980363e24189ce,,020401040402,2019_2019,nhdhr,NASA_NLDAS_2000_2019
102,6066.000000000001,36860566.29984167,1.1688408897717426,d751713988987e9331980363e24189ced751713988987e9331980363e24189ce,,020401040403,2019_2019,nhdhr,NASA_NLDAS_2000_2019
103,5917.8,37315796.385436006,1.1832761410906902,d751713988987e9331980363e24189ced751713988987e9331980363e24189ce,,020401040501,2019_2019,nhdhr,NASA_NLDAS_2000_2019
104,7096.4,45002173.4772896,1.427009559782141,d751713988987e9331980363e24189ced751713988987e9331980363e24189ce,,020401040502,2019_2019,nhdhr,NASA_NLDAS_2000_2019
105,4860.599999999999,26949484.77144031,0.8545625561720037,d751713988987e9331980363e24189ced751713988987e9331980363e24189ce,,020401040503,2019_2019,nhdhr,NASA_NLDAS_2000_2019
106,9964.4,64180777.031751655,2.035159089033221,d751713988987e9331980363e24189ced751713988987e9331980363e24189ce,,020401040504,2019_2019,nhdhr,NASA_NLDAS_2000_2019
107,10979.399999999998,63243381.34213753,2.0054344667090795,d751713988987e9331980363e24189ced751713988987e9331980363e24189ce,,020401040505,2019_2019,nhdhr,NASA_NLDAS_2000_2019
108,4329.099999999999,27124172.606190875,0.8601018710740385,d751713988987e9331980363e24189ced751713988987e9331980363e24189ce,,020401040601,2019_2019,nhdhr,NASA_NLDAS_2000_2019
109,9663.2,57531028.271260016,1.8242969390937347,d751713988987e9331980363e24189ced751713988987e9331980363e24189ce,,020401040602,2019_2019,nhdhr,NASA_NLDAS_2000_2019
110,5417.399999999999,32259699.387206323,1.0229483570270905,d751713988987e9331980363e24189ced751713988987e9331980363e24189ce,,020401040603,2019_2019,nhdhr,NASA_NLDAS_2000_2019
111,7700.899999999999,46513062.99494123,1.4749195520973246,d751713988987e9331980363e24189ced751713988987e9331980363e24189ce,,020401040604,2019_2019,nhdhr,NASA_NLDAS_2000_2019
112,8320.0,49119683.108185805,1.557574933669007,d751713988987e9331980363e24189ced751713988987e9331980363e24189ce,,020401040605,2019_2019,nhdhr,NASA_NLDAS_2000_2019
113,4685.599999999999,28629437.167044368,0.9078334971792354,d751713988987e9331980363e24189ced751713988987e9331980363e24189ce,,020401040606,2019_2019,nhdhr,NASA_NLDAS_2000_2019
114,6281.000000000001,38927308.694966905,1.234376861205191,d751713988987e9331980363e24189ced751713988987e9331980363e24189ce,,020401040701,2019_2019,nhdhr,NASA_NLDAS_2000_2019
115,6155.6,36389938.80270624,1.1539173897357382,d751713988987e9331980363e24189ced751713988987e9331980363e24189ce,,020401040702,2019_2019,nhdhr,NASA_NLDAS_2000_2019
116,4173.400000000001,26988733.074532207,0.8558071116987636,d751713988987e9331980363e24189ced751713988987e9331980363e24189ce,,020401040703,2019_2019,nhdhr,NASA_NLDAS_2000_2019
117,13375.800000000003,71990581.20296596,2.2828063547363637,d751713988987e9331980363e24189ced751713988987e9331980363e24189ce,,020401040704,2019_2019,nhdhr,NASA_NLDAS_2000_2019
118,10558.7,66309422.120173216,2.102657981994331,d751713988987e9331980363e24189ced751713988987e9331980363e24189ce,,020401040705,2019_2019,nhdhr,NASA_NLDAS_2000_2019
119,5399.9000000000015,32393447.973937538,1.0271894968904598,d751713988987e9331980363e24189ced751713988987e9331980363e24189ce,,020401040801,2019_2019,nhdhr,NASA_NLDAS_2000_2019
120,5614.8,34185403.12763879,1.0840120220585612,d751713988987e9331980363e24189ced751713988987e9331980363e24189ce,,020401040802,2019_2019,nhdhr,NASA_NLDAS_2000_2019
121,9075.299999999997,54854940.35154387,1.7394387478292705,d751713988987e9331980363e24189ced751713988987e9331980363e24189ce,,020401040803,2019_2019,nhdhr,NASA_NLDAS_2000_2019
122,3629.9,22567798.64201009,0.7156202004696248,d751713988987e9331980363e24189ced751713988987e9331980363e24189ce,,020401040804,2019_2019,nhdhr,NASA_NLDAS_2000_2019
123,5866.199999999999,36389560.757604085,1.1539054020041883,d751713988987e9331980363e24189ced751713988987e9331980363e24189ce,,020401040805,2019_2019,nhdhr,NASA_NLDAS_2000_2019
124,10665.8,65012733.021575786,2.0615402404101912,d751713988987e9331980363e24189ced751713988987e9331980363e24189ce,,020401040901,2019_2019,nhdhr,NASA_NLDAS_2000_2019
125,11222.8,68706398.61312269,2.178665607975732,d751713988987e9331980363e24189ced751713988987e9331980363e24189ce,,020401040902,2019_2019,nhdhr,NASA_NLDAS_2000_2019
126,7402.199999999999,45308953.956722274,1.4367375049696307,d751713988987e9331980363e24189ced751713988987e9331980363e24189ce,,020401040903,2019_2019,nhdhr,NASA_NLDAS_2000_2019
127,6706.299999999998,40702208.90965037,1.2906585778047428,d751713988987e9331980363e24189ced751713988987e9331980363e24189ce,,020401040904,2019_2019,nhdhr,NASA_NLDAS_2000_2019
128,8104.200000000001,48902852.027236685,1.5506992651964957,d751713988987e9331980363e24189ced751713988987e9331980363e24189ce,,020401040905,2019_2019,nhdhr,NASA_NLDAS_2000_2019
129,4273.9,20788204.235704813,0.6591896320302135,d751713988987e9331980363e24189ced751713988987e9331980363e24189ce,,020401041001,2019_2019,nhdhr,NASA_NLDAS_2000_2019
130,8329.6,43234984.93810389,1.3709723788084693,d751713988987e9331980363e24189ced751713988987e9331980363e24189ce,,020401041002,2019_2019,nhdhr,NASA_NLDAS_2000_2019
131,4360.000000000001,26295583.147530764,0.8338274716999862,d751713988987e9331980363e24189ced751713988987e9331980363e24189ce,,020401041003,2019_2019,nhdhr,NASA_NLDAS_2000_2019
132,5392.700000000001,32724498.049425565,1.0376870259203945,d751713988987e9331980363e24189ced751713988987e9331980363e24189ce,,020401041004,2019_2019,nhdhr,NASA_NLDAS_2000_2019
133,9316.5,99325063.73579738,3.149577109836294,d751713988987e9331980363e24189ced751713988987e9331980363e24189ce,,020401041005,2019_2019,nhdhr,NASA_NLDAS_2000_2019
134,16195.399999999998,84871462.65384254,2.6912564261111918,d751713988987e9331980363e24189ced751713988987e9331980363e24189ce,,020401050101,2019_2019,nhdhr,NASA_NLDAS_2000_2019
135,10586.699999999999,58071925.876246214,1.8414486896323634,d751713988987e9331980363e24189ced751713988987e9331980363e24189ce,,020401050102,2019_2019,nhdhr,NASA_NLDAS_2000_2019
136,8680.5,46388161.13941424,1.4709589402401777,d751713988987e9331980363e24189ced751713988987e9331980363e24189ce,,020401050103,2019_2019,nhdhr,NASA_NLDAS_2000_2019
137,9167.900000000001,56384179.75948504,1.7879306113484603,d751713988987e9331980363e24189ced751713988987e9331980363e24189ce,,020401050104,2019_2019,nhdhr,NASA_NLDAS_2000_2019
138,9862.999999999996,52010602.82062845,1.6492453963923277,d751713988987e9331980363e24189ced751713988987e9331980363e24189ce,,020401050201,2019_2019,nhdhr,NASA_NLDAS_2000_2019
139,11167.3,47618931.54020294,1.5099864136289618,d751713988987e9331980363e24189ced751713988987e9331980363e24189ce,,020401050202,2019_2019,nhdhr,NASA_NLDAS_2000_2019
140,9348.0,48100522.08722364,1.5252575496963356,d751713988987e9331980363e24189ced751713988987e9331980363e24189ce,,020401050203,2019_2019,nhdhr,NASA_NLDAS_2000_2019
141,9715.2,67492745.92698163,2.140180933757662,d751713988987e9331980363e24189ced751713988987e9331980363e24189ce,,020401050204,2019_2019,nhdhr,NASA_NLDAS_2000_2019
142,4529.799999999999,28716487.51417111,0.9105938455787389,d751713988987e9331980363e24189ced751713988987e9331980363e24189ce,,020401050301,2019_2019,nhdhr,NASA_NLDAS_2000_2019
143,8146.7,49842425.775823094,1.5804929533175764,d751713988987e9331980363e24189ced751713988987e9331980363e24189ce,,020401050302,2019_2019,nhdhr,NASA_NLDAS_2000_2019
144,7913.700000000001,52434514.79220145,1.6626875568303352,d751713988987e9331980363e24189ced751713988987e9331980363e24189ce,,020401050303,2019_2019,nhdhr,NASA_NLDAS_2000_2019
145,5815.8,27712205.12611716,0.8787482599605898,d751713988987e9331980363e24189ced751713988987e9331980363e24189ce,,020401050401,2019_2019,nhdhr,NASA_NLDAS_2000_2019
146,8731.3,46919040.48235379,1.4877930137732684,d751713988987e9331980363e24189ced751713988987e9331980363e24189ce,,020401050402,2019_2019,nhdhr,NASA_NLDAS_2000_2019
147,8270.9,54665266.45988564,1.733424228180037,d751713988987e9331980363e24189ced751713988987e9331980363e24189ce,,020401050501,2019_2019,nhdhr,NASA_NLDAS_2000_2019
148,11473.2,58858384.764415875,1.8663871373800063,d751713988987e9331980363e24189ced751713988987e9331980363e24189ce,,020401050502,2019_2019,nhdhr,NASA_NLDAS_2000_2019
149,8362.199999999999,43648508.89088422,1.3840851373314378,d751713988987e9331980363e24189ced751713988987e9331980363e24189ce,,020401050503,2019_2019,nhdhr,NASA_NLDAS_2000_2019
150,10744.2,57798193.78996627,1.8327687021171446,d751713988987e9331980363e24189ced751713988987e9331980363e24189ce,,020401050504,2019_2019,nhdhr,NASA_NLDAS_2000_2019
151,12530.7,81143953.37152787,2.5730578821514416,d751713988987e9331980363e24189ced751713988987e9331980363e24189ce,,020401050601,2019_2019,nhdhr,NASA_NLDAS_2000_2019
152,11475.4,72793025.86292253,2.3082517079820692,d751713988987e9331980363e24189ced751713988987e9331980363e24189ce,,020401050602,2019_2019,nhdhr,NASA_NLDAS_2000_2019
153,14460.5,95177872.06766093,3.018070524722886,d751713988987e9331980363e24189ced751713988987e9331980363e24189ce,,020401050603,2019_2019,nhdhr,NASA_NLDAS_2000_2019
154,7653.200000000001,40283192.82923427,1.277371665056896,d751713988987e9331980363e24189ced751713988987e9331980363e24189ce,,020401050604,2019_2019,nhdhr,NASA_NLDAS_2000_2019
155,9121.300000000001,68113458.33930501,2.159863595234177,d751713988987e9331980363e24189ced751713988987e9331980363e24189ce,,020401050605,2019_2019,nhdhr,NASA_NLDAS_2000_2019
156,11361.099999999999,63369104.87487612,2.0094211337796843,d751713988987e9331980363e24189ced751713988987e9331980363e24189ce,,020401050701,2019_2019,nhdhr,NASA_NLDAS_2000_2019
157,10169.0,55825717.09191697,1.7702218763291784,d751713988987e9331980363e24189ced751713988987e9331980363e24189ce,,020401050702,2019_2019,nhdhr,NASA_NLDAS_2000_2019
158,6834.999999999999,34993529.449756436,1.1096375396295166,d751713988987e9331980363e24189ced751713988987e9331980363e24189ce,,020401050703,2019_2019,nhdhr,NASA_NLDAS_2000_2019
159,8959.800000000001,41643220.32408172,1.320497854010709,d751713988987e9331980363e24189ced751713988987e9331980363e24189ce,,020401050801,2019_2019,nhdhr,NASA_NLDAS_2000_2019
160,3411.5,15143172.220675085,0.4801868410919294,d751713988987e9331980363e24189ced751713988987e9331980363e24189ce,,020401050802,2019_2019,nhdhr,NASA_NLDAS_2000_2019
161,11153.3,71027028.03905761,2.2522522843435318,d751713988987e9331980363e24189ced751713988987e9331980363e24189ce,,020401050803,2019_2019,nhdhr,NASA_NLDAS_2000_2019
162,4556.1,23056013.605759922,0.7311013954134933,d751713988987e9331980363e24189ced751713988987e9331980363e24189ce,,020401050901,2019_2019,nhdhr,NASA_NLDAS_2000_2019
163,3764.7,18732610.02209647,0.5940071671136627,d751713988987e9331980363e24189ced751713988987e9331980363e24189ce,,020401050902,2019_2019,nhdhr,NASA_NLDAS_2000_2019
164,6227.299999999999,30845676.603498135,0.9781099886954,d751713988987e9331980363e24189ced751713988987e9331980363e24189ce,,020401050903,2019_2019,nhdhr,NASA_NLDAS_2000_2019
165,12454.600000000002,68400691.7544819,2.1689717070802224,d751713988987e9331980363e24189ced751713988987e9331980363e24189ce,,020401050904,2019_2019,nhdhr,NASA_NLDAS_2000_2019
166,6094.000000000002,28091955.714741703,0.8907900721315862,d751713988987e9331980363e24189ced751713988987e9331980363e24189ce,,020401050905,2019_2019,nhdhr,NASA_NLDAS_2000_2019
167,6912.8,33953874.325590916,1.076670291907373,d751713988987e9331980363e24189ced751713988987e9331980363e24189ce,,020401050906,2019_2019,nhdhr,NASA_NLDAS_2000_2019
168,3918.2000000000003,19298885.67363764,0.611963650229504,d751713988987e9331980363e24189ced751713988987e9331980363e24189ce,,020401050907,2019_2019,nhdhr,NASA_NLDAS_2000_2019
169,9303.6,48444533.62281112,1.53616608392983,d751713988987e9331980363e24189ced751713988987e9331980363e24189ce,,020401050908,2019_2019,nhdhr,NASA_NLDAS_2000_2019
170,10186.199999999999,53703834.709975116,1.7029374273837874,d751713988987e9331980363e24189ced751713988987e9331980363e24189ce,,020401050909,2019_2019,nhdhr,NASA_NLDAS_2000_2019
171,9544.999999999998,49532620.920564786,1.5706691058017752,d751713988987e9331980363e24189ced751713988987e9331980363e24189ce,,020401050910,2019_2019,nhdhr,NASA_NLDAS_2000_2019
172,5935.1,35498243.99962431,1.1256419330170064,d751713988987e9331980363e24189ced751713988987e9331980363e24189ce,,020401050911,2019_2019,nhdhr,NASA_NLDAS_2000_2019
173,6469.200000000001,37893144.26550632,1.2015837222699872,d751713988987e9331980363e24189ced751713988987e9331980363e24189ce,,020401060101,2019_2019,nhdhr,NASA_NLDAS_2000_2019
174,12564.8,73813846.35309093,2.3406217133780736,d751713988987e9331980363e24189ced751713988987e9331980363e24189ce,,020401060102,2019_2019,nhdhr,NASA_NLDAS_2000_2019
175,8042.4,54269223.30052609,1.7208657819801525,d751713988987e9331980363e24189ced751713988987e9331980363e24189ce,,020401060103,2019_2019,nhdhr,NASA_NLDAS_2000_2019
176,5407.3,32128276.166657016,1.0187809540416355,d751713988987e9331980363e24189ced751713988987e9331980363e24189ce,,020401060104,2019_2019,nhdhr,NASA_NLDAS_2000_2019
177,15242.5,90761624.08746462,2.87803221992214,d751713988987e9331980363e24189ced751713988987e9331980363e24189ce,,020401060201,2019_2019,nhdhr,NASA_NLDAS_2000_2019
178,3898.6,22461569.087115336,0.7122516833813843,d751713988987e9331980363e24189ced751713988987e9331980363e24189ce,,020401060202,2019_2019,nhdhr,NASA_NLDAS_2000_2019
179,13118.899999999998,80710052.67755608,2.5592989814039853,d751713988987e9331980363e24189ced751713988987e9331980363e24189ce,,020401060203,2019_2019,nhdhr,NASA_NLDAS_2000_2019
180,14126.199999999999,91344354.43379803,2.896510477987,d751713988987e9331980363e24189ced751713988987e9331980363e24189ce,,020401060204,2019_2019,nhdhr,NASA_NLDAS_2000_2019
181,4477.7,27284828.291430436,0.865196229433994,d751713988987e9331980363e24189ced751713988987e9331980363e24189ce,,020401060301,2019_2019,nhdhr,NASA_NLDAS_2000_2019
182,5775.999999999999,37287739.24837795,1.1823864551109193,d751713988987e9331980363e24189ced751713988987e9331980363e24189ce,,020401060302,2019_2019,nhdhr,NASA_NLDAS_2000_2019
183,9829.5,59186096.07078578,1.8767787947357237,d751713988987e9331980363e24189ced751713988987e9331980363e24189ce,,020401060303,2019_2019,nhdhr,NASA_NLDAS_2000_2019
184,15774.199999999999,97626071.26249923,3.095702411926028,d751713988987e9331980363e24189ced751713988987e9331980363e24189ce,,020401060304,2019_2019,nhdhr,NASA_NLDAS_2000_2019
185,5045.400000000001,32835131.236086227,1.0411951812559053,d751713988987e9331980363e24189ced751713988987e9331980363e24189ce,,020401060305,2019_2019,nhdhr,NASA_NLDAS_2000_2019
186,5910.4,36866712.34238646,1.1690357795023611,d751713988987e9331980363e24189ced751713988987e9331980363e24189ce,,020401060306,2019_2019,nhdhr,NASA_NLDAS_2000_2019
187,4595.299999999999,30060239.440891687,0.9532039396528312,d751713988987e9331980363e24189ced751713988987e9331980363e24189ce,,020401060307,2019_2019,nhdhr,NASA_NLDAS_2000_2019
188,8624.0,55528452.62746996,1.7607956819973984,d751713988987e9331980363e24189ced751713988987e9331980363e24189ce,,020401060308,2019_2019,nhdhr,NASA_NLDAS_2000_2019
189,9925.399999999998,60637944.80204229,1.92281661599576,d751713988987e9331980363e24189ced751713988987e9331980363e24189ce,,020401060309,2019_2019,nhdhr,NASA_NLDAS_2000_2019
190,11282.599999999999,73882323.68312764,2.3427931152691412,d751713988987e9331980363e24189ced751713988987e9331980363e24189ce,,020401060310,2019_2019,nhdhr,NASA_NLDAS_2000_2019
191,4787.1,28024096.279127855,0.8886382635441354,d751713988987e9331980363e24189ced751713988987e9331980363e24189ce,,020401060401,2019_2019,nhdhr,NASA_NLDAS_2000_2019
192,8062.4,46463858.54647709,1.4733592892718508,d751713988987e9331980363e24189ced751713988987e9331980363e24189ce,,020401060402,2019_2019,nhdhr,NASA_NLDAS_2000_2019
193,5718.499999999999,41540312.27792659,1.317234661273674,d751713988987e9331980363e24189ced751713988987e9331980363e24189ce,,020401060403,2019_2019,nhdhr,NASA_NLDAS_2000_2019
194,9400.199999999999,60547520.40125499,1.9199492770565383,d751713988987e9331980363e24189ced751713988987e9331980363e24189ce,,020401060404,2019_2019,nhdhr,NASA_NLDAS_2000_2019
195,10971.0,65867655.405080624,2.0886496513533936,d751713988987e9331980363e24189ced751713988987e9331980363e24189ce,,020401060501,2019_2019,nhdhr,NASA_NLDAS_2000_2019
196,9269.2,57487887.4810181,1.8229289536091484,d751713988987e9331980363e24189ced751713988987e9331980363e24189ce,,020401060502,2019_2019,nhdhr,NASA_NLDAS_2000_2019
197,10949.3,69234442.75849456,2.195409777983719,d751713988987e9331980363e24189ced751713988987e9331980363e24189ce,,020401060601,2019_2019,nhdhr,NASA_NLDAS_2000_2019
198,10298.2,70243043.20262833,2.2273922882619335,d751713988987e9331980363e24189ced751713988987e9331980363e24189ce,,020401060602,2019_2019,nhdhr,NASA_NLDAS_2000_2019
199,6121.6,41805740.15507565,1.325651324044763,d751713988987e9331980363e24189ced751713988987e9331980363e24189ce,,020401060701,2019_2019,nhdhr,NASA_NLDAS_2000_2019
200,11566.699999999999,62859144.793014176,1.9932504056638183,d751713988987e9331980363e24189ced751713988987e9331980363e24189ce,,020401060702,2019_2019,nhdhr,NASA_NLDAS_2000_2019
201,10102.699999999999,56097657.132112406,1.7788450384358323,d751713988987e9331980363e24189ced751713988987e9331980363e24189ce,,020401060703,2019_2019,nhdhr,NASA_NLDAS_2000_2019
202,13320.400000000001,82779352.16058648,2.6249160375629907,d751713988987e9331980363e24189ced751713988987e9331980363e24189ce,,020401060801,2019_2019,nhdhr,NASA_NLDAS_2000_2019
203,5786.799999999999,36612729.669577874,1.1609820417801202,d751713988987e9331980363e24189ced751713988987e9331980363e24189ce,,020401060802,2019_2019,nhdhr,NASA_NLDAS_2000_2019
204,2508.7999999999997,15594365.750472317,0.4944940940662201,d751713988987e9331980363e24189ced751713988987e9331980363e24189ce,,020401060803,2019_2019,nhdhr,NASA_NLDAS_2000_2019
205,9955.399999999998,63891543.915974684,2.025987567097117,d751713988987e9331980363e24189ced751713988987e9331980363e24189ce,,020401060804,2019_2019,nhdhr,NASA_NLDAS_2000_2019
206,3989.5,24115855.92541604,0.7647087749053793,d751713988987e9331980363e24189ced751713988987e9331980363e24189ce,,020401060805,2019_2019,nhdhr,NASA_NLDAS_2000_2019
207,6546.8,41589847.46041518,1.318805411606265,d751713988987e9331980363e24189ced751713988987e9331980363e24189ce,,020401060806,2019_2019,nhdhr,NASA_NLDAS_2000_2019
208,5046.799999999998,32124844.492268447,1.018672136360618,d751713988987e9331980363e24189ced751713988987e9331980363e24189ce,,020401060807,2019_2019,nhdhr,NASA_NLDAS_2000_2019
209,4058.0,26243003.262397762,0.8321601744798884,d751713988987e9331980363e24189ced751713988987e9331980363e24189ce,,020401060808,2019_2019,nhdhr,NASA_NLDAS_2000_2019
210,4059.2,25424877.46122485,0.8062175755081447,d751713988987e9331980363e24189ced751713988987e9331980363e24189ce,,020401060809,2019_2019,nhdhr,NASA_NLDAS_2000_2019
211,8629.6,56073317.350853235,1.7780732290351735,d751713988987e9331980363e24189ced751713988987e9331980363e24189ce,,020401060810,2019_2019,nhdhr,NASA_NLDAS_2000_2019
212,14980.800000000001,92352691.90424836,2.928484649424415,d751713988987e9331980363e24189ced751713988987e9331980363e24189ce,,020401060811,2019_2019,nhdhr,NASA_NLDAS_2000_2019
213,1572.8000000000002,8983670.253885156,0.2848703150014319,d751713988987e9331980363e24189ced751713988987e9331980363e24189ce,,020401060812,2019_2019,nhdhr,NASA_NLDAS_2000_2019
214,10235.2,106122008.58196878,3.3651068170335106,d751713988987e9331980363e24189ced751713988987e9331980363e24189ce,,020401060813,2019_2019,nhdhr,NASA_NLDAS_2000_2019
215,6668.3,28736826.83940465,0.9112388013509846,d751713988987e9331980363e24189ced751713988987e9331980363e24189ce,,020402010101,2019_2019,nhdhr,NASA_NLDAS_2000_2019
216,3972.6000000000004,18701553.69825384,0.5930223775448326,d751713988987e9331980363e24189ced751713988987e9331980363e24189ce,,020402010102,2019_2019,nhdhr,NASA_NLDAS_2000_2019
217,11262.399999999998,50297767.165346324,1.5949317340609566,d751713988987e9331980363e24189ced751713988987e9331980363e24189ce,,020402010103,2019_2019,nhdhr,NASA_NLDAS_2000_2019
218,6788.099999999999,31935417.983109616,1.0126654611589807,d751713988987e9331980363e24189ced751713988987e9331980363e24189ce,,020402010104,2019_2019,nhdhr,NASA_NLDAS_2000_2019
219,8525.0,53980184.35859347,1.7117004172562618,d751713988987e9331980363e24189ced751713988987e9331980363e24189ce,,020402010105,2019_2019,nhdhr,NASA_NLDAS_2000_2019
220,8008.500000000001,41099573.12112519,1.303258914292402,d751713988987e9331980363e24189ced751713988987e9331980363e24189ce,,020402010201,2019_2019,nhdhr,NASA_NLDAS_2000_2019
221,6460.1,46740055.215606,1.4821174281965372,d751713988987e9331980363e24189ced751713988987e9331980363e24189ce,,020402010202,2019_2019,nhdhr,NASA_NLDAS_2000_2019
222,11150.8,69187834.45676306,2.1939318384310966,d751713988987e9331980363e24189ced751713988987e9331980363e24189ce,,020402010203,2019_2019,nhdhr,NASA_NLDAS_2000_2019
223,8848.6,53934434.627415985,1.7102497027973105,d751713988987e9331980363e24189ced751713988987e9331980363e24189ce,,020402010204,2019_2019,nhdhr,NASA_NLDAS_2000_2019
224,8892.0,45386949.62062377,1.4392107312475826,d751713988987e9331980363e24189ced751713988987e9331980363e24189ce,,020402010301,2019_2019,nhdhr,NASA_NLDAS_2000_2019
225,4415.5,24274710.119334728,0.7697460083502894,d751713988987e9331980363e24189ced751713988987e9331980363e24189ce,,020402010302,2019_2019,nhdhr,NASA_NLDAS_2000_2019
226,11853.099999999999,69354199.63074192,2.1992072434913092,d751713988987e9331980363e24189ced751713988987e9331980363e24189ce,,020402010303,2019_2019,nhdhr,NASA_NLDAS_2000_2019
227,6077.4,31109641.90737101,0.9864802735721401,d751713988987e9331980363e24189ced751713988987e9331980363e24189ce,,020402010401,2019_2019,nhdhr,NASA_NLDAS_2000_2019
228,3541.8,16518924.625267548,0.5238116636627204,d751713988987e9331980363e24189ced751713988987e9331980363e24189ce,,020402010402,2019_2019,nhdhr,NASA_NLDAS_2000_2019
229,2673.6000000000004,16892380.101719372,0.5356538591362053,d751713988987e9331980363e24189ced751713988987e9331980363e24189ce,,020402010403,2019_2019,nhdhr,NASA_NLDAS_2000_2019
230,5072.799999999999,50490558.2783088,1.6010451001493151,d751713988987e9331980363e24189ced751713988987e9331980363e24189ce,,020402010404,2019_2019,nhdhr,NASA_NLDAS_2000_2019
231,5237.400000000001,31498475.00229724,0.9988100901286543,d751713988987e9331980363e24189ced751713988987e9331980363e24189ce,,020402010405,2019_2019,nhdhr,NASA_NLDAS_2000_2019
232,11927.899999999998,55266034.73212317,1.7524744651231343,d751713988987e9331980363e24189ced751713988987e9331980363e24189ce,,020402010406,2019_2019,nhdhr,NASA_NLDAS_2000_2019
233,5886.599999999999,58593560.81556778,1.8579896250497139,d751713988987e9331980363e24189ced751713988987e9331980363e24189ce,,020402010407,2019_2019,nhdhr,NASA_NLDAS_2000_2019
234,6934.4000000000015,36427873.752402656,1.1551202990995262,d751713988987e9331980363e24189ced751713988987e9331980363e24189ce,,020402020101,2019_2019,nhdhr,NASA_NLDAS_2000_2019
235,12095.300000000001,58561624.73054514,1.8569769384368702,d751713988987e9331980363e24189ced751713988987e9331980363e24189ce,,020402020102,2019_2019,nhdhr,NASA_NLDAS_2000_2019
236,12785.800000000001,56934231.05959912,1.8053726236554768,d751713988987e9331980363e24189ced751713988987e9331980363e24189ce,,020402020103,2019_2019,nhdhr,NASA_NLDAS_2000_2019
237,5953.999999999999,34069309.4337205,1.0803307151737855,d751713988987e9331980363e24189ced751713988987e9331980363e24189ce,,020402020104,2019_2019,nhdhr,NASA_NLDAS_2000_2019
238,8699.099999999999,39955332.76231578,1.2669752905351275,d751713988987e9331980363e24189ced751713988987e9331980363e24189ce,,020402020201,2019_2019,nhdhr,NASA_NLDAS_2000_2019
239,11965.199999999999,60627512.150650576,1.9224857987902897,d751713988987e9331980363e24189ced751713988987e9331980363e24189ce,,020402020202,2019_2019,nhdhr,NASA_NLDAS_2000_2019
240,7635.900000000001,34771606.93785569,1.1026004229406294,d751713988987e9331980363e24189ced751713988987e9331980363e24189ce,,020402020203,2019_2019,nhdhr,NASA_NLDAS_2000_2019
241,14722.400000000001,66396199.30634929,2.1054096685169106,d751713988987e9331980363e24189ced751713988987e9331980363e24189ce,,020402020204,2019_2019,nhdhr,NASA_NLDAS_2000_2019
242,5593.499999999999,33017589.121644635,1.0469808828527598,d751713988987e9331980363e24189ced751713988987e9331980363e24189ce,,020402020301,2019_2019,nhdhr,NASA_NLDAS_2000_2019
243,8150.400000000001,57591955.19708377,1.8262289192378163,d751713988987e9331980363e24189ced751713988987e9331980363e24189ce,,020402020302,2019_2019,nhdhr,NASA_NLDAS_2000_2019
244,7131.1,47252562.30975042,1.4983689215420606,d751713988987e9331980363e24189ced751713988987e9331980363e24189ce,,020402020303,2019_2019,nhdhr,NASA_NLDAS_2000_2019
245,7386.400000000001,73241426.69063157,2.3224704049540708,d751713988987e9331980363e24189ced751713988987e9331980363e24189ce,,020402020304,2019_2019,nhdhr,NASA_NLDAS_2000_2019
246,3374.5,22095562.51294715,0.7006456910498208,d751713988987e9331980363e24189ced751713988987e9331980363e24189ce,,020402020305,2019_2019,nhdhr,NASA_NLDAS_2000_2019
247,9104.599999999999,58410234.59823242,1.8521763888328393,d751713988987e9331980363e24189ced751713988987e9331980363e24189ce,,020402020401,2019_2019,nhdhr,NASA_NLDAS_2000_2019
248,8300.4,82750631.32362977,2.624005305797494,d751713988987e9331980363e24189ced751713988987e9331980363e24189ce,,020402020402,2019_2019,nhdhr,NASA_NLDAS_2000_2019
249,6173.5,43427133.556205116,1.3770653715184271,d751713988987e9331980363e24189ced751713988987e9331980363e24189ce,,020402020403,2019_2019,nhdhr,NASA_NLDAS_2000_2019
250,10391.800000000001,54499575.925664276,1.7281702158061985,d751713988987e9331980363e24189ced751713988987e9331980363e24189ce,,020402020404,2019_2019,nhdhr,NASA_NLDAS_2000_2019
251,10552.800000000001,422539312.1850824,13.398633694351927,d751713988987e9331980363e24189ced751713988987e9331980363e24189ce,,020402020405,2019_2019,nhdhr,NASA_NLDAS_2000_2019
252,5024.5,23957768.44962404,0.7596958539327765,d751713988987e9331980363e24189ced751713988987e9331980363e24189ce,,020402020501,2019_2019,nhdhr,NASA_NLDAS_2000_2019
253,6615.4,33335749.539409757,1.0570696835175595,d751713988987e9331980363e24189ced751713988987e9331980363e24189ce,,020402020502,2019_2019,nhdhr,NASA_NLDAS_2000_2019
254,4717.6,45079976.800607726,1.4294766869802045,d751713988987e9331980363e24189ced751713988987e9331980363e24189ce,,020402020503,2019_2019,nhdhr,NASA_NLDAS_2000_2019
255,5762.1,33236786.07125279,1.0539315725283103,d751713988987e9331980363e24189ced751713988987e9331980363e24189ce,,020402020504,2019_2019,nhdhr,NASA_NLDAS_2000_2019
256,13810.5,69743004.94639105,2.211536179172725,d751713988987e9331980363e24189ced751713988987e9331980363e24189ce,,020402020505,2019_2019,nhdhr,NASA_NLDAS_2000_2019
257,12853.7,90886295.1596146,2.8819855136864088,d751713988987e9331980363e24189ced751713988987e9331980363e24189ce,,020402020506,2019_2019,nhdhr,NASA_NLDAS_2000_2019
258,7833.799999999999,237054086.3654183,7.5169357675487785,d751713988987e9331980363e24189ced751713988987e9331980363e24189ce,,020402020507,2019_2019,nhdhr,NASA_NLDAS_2000_2019
259,9806.399999999998,53182301.04401476,1.6863997033236542,d751713988987e9331980363e24189ced751713988987e9331980363e24189ce,,020402020601,2019_2019,nhdhr,NASA_NLDAS_2000_2019
260,9780.1,50536062.28392541,1.6024880227018456,d751713988987e9331980363e24189ced751713988987e9331980363e24189ce,,020402020602,2019_2019,nhdhr,NASA_NLDAS_2000_2019
261,2984.3,16710069.22179857,0.5298728190575397,d751713988987e9331980363e24189ced751713988987e9331980363e24189ce,,020402020603,2019_2019,nhdhr,NASA_NLDAS_2000_2019
262,4942.0,25088770.434624948,0.7955596916103801,d751713988987e9331980363e24189ced751713988987e9331980363e24189ce,,020402020604,2019_2019,nhdhr,NASA_NLDAS_2000_2019
263,9217.5,63137577.99749828,2.0020794646593822,d751713988987e9331980363e24189ced751713988987e9331980363e24189ce,,020402020605,2019_2019,nhdhr,NASA_NLDAS_2000_2019
264,11610.800000000001,60480834.18887661,1.9178346711338345,d751713988987e9331980363e24189ced751713988987e9331980363e24189ce,,020402020606,2019_2019,nhdhr,NASA_NLDAS_2000_2019
265,11048.7,160656269.37701038,5.0943768828326474,d751713988987e9331980363e24189ced751713988987e9331980363e24189ce,,020402020607,2019_2019,nhdhr,NASA_NLDAS_2000_2019
266,15288.3,89251382.53333019,2.8301427743953003,d751713988987e9331980363e24189ced751713988987e9331980363e24189ce,,020402020608,2019_2019,nhdhr,NASA_NLDAS_2000_2019
267,11274.800000000001,71359786.15373974,2.2628039749410114,d751713988987e9331980363e24189ced751713988987e9331980363e24189ce,,020402030101,2019_2019,nhdhr,NASA_NLDAS_2000_2019
268,14996.9,99114412.26370578,3.1428973954751958,d751713988987e9331980363e24189ced751713988987e9331980363e24189ce,,020402030102,2019_2019,nhdhr,NASA_NLDAS_2000_2019
269,8837.3,54899548.92211442,1.7408532763227555,d751713988987e9331980363e24189ced751713988987e9331980363e24189ce,,020402030103,2019_2019,nhdhr,NASA_NLDAS_2000_2019
270,6490.4,43382203.15189712,1.375640637744074,d751713988987e9331980363e24189ced751713988987e9331980363e24189ce,,020402030201,2019_2019,nhdhr,NASA_NLDAS_2000_2019
271,4809.299999999999,25654065.82912333,0.813485090979304,d751713988987e9331980363e24189ced751713988987e9331980363e24189ce,,020402030202,2019_2019,nhdhr,NASA_NLDAS_2000_2019
272,9107.2,52322825.69068542,1.6591459186544084,d751713988987e9331980363e24189ced751713988987e9331980363e24189ce,,020402030203,2019_2019,nhdhr,NASA_NLDAS_2000_2019
273,11365.2,72811859.52763796,2.3088489195724873,d751713988987e9331980363e24189ced751713988987e9331980363e24189ce,,020402030204,2019_2019,nhdhr,NASA_NLDAS_2000_2019
274,4437.0,27879732.466232378,0.8840605170672368,d751713988987e9331980363e24189ced751713988987e9331980363e24189ce,,020402030205,2019_2019,nhdhr,NASA_NLDAS_2000_2019
275,4376.2,23811156.692483157,0.7550468256114649,d751713988987e9331980363e24189ced751713988987e9331980363e24189ce,,020402030206,2019_2019,nhdhr,NASA_NLDAS_2000_2019
276,12040.2,67465853.12556383,2.139328168618843,d751713988987e9331980363e24189ced751713988987e9331980363e24189ce,,020402030207,2019_2019,nhdhr,NASA_NLDAS_2000_2019
277,7281.199999999999,45708130.20201982,1.449395300672876,d751713988987e9331980363e24189ced751713988987e9331980363e24189ce,,020402030301,2019_2019,nhdhr,NASA_NLDAS_2000_2019
278,4622.700000000002,28825385.02531799,0.9140469630047561,d751713988987e9331980363e24189ced751713988987e9331980363e24189ce,,020402030302,2019_2019,nhdhr,NASA_NLDAS_2000_2019
279,5942.200000000001,37332194.37281887,1.1837961178595533,d751713988987e9331980363e24189ced751713988987e9331980363e24189ce,,020402030303,2019_2019,nhdhr,NASA_NLDAS_2000_2019
280,8353.9,48262309.01366202,1.5303877794793892,d751713988987e9331980363e24189ced751713988987e9331980363e24189ce,,020402030304,2019_2019,nhdhr,NASA_NLDAS_2000_2019
281,14223.300000000001,89387649.05891465,2.834463757575934,d751713988987e9331980363e24189ced751713988987e9331980363e24189ce,,020402030305,2019_2019,nhdhr,NASA_NLDAS_2000_2019
282,5613.7,32161783.823018514,1.019843474854722,d751713988987e9331980363e24189ced751713988987e9331980363e24189ce,,020402030306,2019_2019,nhdhr,NASA_NLDAS_2000_2019
283,9399.399999999998,55319151.38970466,1.7541587832859165,d751713988987e9331980363e24189ced751713988987e9331980363e24189ce,,020402030307,2019_2019,nhdhr,NASA_NLDAS_2000_2019
284,4178.3,22524000.175132986,0.7142313601957441,d751713988987e9331980363e24189ced751713988987e9331980363e24189ce,,020402030401,2019_2019,nhdhr,NASA_NLDAS_2000_2019
285,10093.099999999999,77518077.08419864,2.4580820993213672,d751713988987e9331980363e24189ced751713988987e9331980363e24189ce,,020402030402,2019_2019,nhdhr,NASA_NLDAS_2000_2019
286,8905.2,44362294.17194109,1.406719120114824,d751713988987e9331980363e24189ced751713988987e9331980363e24189ce,,020402030403,2019_2019,nhdhr,NASA_NLDAS_2000_2019
287,5701.5,30082782.04670867,0.9539187609940598,d751713988987e9331980363e24189ced751713988987e9331980363e24189ce,,020402030404,2019_2019,nhdhr,NASA_NLDAS_2000_2019
288,5160.499999999999,27650006.105259787,0.8767759419476087,d751713988987e9331980363e24189ced751713988987e9331980363e24189ce,,020402030405,2019_2019,nhdhr,NASA_NLDAS_2000_2019
289,7988.599999999999,43220429.68938173,1.3705108348992179,d751713988987e9331980363e24189ced751713988987e9331980363e24189ce,,020402030406,2019_2019,nhdhr,NASA_NLDAS_2000_2019
290,3777.7999999999993,22931959.610884562,0.7271676690412405,d751713988987e9331980363e24189ced751713988987e9331980363e24189ce,,020402030407,2019_2019,nhdhr,NASA_NLDAS_2000_2019
291,5632.2,31532509.450475216,0.9998893154006601,d751713988987e9331980363e24189ced751713988987e9331980363e24189ce,,020402030408,2019_2019,nhdhr,NASA_NLDAS_2000_2019
292,4948.6,28609066.30227024,0.9071875412947185,d751713988987e9331980363e24189ced751713988987e9331980363e24189ce,,020402030409,2019_2019,nhdhr,NASA_NLDAS_2000_2019
293,6100.400000000001,32246709.71660296,1.02253645727432,d751713988987e9331980363e24189ced751713988987e9331980363e24189ce,,020402030501,2019_2019,nhdhr,NASA_NLDAS_2000_2019
294,4020.9,20586075.423555925,0.6527801694430468,d751713988987e9331980363e24189ced751713988987e9331980363e24189ce,,020402030502,2019_2019,nhdhr,NASA_NLDAS_2000_2019
295,13547.5,72804159.80143645,2.3086047628563056,d751713988987e9331980363e24189ced751713988987e9331980363e24189ce,,020402030503,2019_2019,nhdhr,NASA_NLDAS_2000_2019
296,4536.700000000001,24408433.717130557,0.7739863558197158,d751713988987e9331980363e24189ced751713988987e9331980363e24189ce,,020402030601,2019_2019,nhdhr,NASA_NLDAS_2000_2019
297,6516.1,34716131.17131357,1.100841297923439,d751713988987e9331980363e24189ced751713988987e9331980363e24189ce,,020402030602,2019_2019,nhdhr,NASA_NLDAS_2000_2019
298,10129.800000000001,64041361.3424157,2.0307382465251047,d751713988987e9331980363e24189ced751713988987e9331980363e24189ce,,020402030603,2019_2019,nhdhr,NASA_NLDAS_2000_2019
299,6359.4,39565464.305343136,1.2546126428634936,d751713988987e9331980363e24189ced751713988987e9331980363e24189ce,,020402030604,2019_2019,nhdhr,NASA_NLDAS_2000_2019
300,4068.0,24621354.14791927,0.7807380183891195,d751713988987e9331980363e24189ced751713988987e9331980363e24189ce,,020402030605,2019_2019,nhdhr,NASA_NLDAS_2000_2019
301,4610.4,23166687.03787931,0.7346108269241283,d751713988987e9331980363e24189ced751713988987e9331980363e24189ce,,020402030606,2019_2019,nhdhr,NASA_NLDAS_2000_2019
302,4542.0,25394535.146110956,0.8052554270075772,d751713988987e9331980363e24189ced751713988987e9331980363e24189ce,,020402030607,2019_2019,nhdhr,NASA_NLDAS_2000_2019
303,5663.3,29397191.16938456,0.9321788168881456,d751713988987e9331980363e24189ced751713988987e9331980363e24189ce,,020402030608,2019_2019,nhdhr,NASA_NLDAS_2000_2019
304,10261.900000000001,82571474.92514649,2.6183242936690285,d751713988987e9331980363e24189ced751713988987e9331980363e24189ce,,020402030609,2019_2019,nhdhr,NASA_NLDAS_2000_2019
305,6654.6,34714754.21026008,1.100797634774863,d751713988987e9331980363e24189ced751713988987e9331980363e24189ce,,020402030610,2019_2019,nhdhr,NASA_NLDAS_2000_2019
306,7767.5,43349558.747428246,1.3746054904689322,d751713988987e9331980363e24189ced751713988987e9331980363e24189ce,,020402030611,2019_2019,nhdhr,NASA_NLDAS_2000_2019
307,5978.099999999999,31110628.627047997,0.9865115622478436,d751713988987e9331980363e24189ced751713988987e9331980363e24189ce,,020402030701,2019_2019,nhdhr,NASA_NLDAS_2000_2019
308,12137.300000000001,59562360.275322326,1.8887100543925142,d751713988987e9331980363e24189ced751713988987e9331980363e24189ce,,020402030702,2019_2019,nhdhr,NASA_NLDAS_2000_2019
309,4648.8,24631396.024715956,0.781056444213469,d751713988987e9331980363e24189ced751713988987e9331980363e24189ce,,020402030801,2019_2019,nhdhr,NASA_NLDAS_2000_2019
310,6141.0,32923104.016677886,1.0439847798287,d751713988987e9331980363e24189ced751713988987e9331980363e24189ce,,020402030802,2019_2019,nhdhr,NASA_NLDAS_2000_2019
311,4498.9,23842789.71635966,0.7560499022184063,d751713988987e9331980363e24189ced751713988987e9331980363e24189ce,,020402030803,2019_2019,nhdhr,NASA_NLDAS_2000_2019
312,12614.800000000003,67070595.821987525,2.1267946417423746,d751713988987e9331980363e24189ced751713988987e9331980363e24189ce,,020402030804,2019_2019,nhdhr,NASA_NLDAS_2000_2019
313,14346.7,77274117.71969734,2.4503461986205397,d751713988987e9331980363e24189ced751713988987e9331980363e24189ce,,020402030805,2019_2019,nhdhr,NASA_NLDAS_2000_2019
314,10980.2,61307083.23016835,1.9440348563599807,d751713988987e9331980363e24189ced751713988987e9331980363e24189ce,,020402030806,2019_2019,nhdhr,NASA_NLDAS_2000_2019
315,15771.599999999999,96020082.4582041,3.044776841013575,d751713988987e9331980363e24189ced751713988987e9331980363e24189ce,,020402030807,2019_2019,nhdhr,NASA_NLDAS_2000_2019
316,14437.900000000001,85435601.49873403,2.709145151532662,d751713988987e9331980363e24189ced751713988987e9331980363e24189ce,,020402030808,2019_2019,nhdhr,NASA_NLDAS_2000_2019
317,9828.5,63814558.09259514,2.023546362652053,d751713988987e9331980363e24189ced751713988987e9331980363e24189ce,,020402030809,2019_2019,nhdhr,NASA_NLDAS_2000_2019
318,7119.200000000001,46307714.35410898,1.4684079894123854,d751713988987e9331980363e24189ced751713988987e9331980363e24189ce,,020402030901,2019_2019,nhdhr,NASA_NLDAS_2000_2019
319,9361.0,56690284.66117862,1.7976371341063742,d751713988987e9331980363e24189ced751713988987e9331980363e24189ce,,020402030902,2019_2019,nhdhr,NASA_NLDAS_2000_2019
320,3749.6000000000004,18793457.862547792,0.5959366394770356,d751713988987e9331980363e24189ced751713988987e9331980363e24189ce,,020402031001,2019_2019,nhdhr,NASA_NLDAS_2000_2019
321,8272.8,56932420.101627834,1.805315198554916,d751713988987e9331980363e24189ced751713988987e9331980363e24189ce,,020402031002,2019_2019,nhdhr,NASA_NLDAS_2000_2019
322,10011.2,49086248.3057942,1.556514723040151,d751713988987e9331980363e24189ced751713988987e9331980363e24189ce,,020402031003,2019_2019,nhdhr,NASA_NLDAS_2000_2019
323,6015.4,31458663.26012665,0.9975476680659136,d751713988987e9331980363e24189ced751713988987e9331980363e24189ce,,020402031004,2019_2019,nhdhr,NASA_NLDAS_2000_2019
324,5485.000000000001,30676200.34628789,0.9727359318330762,d751713988987e9331980363e24189ced751713988987e9331980363e24189ce,,020402031005,2019_2019,nhdhr,NASA_NLDAS_2000_2019
325,13094.8,85817078.38307837,2.7212417041818355,d751713988987e9331980363e24189ced751713988987e9331980363e24189ce,,020402031006,2019_2019,nhdhr,NASA_NLDAS_2000_2019
326,13642.5,103477137.12181164,3.2812384932081318,d751713988987e9331980363e24189ced751713988987e9331980363e24189ce,,020402031007,2019_2019,nhdhr,NASA_NLDAS_2000_2019
327,8210.8,73419015.46713646,2.3281017081156916,d751713988987e9331980363e24189ced751713988987e9331980363e24189ce,,020402031008,2019_2019,nhdhr,NASA_NLDAS_2000_2019
328,120.6,1547494.4190947416,0.04907072612553087,d751713988987e9331980363e24189ced751713988987e9331980363e24189ce,,020402040000,2019_2019,nhdhr,NASA_NLDAS_2000_2019
329,5053.4,25879774.305440646,0.8206422598122985,d751713988987e9331980363e24189ced751713988987e9331980363e24189ce,,020402050101,2019_2019,nhdhr,NASA_NLDAS_2000_2019
330,4644.9,23180889.13108512,0.7350611723454186,d751713988987e9331980363e24189ced751713988987e9331980363e24189ce,,020402050102,2019_2019,nhdhr,NASA_NLDAS_2000_2019
331,11164.599999999999,56313542.80747082,1.7856907282937222,d751713988987e9331980363e24189ced751713988987e9331980363e24189ce,,020402050103,2019_2019,nhdhr,NASA_NLDAS_2000_2019
332,5330.299999999999,27815067.302923303,0.8820099981901098,d751713988987e9331980363e24189ced751713988987e9331980363e24189ce,,020402050104,2019_2019,nhdhr,NASA_NLDAS_2000_2019
333,5410.2,34989314.327929325,1.1095038789931928,d751713988987e9331980363e24189ced751713988987e9331980363e24189ce,,020402050105,2019_2019,nhdhr,NASA_NLDAS_2000_2019
334,1247.3,6729928.002528206,0.21340461702588173,d751713988987e9331980363e24189ced751713988987e9331980363e24189ce,,020402050201,2019_2019,nhdhr,NASA_NLDAS_2000_2019
335,15015.700000000004,79473360.33134373,2.520083724357678,d751713988987e9331980363e24189ced751713988987e9331980363e24189ce,,020402050202,2019_2019,nhdhr,NASA_NLDAS_2000_2019
336,5608.000000000001,24510346.25835806,0.7772179813025768,d751713988987e9331980363e24189ced751713988987e9331980363e24189ce,,020402050203,2019_2019,nhdhr,NASA_NLDAS_2000_2019
337,6960.599999999999,32508360.76233689,1.0308333575068775,d751713988987e9331980363e24189ced751713988987e9331980363e24189ce,,020402050204,2019_2019,nhdhr,NASA_NLDAS_2000_2019
338,6053.599999999999,28941600.00461149,0.9177321158235505,d751713988987e9331980363e24189ced751713988987e9331980363e24189ce,,020402050205,2019_2019,nhdhr,NASA_NLDAS_2000_2019
339,3530.1,16691122.507375086,0.5292720226843951,d751713988987e9331980363e24189ced751713988987e9331980363e24189ce,,020402050301,2019_2019,nhdhr,NASA_NLDAS_2000_2019
340,2573.7,11413733.930515047,0.3619271286946679,d751713988987e9331980363e24189ced751713988987e9331980363e24189ce,,020402050302,2019_2019,nhdhr,NASA_NLDAS_2000_2019
341,8670.899999999998,41515947.97740413,1.3164620743722772,d751713988987e9331980363e24189ced751713988987e9331980363e24189ce,,020402050303,2019_2019,nhdhr,NASA_NLDAS_2000_2019
342,4534.400000000001,22943062.465166256,0.7275197382409391,d751713988987e9331980363e24189ced751713988987e9331980363e24189ce,,020402050304,2019_2019,nhdhr,NASA_NLDAS_2000_2019
343,2603.7000000000003,14344133.885904115,0.4548495017092883,d751713988987e9331980363e24189ced751713988987e9331980363e24189ce,,020402050305,2019_2019,nhdhr,NASA_NLDAS_2000_2019
344,5654.8,27459063.866529994,0.8707212032765727,d751713988987e9331980363e24189ced751713988987e9331980363e24189ce,,020402050306,2019_2019,nhdhr,NASA_NLDAS_2000_2019
345,6886.4,31267411.762261763,0.9914831228520345,d751713988987e9331980363e24189ced751713988987e9331980363e24189ce,,020402050307,2019_2019,nhdhr,NASA_NLDAS_2000_2019
346,7130.299999999999,32737877.55842818,1.0381112873677125,d751713988987e9331980363e24189ced751713988987e9331980363e24189ce,,020402050308,2019_2019,nhdhr,NASA_NLDAS_2000_2019
347,7640.6,37175070.38466014,1.1788137488793804,d751713988987e9331980363e24189ced751713988987e9331980363e24189ce,,020402050401,2019_2019,nhdhr,NASA_NLDAS_2000_2019
348,6461.6,30038170.086641487,0.9525041250203414,d751713988987e9331980363e24189ced751713988987e9331980363e24189ce,,020402050402,2019_2019,nhdhr,NASA_NLDAS_2000_2019
349,2890.6,15359543.174067039,0.4870479190153171,d751713988987e9331980363e24189ced751713988987e9331980363e24189ce,,020402050403,2019_2019,nhdhr,NASA_NLDAS_2000_2019
350,3848.6000000000004,18861733.011138402,0.5981016302365044,d751713988987e9331980363e24189ced751713988987e9331980363e24189ce,,020402050501,2019_2019,nhdhr,NASA_NLDAS_2000_2019
351,6320.199999999999,32166170.390669372,1.0199825720024533,d751713988987e9331980363e24189ced751713988987e9331980363e24189ce,,020402050502,2019_2019,nhdhr,NASA_NLDAS_2000_2019
352,3623.6000000000004,19966920.91488737,0.6331469087673569,d751713988987e9331980363e24189ced751713988987e9331980363e24189ce,,020402050503,2019_2019,nhdhr,NASA_NLDAS_2000_2019
353,2518.3,13066511.41256637,0.41433635884596554,d751713988987e9331980363e24189ced751713988987e9331980363e24189ce,,020402050504,2019_2019,nhdhr,NASA_NLDAS_2000_2019
354,3391.6,21517640.501265395,0.6823199042765536,d751713988987e9331980363e24189ced751713988987e9331980363e24189ce,,020402050505,2019_2019,nhdhr,NASA_NLDAS_2000_2019
355,1790.1,15154208.558901982,0.48053680108136676,d751713988987e9331980363e24189ced751713988987e9331980363e24189ce,,020402050601,2019_2019,nhdhr,NASA_NLDAS_2000_2019
356,2575.8999999999996,14420699.573815651,0.4572773837460569,d751713988987e9331980363e24189ced751713988987e9331980363e24189ce,,020402050602,2019_2019,nhdhr,NASA_NLDAS_2000_2019
357,2028.5,13412788.809980765,0.4253167430866554,d751713988987e9331980363e24189ced751713988987e9331980363e24189ce,,020402050701,2019_2019,nhdhr,NASA_NLDAS_2000_2019
358,2787.4,15931642.461304355,0.5051890684076723,d751713988987e9331980363e24189ced751713988987e9331980363e24189ce,,020402050702,2019_2019,nhdhr,NASA_NLDAS_2000_2019
359,3016.3,158811637.51006866,5.035883990045303,d751713988987e9331980363e24189ced751713988987e9331980363e24189ce,,020402050703,2019_2019,nhdhr,NASA_NLDAS_2000_2019
360,2577.3,12076374.950394526,0.3829393375949558,d751713988987e9331980363e24189ced751713988987e9331980363e24189ce,,020402050704,2019_2019,nhdhr,NASA_NLDAS_2000_2019
361,7429.900000000001,42910109.1872464,1.3606706363282088,d751713988987e9331980363e24189ced751713988987e9331980363e24189ce,,020402050705,2019_2019,nhdhr,NASA_NLDAS_2000_2019
362,2952.5,15489018.172343008,0.4911535442777463,d751713988987e9331980363e24189ced751713988987e9331980363e24189ce,,020402050801,2019_2019,nhdhr,NASA_NLDAS_2000_2019
363,11746.5,61037576.16420826,1.9354888433602315,d751713988987e9331980363e24189ced751713988987e9331980363e24189ce,,020402050802,2019_2019,nhdhr,NASA_NLDAS_2000_2019
364,8259.9,40685510.00859993,1.290129059126076,d751713988987e9331980363e24189ced751713988987e9331980363e24189ce,,020402050803,2019_2019,nhdhr,NASA_NLDAS_2000_2019
365,3728.7000000000007,18357321.771624845,0.5821068547572567,d751713988987e9331980363e24189ced751713988987e9331980363e24189ce,,020402060101,2019_2019,nhdhr,NASA_NLDAS_2000_2019
366,11020.800000000001,57372270.479224525,1.8192627625324875,d751713988987e9331980363e24189ced751713988987e9331980363e24189ce,,020402060102,2019_2019,nhdhr,NASA_NLDAS_2000_2019
367,3239.1,30444442.183314122,0.9653869286946386,d751713988987e9331980363e24189ced751713988987e9331980363e24189ce,,020402060103,2019_2019,nhdhr,NASA_NLDAS_2000_2019
368,4068.5999999999995,19855845.040340498,0.629624715891061,d751713988987e9331980363e24189ced751713988987e9331980363e24189ce,,020402060104,2019_2019,nhdhr,NASA_NLDAS_2000_2019
369,3046.7000000000003,17665835.637484062,0.5601799732839948,d751713988987e9331980363e24189ced751713988987e9331980363e24189ce,,020402060105,2019_2019,nhdhr,NASA_NLDAS_2000_2019
370,9580.900000000001,50397901.79829151,1.598106982442019,d751713988987e9331980363e24189ced751713988987e9331980363e24189ce,,020402060106,2019_2019,nhdhr,NASA_NLDAS_2000_2019
371,8933.599999999999,41672497.99805071,1.3214262429620343,d751713988987e9331980363e24189ced751713988987e9331980363e24189ce,,020402060201,2019_2019,nhdhr,NASA_NLDAS_2000_2019
372,3178.3000000000006,14286586.085129445,0.4530246729176004,d751713988987e9331980363e24189ced751713988987e9331980363e24189ce,,020402060202,2019_2019,nhdhr,NASA_NLDAS_2000_2019
373,4977.6,24107407.58469816,0.7644408797786073,d751713988987e9331980363e24189ced751713988987e9331980363e24189ce,,020402060203,2019_2019,nhdhr,NASA_NLDAS_2000_2019
374,11774.100000000002,65163302.57960741,2.0663147697744613,d751713988987e9331980363e24189ced751713988987e9331980363e24189ce,,020402060301,2019_2019,nhdhr,NASA_NLDAS_2000_2019
375,9338.300000000003,47925116.03601057,1.5196954602996757,d751713988987e9331980363e24189ced751713988987e9331980363e24189ce,,020402060302,2019_2019,nhdhr,NASA_NLDAS_2000_2019
376,5634.6,24680234.594624758,0.7826051051060616,d751713988987e9331980363e24189ced751713988987e9331980363e24189ce,,020402060303,2019_2019,nhdhr,NASA_NLDAS_2000_2019
377,7657.799999999999,34519054.60867081,1.0945920411171617,d751713988987e9331980363e24189ced751713988987e9331980363e24189ce,,020402060401,2019_2019,nhdhr,NASA_NLDAS_2000_2019
378,11946.500000000002,55486291.42729563,1.7594587591100848,d751713988987e9331980363e24189ced751713988987e9331980363e24189ce,,020402060402,2019_2019,nhdhr,NASA_NLDAS_2000_2019
379,6325.299999999998,30675604.506771035,0.972717037885941,d751713988987e9331980363e24189ced751713988987e9331980363e24189ce,,020402060403,2019_2019,nhdhr,NASA_NLDAS_2000_2019
380,8509.099999999999,42749368.48802243,1.3555735821924921,d751713988987e9331980363e24189ced751713988987e9331980363e24189ce,,020402060404,2019_2019,nhdhr,NASA_NLDAS_2000_2019
381,12054.500000000002,64874722.41518324,2.05716395278993,d751713988987e9331980363e24189ced751713988987e9331980363e24189ce,,020402060405,2019_2019,nhdhr,NASA_NLDAS_2000_2019
382,4918.0,24931823.04063839,0.7905829223946724,d751713988987e9331980363e24189ced751713988987e9331980363e24189ce,,020402060501,2019_2019,nhdhr,NASA_NLDAS_2000_2019
383,3760.7999999999993,20295498.58968054,0.6435660384855575,d751713988987e9331980363e24189ced751713988987e9331980363e24189ce,,020402060502,2019_2019,nhdhr,NASA_NLDAS_2000_2019
384,10029.0,49490869.22875755,1.5693451683395976,d751713988987e9331980363e24189ced751713988987e9331980363e24189ce,,020402060503,2019_2019,nhdhr,NASA_NLDAS_2000_2019
385,4967.400000000001,23430756.54548729,0.7429844160796324,d751713988987e9331980363e24189ced751713988987e9331980363e24189ce,,020402060504,2019_2019,nhdhr,NASA_NLDAS_2000_2019
386,6351.2,33805241.36266889,1.0719571715711849,d751713988987e9331980363e24189ced751713988987e9331980363e24189ce,,020402060505,2019_2019,nhdhr,NASA_NLDAS_2000_2019
387,9266.3,44835849.7958305,1.4217354704410992,d751713988987e9331980363e24189ced751713988987e9331980363e24189ce,,020402060506,2019_2019,nhdhr,NASA_NLDAS_2000_2019
388,11263.800000000001,51578984.76351241,1.6355588775847416,d751713988987e9331980363e24189ced751713988987e9331980363e24189ce,,020402060507,2019_2019,nhdhr,NASA_NLDAS_2000_2019
389,4040.5999999999995,20772187.460913263,0.6586817434333226,d751713988987e9331980363e24189ced751713988987e9331980363e24189ce,,020402060601,2019_2019,nhdhr,NASA_NLDAS_2000_2019
390,7076.300000000001,44004032.011386424,1.3953587015279816,d751713988987e9331980363e24189ced751713988987e9331980363e24189ce,,020402060602,2019_2019,nhdhr,NASA_NLDAS_2000_2019
391,4723.2,30599484.412142526,0.9703032855194865,d751713988987e9331980363e24189ced751713988987e9331980363e24189ce,,020402060603,2019_2019,nhdhr,NASA_NLDAS_2000_2019
392,14175.9,82223886.7632534,2.60730234535938,d751713988987e9331980363e24189ced751713988987e9331980363e24189ce,,020402060604,2019_2019,nhdhr,NASA_NLDAS_2000_2019
393,11825.100000000004,88045162.10327072,2.7918937754715474,d751713988987e9331980363e24189ced751713988987e9331980363e24189ce,,020402060605,2019_2019,nhdhr,NASA_NLDAS_2000_2019
394,7870.6,49836975.64397528,1.5803201307703982,d751713988987e9331980363e24189ced751713988987e9331980363e24189ce,,020402060701,2019_2019,nhdhr,NASA_NLDAS_2000_2019
395,17086.3,86843632.78609793,2.7537935307616035,d751713988987e9331980363e24189ced751713988987e9331980363e24189ce,,020402060702,2019_2019,nhdhr,NASA_NLDAS_2000_2019
396,8072.399999999999,69000298.12642188,2.1879851004065793,d751713988987e9331980363e24189ced751713988987e9331980363e24189ce,,020402060703,2019_2019,nhdhr,NASA_NLDAS_2000_2019
397,9183.2,46517924.52394046,1.4750737101706133,d751713988987e9331980363e24189ced751713988987e9331980363e24189ce,,020402070101,2019_2019,nhdhr,NASA_NLDAS_2000_2019
398,7039.5,29541931.778491963,0.9367685114945448,d751713988987e9331980363e24189ced751713988987e9331980363e24189ce,,020402070102,2019_2019,nhdhr,NASA_NLDAS_2000_2019
399,1877.3999999999999,11393072.35558055,0.361271954451438,d751713988987e9331980363e24189ced751713988987e9331980363e24189ce,,020402070103,2019_2019,nhdhr,NASA_NLDAS_2000_2019
400,7301.2,35123822.57334785,1.1137691074755154,d751713988987e9331980363e24189ced751713988987e9331980363e24189ce,,020402070201,2019_2019,nhdhr,NASA_NLDAS_2000_2019
401,5478.0,23029913.695121326,0.7302737726763485,d751713988987e9331980363e24189ced751713988987e9331980363e24189ce,,020402070202,2019_2019,nhdhr,NASA_NLDAS_2000_2019
402,6240.999999999999,42929236.11429808,1.3612771472063065,d751713988987e9331980363e24189ced751713988987e9331980363e24189ce,,020402070203,2019_2019,nhdhr,NASA_NLDAS_2000_2019
403,6401.4,37347904.84682284,1.1842942937221856,d751713988987e9331980363e24189ced751713988987e9331980363e24189ce,,020402070204,2019_2019,nhdhr,NASA_NLDAS_2000_2019
404,5796.200000000001,45144907.439252384,1.4315356240249995,d751713988987e9331980363e24189ced751713988987e9331980363e24189ce,,020402070205,2019_2019,nhdhr,NASA_NLDAS_2000_2019
405,9814.0,46799178.511453226,1.4839922156092473,d751713988987e9331980363e24189ced751713988987e9331980363e24189ce,,020402070301,2019_2019,nhdhr,NASA_NLDAS_2000_2019
406,3623.3999999999996,18149517.50385582,0.5755174246529624,d751713988987e9331980363e24189ced751713988987e9331980363e24189ce,,020402070302,2019_2019,nhdhr,NASA_NLDAS_2000_2019
407,2528.7999999999997,12422885.170196936,0.39392710458513874,d751713988987e9331980363e24189ced751713988987e9331980363e24189ce,,020402070303,2019_2019,nhdhr,NASA_NLDAS_2000_2019
408,6338.799999999999,28456619.871482763,0.9023534966857801,d751713988987e9331980363e24189ced751713988987e9331980363e24189ce,,020402070304,2019_2019,nhdhr,NASA_NLDAS_2000_2019
409,5348.5,26735422.486882214,0.8477746856570971,d751713988987e9331980363e24189ced751713988987e9331980363e24189ce,,020402070401,2019_2019,nhdhr,NASA_NLDAS_2000_2019
410,5003.200000000001,25256740.979750045,0.8008860026556965,d751713988987e9331980363e24189ced751713988987e9331980363e24189ce,,020402070402,2019_2019,nhdhr,NASA_NLDAS_2000_2019
411,7208.4,35384715.02457613,1.1220419528340984,d751713988987e9331980363e24189ced751713988987e9331980363e24189ce,,020402070403,2019_2019,nhdhr,NASA_NLDAS_2000_2019
412,3306.0000000000005,16764725.999970276,0.5316059741238672,d751713988987e9331980363e24189ced751713988987e9331980363e24189ce,,020402070404,2019_2019,nhdhr,NASA_NLDAS_2000_2019
413,4122.099999999999,32955822.800046626,1.0450222856432847,d751713988987e9331980363e24189ced751713988987e9331980363e24189ce,,020402070405,2019_2019,nhdhr,NASA_NLDAS_2000_2019
414,1640.5,16949271.555340458,0.5374578752961839,d751713988987e9331980363e24189ced751713988987e9331980363e24189ce,,020402070406,2019_2019,nhdhr,NASA_NLDAS_2000_2019
415,6923.5,35034428.33673217,1.1109344348278847,d751713988987e9331980363e24189ced751713988987e9331980363e24189ce,,020402070501,2019_2019,nhdhr,NASA_NLDAS_2000_2019
416,4480.099999999999,21859304.587006267,0.6931540013637197,d751713988987e9331980363e24189ced751713988987e9331980363e24189ce,,020402070502,2019_2019,nhdhr,NASA_NLDAS_2000_2019
417,6495.9,33700146.02117781,1.0686246201540404,d751713988987e9331980363e24189ced751713988987e9331980363e24189ce,,020402070503,2019_2019,nhdhr,NASA_NLDAS_2000_2019
418,3859.7999999999997,15520574.512007976,0.4921541892442915,d751713988987e9331980363e24189ced751713988987e9331980363e24189ce,,020402070504,2019_2019,nhdhr,NASA_NLDAS_2000_2019
419,4329.1,15731726.90047325,0.49884978755940035,d751713988987e9331980363e24189ced751713988987e9331980363e24189ce,,020402070505,2019_2019,nhdhr,NASA_NLDAS_2000_2019
420,4154.900000000001,11706075.070660869,0.3711972054369885,d751713988987e9331980363e24189ced751713988987e9331980363e24189ce,,020402070506,2019_2019,nhdhr,NASA_NLDAS_2000_2019
421,1552.6999999999998,16478734.168428114,0.5225372326366093,d751713988987e9331980363e24189ced751713988987e9331980363e24189ce,,020402070507,2019_2019,nhdhr,NASA_NLDAS_2000_2019
422,7423.099999999999,36593024.868590124,1.1603572066397172,d751713988987e9331980363e24189ced751713988987e9331980363e24189ce,,020402070601,2019_2019,nhdhr,NASA_NLDAS_2000_2019
423,7626.300000000001,30758609.26789093,0.9753491015947149,d751713988987e9331980363e24189ced751713988987e9331980363e24189ce,,020402070602,2019_2019,nhdhr,NASA_NLDAS_2000_2019
424,6031.800000000001,22887111.231965195,0.7257455362748984,d751713988987e9331980363e24189ced751713988987e9331980363e24189ce,,020402070603,2019_2019,nhdhr,NASA_NLDAS_2000_2019
425,5248.199999999999,20415972.502963252,0.6473862412152224,d751713988987e9331980363e24189ced751713988987e9331980363e24189ce,,020402070604,2019_2019,nhdhr,NASA_NLDAS_2000_2019
426,218.20000000000002,2590991.7534245653,0.08215980953274243,d751713988987e9331980363e24189ced751713988987e9331980363e24189ce,,020402070605,2019_2019,nhdhr,NASA_NLDAS_2000_2019
427,8985.5,40791203.273903355,1.2934805705829324,d751713988987e9331980363e24189ced751713988987e9331980363e24189ce,,020403010301,2019_2019,nhdhr,NASA_NLDAS_2000_2019
428,8594.6,39764701.66099936,1.2609304179667478,d751713988987e9331980363e24189ced751713988987e9331980363e24189ce,,020403010302,2019_2019,nhdhr,NASA_NLDAS_2000_2019
429,7547.900000000001,37025646.68564724,1.1740755544662367,d751713988987e9331980363e24189ced751713988987e9331980363e24189ce,,020403010303,2019_2019,nhdhr,NASA_NLDAS_2000_2019
430,8814.1,46089252.4372708,1.461480607473072,d751713988987e9331980363e24189ced751713988987e9331980363e24189ce,,020403010304,2019_2019,nhdhr,NASA_NLDAS_2000_2019
431,7614.6,38880042.31598692,1.2328780541599098,d751713988987e9331980363e24189ced751713988987e9331980363e24189ce,,020403010305,2019_2019,nhdhr,NASA_NLDAS_2000_2019
432,6928.799999999999,37443605.43927632,1.1873289396016085,d751713988987e9331980363e24189ced751713988987e9331980363e24189ce,,020403010306,2019_2019,nhdhr,NASA_NLDAS_2000_2019
433,6639.5,29943948.68412807,0.9495163839462224,d751713988987e9331980363e24189ced751713988987e9331980363e24189ce,,020403010402,2019_2019,nhdhr,NASA_NLDAS_2000_2019
434,7323.299999999999,33437538.95257925,1.0602974046353135,d751713988987e9331980363e24189ced751713988987e9331980363e24189ce,,020403010403,2019_2019,nhdhr,NASA_NLDAS_2000_2019
435,8235.2,52798155.947302975,1.6742185422153404,d751713988987e9331980363e24189ced751713988987e9331980363e24189ce,,020403010405,2019_2019,nhdhr,NASA_NLDAS_2000_2019
436,4125.900000000001,26546938.21162714,0.8417978884965481,d751713988987e9331980363e24189ced751713988987e9331980363e24189ce,,020403010406,2019_2019,nhdhr,NASA_NLDAS_2000_2019
437,6024.4,40366564.22099026,1.2800153545468753,d751713988987e9331980363e24189ced751713988987e9331980363e24189ce,,020403010407,2019_2019,nhdhr,NASA_NLDAS_2000_2019
438,9415.599999999999,45256190.658085145,1.4350643917454702,d751713988987e9331980363e24189ced751713988987e9331980363e24189ce,,020403010501,2019_2019,nhdhr,NASA_NLDAS_2000_2019
439,8979.7,38656008.869344965,1.2257740001694877,d751713988987e9331980363e24189ced751713988987e9331980363e24189ce,,020403010502,2019_2019,nhdhr,NASA_NLDAS_2000_2019
440,11392.3,50427683.12635478,1.5990513421599053,d751713988987e9331980363e24189ced751713988987e9331980363e24189ce,,020403010503,2019_2019,nhdhr,NASA_NLDAS_2000_2019
441,10935.2,53141620.57992242,1.6851097342694832,d751713988987e9331980363e24189ced751713988987e9331980363e24189ce,,020403010504,2019_2019,nhdhr,NASA_NLDAS_2000_2019
442,7193.000000000001,17142355.83465959,0.5435805376287288,d751713988987e9331980363e24189ced751713988987e9331980363e24189ce,,020403010505,2019_2019,nhdhr,NASA_NLDAS_2000_2019
443,5477.500000000001,24040774.154106006,0.7623279475553655,d751713988987e9331980363e24189ced751713988987e9331980363e24189ce,,020403010601,2019_2019,nhdhr,NASA_NLDAS_2000_2019
444,9124.499999999998,41731354.93113377,1.3232925840669003,d751713988987e9331980363e24189ced751713988987e9331980363e24189ce,,020403010602,2019_2019,nhdhr,NASA_NLDAS_2000_2019
445,12310.9,56633850.24691098,1.7958476105692218,d751713988987e9331980363e24189ced751713988987e9331980363e24189ce,,020403010603,2019_2019,nhdhr,NASA_NLDAS_2000_2019
446,11243.800000000001,53243369.961639754,1.6883361859982164,d751713988987e9331980363e24189ced751713988987e9331980363e24189ce,,020403010604,2019_2019,nhdhr,NASA_NLDAS_2000_2019
447,12722.4,55538190.32159733,1.7611044622525789,d751713988987e9331980363e24189ced751713988987e9331980363e24189ce,,020403010605,2019_2019,nhdhr,NASA_NLDAS_2000_2019
448,14522.999999999998,56596889.404185526,1.794675589934853,d751713988987e9331980363e24189ced751713988987e9331980363e24189ce,,020403010606,2019_2019,nhdhr,NASA_NLDAS_2000_2019
449,8273.5,35207243.07679608,1.1164143542870395,d751713988987e9331980363e24189ced751713988987e9331980363e24189ce,,020403010607,2019_2019,nhdhr,NASA_NLDAS_2000_2019
450,5586.5,24312346.04376591,0.7709394356851189,d751713988987e9331980363e24189ced751713988987e9331980363e24189ce,,020403010608,2019_2019,nhdhr,NASA_NLDAS_2000_2019
451,7640.3,33969082.20357122,1.077152530554643,d751713988987e9331980363e24189ced751713988987e9331980363e24189ce,,020403010609,2019_2019,nhdhr,NASA_NLDAS_2000_2019
452,8818.600000000004,35960794.122456565,1.140309301194082,d751713988987e9331980363e24189ced751713988987e9331980363e24189ce,,020403010610,2019_2019,nhdhr,NASA_NLDAS_2000_2019
453,8306.400000000001,45505084.756579734,1.44295677183472,d751713988987e9331980363e24189ced751713988987e9331980363e24189ce,,020403010701,2019_2019,nhdhr,NASA_NLDAS_2000_2019
454,6426.0,39309569.786254525,1.2464982808934084,d751713988987e9331980363e24189ced751713988987e9331980363e24189ce,,020403010702,2019_2019,nhdhr,NASA_NLDAS_2000_2019
455,4495.0,31083046.211630445,0.9856369295925432,d751713988987e9331980363e24189ced751713988987e9331980363e24189ce,,020403010703,2019_2019,nhdhr,NASA_NLDAS_2000_2019
456,7727.4,52700783.47147457,1.6711308812618777,d751713988987e9331980363e24189ced751713988987e9331980363e24189ce,,020403010704,2019_2019,nhdhr,NASA_NLDAS_2000_2019
457,7635.599999999999,50743303.17386188,1.6090595882122616,d751713988987e9331980363e24189ced751713988987e9331980363e24189ce,,020403010705,2019_2019,nhdhr,NASA_NLDAS_2000_2019
458,8022.599999999999,35638425.74564124,1.130087067023124,d751713988987e9331980363e24189ced751713988987e9331980363e24189ce,,020403020101,2019_2019,nhdhr,NASA_NLDAS_2000_2019
459,3631.2999999999997,17734511.624208458,0.5623576745373052,d751713988987e9331980363e24189ced751713988987e9331980363e24189ce,,020403020102,2019_2019,nhdhr,NASA_NLDAS_2000_2019
460,4484.700000000001,20889107.207756393,0.6623892442845127,d751713988987e9331980363e24189ced751713988987e9331980363e24189ce,,020403020103,2019_2019,nhdhr,NASA_NLDAS_2000_2019
461,5756.8,27056276.989533156,0.8579489151932127,d751713988987e9331980363e24189ced751713988987e9331980363e24189ce,,020403020104,2019_2019,nhdhr,NASA_NLDAS_2000_2019
462,3167.1999999999994,14343146.863572745,0.45481820343647716,d751713988987e9331980363e24189ced751713988987e9331980363e24189ce,,020403020105,2019_2019,nhdhr,NASA_NLDAS_2000_2019
463,7102.7,32788484.492478985,1.0397160227193996,d751713988987e9331980363e24189ced751713988987e9331980363e24189ce,,020403020106,2019_2019,nhdhr,NASA_NLDAS_2000_2019
464,5197.300000000001,22765773.687034585,0.721897947965328,d751713988987e9331980363e24189ced751713988987e9331980363e24189ce,,020403020107,2019_2019,nhdhr,NASA_NLDAS_2000_2019
465,7457.0999999999985,34576575.910339385,1.0964160296277075,d751713988987e9331980363e24189ced751713988987e9331980363e24189ce,,020403020108,2019_2019,nhdhr,NASA_NLDAS_2000_2019
466,7687.2,33865353.261210404,1.0738633073696855,d751713988987e9331980363e24189ced751713988987e9331980363e24189ce,,020403020201,2019_2019,nhdhr,NASA_NLDAS_2000_2019
467,11390.800000000001,52295234.96865016,1.6582710225979884,d751713988987e9331980363e24189ced751713988987e9331980363e24189ce,,020403020202,2019_2019,nhdhr,NASA_NLDAS_2000_2019
468,7812.0999999999985,36509637.37616476,1.1577130066008612,d751713988987e9331980363e24189ced751713988987e9331980363e24189ce,,020403020203,2019_2019,nhdhr,NASA_NLDAS_2000_2019
469,8932.800000000001,39750162.38337712,1.2604693804977525,d751713988987e9331980363e24189ced751713988987e9331980363e24189ce,,020403020204,2019_2019,nhdhr,NASA_NLDAS_2000_2019
470,7787.599999999999,28483307.345631413,0.9031997509396059,d751713988987e9331980363e24189ced751713988987e9331980363e24189ce,,020403020205,2019_2019,nhdhr,NASA_NLDAS_2000_2019
471,7917.400000000001,35783371.7823936,1.1346832756974123,d751713988987e9331980363e24189ced751713988987e9331980363e24189ce,,020403020301,2019_2019,nhdhr,NASA_NLDAS_2000_2019
472,7583.700000000001,32972876.595377438,1.0455630579457584,d751713988987e9331980363e24189ced751713988987e9331980363e24189ce,,020403020302,2019_2019,nhdhr,NASA_NLDAS_2000_2019
473,6373.3,28895734.640824456,0.916277734678604,d751713988987e9331980363e24189ced751713988987e9331980363e24189ce,,020403020303,2019_2019,nhdhr,NASA_NLDAS_2000_2019
474,3794.6000000000004,13452204.157965692,0.42656659557222515,d751713988987e9331980363e24189ced751713988987e9331980363e24189ce,,020403020304,2019_2019,nhdhr,NASA_NLDAS_2000_2019
475,6677.799999999999,24984304.50564212,0.792247098732944,d751713988987e9331980363e24189ced751713988987e9331980363e24189ce,,020403020401,2019_2019,nhdhr,NASA_NLDAS_2000_2019
476,7384.700000000001,32163271.016019236,1.0198906334354148,d751713988987e9331980363e24189ced751713988987e9331980363e24189ce,,020403020402,2019_2019,nhdhr,NASA_NLDAS_2000_2019
477,6715.300000000001,41635398.099218324,1.3202498128874405,d751713988987e9331980363e24189ced751713988987e9331980363e24189ce,,020403020403,2019_2019,nhdhr,NASA_NLDAS_2000_2019
478,4442.0,21781634.283887308,0.6906910922085017,d751713988987e9331980363e24189ced751713988987e9331980363e24189ce,,020403020404,2019_2019,nhdhr,NASA_NLDAS_2000_2019
479,6420.9000000000015,34906496.365719065,1.106877738638986,d751713988987e9331980363e24189ced751713988987e9331980363e24189ce,,020403020405,2019_2019,nhdhr,NASA_NLDAS_2000_2019
480,5413.999999999999,25346873.936665684,0.803744099970373,d751713988987e9331980363e24189ced751713988987e9331980363e24189ce,,020403020406,2019_2019,nhdhr,NASA_NLDAS_2000_2019
481,3960.7,17705828.075977013,0.5614481251895298,d751713988987e9331980363e24189ced751713988987e9331980363e24189ce,,020403020407,2019_2019,nhdhr,NASA_NLDAS_2000_2019
482,6769.9,44166411.88855608,1.4005077336553804,d751713988987e9331980363e24189ced751713988987e9331980363e24189ce,,020403020408,2019_2019,nhdhr,NASA_NLDAS_2000_2019
483,2434.7999999999997,11969298.576603113,0.37954396805565427,d751713988987e9331980363e24189ced751713988987e9331980363e24189ce,,020403030101,2019_2019,nhdhr,NASA_NLDAS_2000_2019
