,NYrs,NRur,NUrb,NLU,SedDelivRatio,WxYrBeg,WxYrEnd,huc,land_use_source,stream_layer,weather_source
0,20,10,6,16,0.12029498274614134,2000,2019,020401010101,2019_2019,nhdhr,NASA_NLDAS_2000_2019
1,20,10,6,16,0.12991458439736328,2000,2019,020401010102,2019_2019,nhdhr,NASA_NLDAS_2000_2019
2,20,10,6,16,0.1293623811840007,2000,2019,020401010103,2019_2019,nhdhr,NASA_NLDAS_2000_2019
3,20,10,6,16,0.12663545271078408,2000,2019,020401010104,2019_2019,nhdhr,NASA_NLDAS_2000_2019
4,20,10,6,16,0.10452413830075463,2000,2019,020401010105,2019_2019,nhdhr,NASA_NLDAS_2000_2019
5,20,10,6,16,0.11847185388107143,2000,2019,020401010106,2019_2019,nhdhr,NASA_NLDAS_2000_2019
6,20,10,6,16,0.12333845427637968,2000,2019,020401010201,2019_2019,nhdhr,NASA_NLDAS_2000_2019
7,20,10,6,16,0.12310393499575965,2000,2019,020401010202,2019_2019,nhdhr,NASA_NLDAS_2000_2019
8,20,10,6,16,0.13007128790299388,2000,2019,020401010203,2019_2019,nhdhr,NASA_NLDAS_2000_2019
9,20,10,6,16,0.13473077417838333,2000,2019,020401010204,2019_2019,nhdhr,NASA_NLDAS_2000_2019
10,20,10,6,16,0.10650542114219391,2000,2019,020401010205,2019_2019,nhdhr,NASA_NLDAS_2000_2019
11,20,10,6,16,0.10619377157090254,2000,2019,020401010206,2019_2019,nhdhr,NASA_NLDAS_2000_2019
12,20,10,6,16,0.10413973634413297,2000,2019,020401010207,2019_2019,nhdhr,NASA_NLDAS_2000_2019
13,20,10,6,16,0.12234208951857932,2000,2019,020401010301,2019_2019,nhdhr,NASA_NLDAS_2000_2019
14,20,10,6,16,0.11788313695325102,2000,2019,020401010302,2019_2019,nhdhr,NASA_NLDAS_2000_2019
15,20,10,6,16,0.12016087754719677,2000,2019,020401010303,2019_2019,nhdhr,NASA_NLDAS_2000_2019
16,20,10,6,16,0.13501213730658623,2000,2019,020401010304,2019_2019,nhdhr,NASA_NLDAS_2000_2019
17,20,10,6,16,0.11602231988242317,2000,2019,020401010305,2019_2019,nhdhr,NASA_NLDAS_2000_2019
18,20,10,6,16,0.1433842318934216,2000,2019,020401010306,2019_2019,nhdhr,NASA_NLDAS_2000_2019
19,20,10,6,16,0.11628915396699818,2000,2019,020401010307,2019_2019,nhdhr,NASA_NLDAS_2000_2019
20,20,10,6,16,0.13293779070443537,2000,2019,020401010401,2019_2019,nhdhr,NASA_NLDAS_2000_2019
21,20,10,6,16,0.11851648215978314,2000,2019,020401010402,2019_2019,nhdhr,NASA_NLDAS_2000_2019
22,20,10,6,16,0.1348943659659263,2000,2019,020401010403,2019_2019,nhdhr,NASA_NLDAS_2000_2019
23,20,10,6,16,0.134242363152108,2000,2019,020401010404,2019_2019,nhdhr,NASA_NLDAS_2000_2019
24,20,10,6,16,0.13002467872540183,2000,2019,020401010405,2019_2019,nhdhr,NASA_NLDAS_2000_2019
25,20,10,6,16,0.11664649517816689,2000,2019,020401010406,2019_2019,nhdhr,NASA_NLDAS_2000_2019
26,20,10,6,16,0.11166154469411475,2000,2019,020401010501,2019_2019,nhdhr,NASA_NLDAS_2000_2019
27,20,10,6,16,0.11656309427057629,2000,2019,020401010502,2019_2019,nhdhr,NASA_NLDAS_2000_2019
28,20,10,6,16,0.11972439898112279,2000,2019,020401010503,2019_2019,nhdhr,NASA_NLDAS_2000_2019
29,20,10,6,16,0.13109308048615825,2000,2019,020401010504,2019_2019,nhdhr,NASA_NLDAS_2000_2019
30,20,10,6,16,0.1426022135595386,2000,2019,020401010505,2019_2019,nhdhr,NASA_NLDAS_2000_2019
31,20,10,6,16,0.13102991021600885,2000,2019,020401010506,2019_2019,nhdhr,NASA_NLDAS_2000_2019
32,20,10,6,16,0.13614503012040796,2000,2019,020401010601,2019_2019,nhdhr,NASA_NLDAS_2000_2019
33,20,10,6,16,0.13426766942789292,2000,2019,020401010602,2019_2019,nhdhr,NASA_NLDAS_2000_2019
34,20,10,6,16,0.1067101574812418,2000,2019,020401010603,2019_2019,nhdhr,NASA_NLDAS_2000_2019
35,20,10,6,16,0.11485929103634536,2000,2019,020401010604,2019_2019,nhdhr,NASA_NLDAS_2000_2019
36,20,10,6,16,0.12185290406662572,2000,2019,020401010605,2019_2019,nhdhr,NASA_NLDAS_2000_2019
37,20,10,6,16,0.14011250175256312,2000,2019,020401010606,2019_2019,nhdhr,NASA_NLDAS_2000_2019
38,20,10,6,16,0.12293784145695193,2000,2019,020401020101,2019_2019,nhdhr,NASA_NLDAS_2000_2019
39,20,10,6,16,0.1258011079311787,2000,2019,020401020102,2019_2019,nhdhr,NASA_NLDAS_2000_2019
40,20,10,6,16,0.11718042001066013,2000,2019,020401020103,2019_2019,nhdhr,NASA_NLDAS_2000_2019
41,20,10,6,16,0.11583262363690626,2000,2019,020401020104,2019_2019,nhdhr,NASA_NLDAS_2000_2019
42,20,10,6,16,0.10584484446782456,2000,2019,020401020201,2019_2019,nhdhr,NASA_NLDAS_2000_2019
43,20,10,6,16,0.1067008161562499,2000,2019,020401020202,2019_2019,nhdhr,NASA_NLDAS_2000_2019
44,20,10,6,16,0.13961347457366677,2000,2019,020401020203,2019_2019,nhdhr,NASA_NLDAS_2000_2019
45,20,10,6,16,0.10583980004500003,2000,2019,020401020204,2019_2019,nhdhr,NASA_NLDAS_2000_2019
46,20,10,6,16,0.14058222657096633,2000,2019,020401020301,2019_2019,nhdhr,NASA_NLDAS_2000_2019
47,20,10,6,16,0.10593786646208471,2000,2019,020401020302,2019_2019,nhdhr,NASA_NLDAS_2000_2019
48,20,10,6,16,0.10767887291361042,2000,2019,020401020303,2019_2019,nhdhr,NASA_NLDAS_2000_2019
49,20,10,6,16,0.11758995660304106,2000,2019,020401020304,2019_2019,nhdhr,NASA_NLDAS_2000_2019
50,20,10,6,16,0.11739383167610967,2000,2019,020401020305,2019_2019,nhdhr,NASA_NLDAS_2000_2019
51,20,10,6,16,0.1281243103964684,2000,2019,020401020306,2019_2019,nhdhr,NASA_NLDAS_2000_2019
52,20,10,6,16,0.1296690388635793,2000,2019,020401020401,2019_2019,nhdhr,NASA_NLDAS_2000_2019
53,20,10,6,16,0.11532447753300214,2000,2019,020401020402,2019_2019,nhdhr,NASA_NLDAS_2000_2019
54,20,10,6,16,0.12640852861871954,2000,2019,020401020403,2019_2019,nhdhr,NASA_NLDAS_2000_2019
55,20,10,6,16,0.1207093586939681,2000,2019,020401020404,2019_2019,nhdhr,NASA_NLDAS_2000_2019
56,20,10,6,16,0.11722710641625125,2000,2019,020401020405,2019_2019,nhdhr,NASA_NLDAS_2000_2019
57,20,10,6,16,0.1270791793536208,2000,2019,020401020501,2019_2019,nhdhr,NASA_NLDAS_2000_2019
58,20,10,6,16,0.1152300064731438,2000,2019,020401020502,2019_2019,nhdhr,NASA_NLDAS_2000_2019
59,20,10,6,16,0.12759693617723514,2000,2019,020401020503,2019_2019,nhdhr,NASA_NLDAS_2000_2019
60,20,10,6,16,0.14552351108221934,2000,2019,020401020504,2019_2019,nhdhr,NASA_NLDAS_2000_2019
61,20,10,6,16,0.14050889694309426,2000,2019,020401020505,2019_2019,nhdhr,NASA_NLDAS_2000_2019
62,20,10,6,16,0.14349970744545787,2000,2019,020401020506,2019_2019,nhdhr,NASA_NLDAS_2000_2019
63,20,10,6,16,0.13195876718102617,2000,2019,020401020507,2019_2019,nhdhr,NASA_NLDAS_2000_2019
64,20,10,6,16,0.14673060887547712,2000,2019,020401030101,2019_2019,nhdhr,NASA_NLDAS_2000_2019
65,20,10,6,16,0.1346722825286941,2000,2019,020401030102,2019_2019,nhdhr,NASA_NLDAS_2000_2019
66,20,10,6,16,0.10390556011527993,2000,2019,020401030103,2019_2019,nhdhr,NASA_NLDAS_2000_2019
67,20,10,6,16,0.14623422575224002,2000,2019,020401030201,2019_2019,nhdhr,NASA_NLDAS_2000_2019
68,20,10,6,16,0.12449083832741736,2000,2019,020401030202,2019_2019,nhdhr,NASA_NLDAS_2000_2019
69,20,10,6,16,0.1316083583866706,2000,2019,020401030203,2019_2019,nhdhr,NASA_NLDAS_2000_2019
70,20,10,6,16,0.11291186680701967,2000,2019,020401030301,2019_2019,nhdhr,NASA_NLDAS_2000_2019
71,20,10,6,16,0.1115309476521666,2000,2019,020401030302,2019_2019,nhdhr,NASA_NLDAS_2000_2019
72,20,10,6,16,0.14878447556318017,2000,2019,020401030401,2019_2019,nhdhr,NASA_NLDAS_2000_2019
73,20,10,6,16,0.10486501426688273,2000,2019,020401030402,2019_2019,nhdhr,NASA_NLDAS_2000_2019
74,20,10,6,16,0.14572239323098454,2000,2019,020401030501,2019_2019,nhdhr,NASA_NLDAS_2000_2019
75,20,10,6,16,0.14658226453187104,2000,2019,020401030502,2019_2019,nhdhr,NASA_NLDAS_2000_2019
76,20,10,6,16,0.11255246707539222,2000,2019,020401030503,2019_2019,nhdhr,NASA_NLDAS_2000_2019
77,20,10,6,16,0.14951224582119987,2000,2019,020401030504,2019_2019,nhdhr,NASA_NLDAS_2000_2019
78,20,10,6,16,0.09592016230551734,2000,2019,020401030505,2019_2019,nhdhr,NASA_NLDAS_2000_2019
79,20,10,6,16,0.110305234239033,2000,2019,020401030601,2019_2019,nhdhr,NASA_NLDAS_2000_2019
80,20,10,6,16,0.12325141625076144,2000,2019,020401030602,2019_2019,nhdhr,NASA_NLDAS_2000_2019
81,20,10,6,16,0.10431856880129772,2000,2019,020401030603,2019_2019,nhdhr,NASA_NLDAS_2000_2019
82,20,10,6,16,0.14230285182971697,2000,2019,020401040101,2019_2019,nhdhr,NASA_NLDAS_2000_2019
83,20,10,6,16,0.1285280633386421,2000,2019,020401040102,2019_2019,nhdhr,NASA_NLDAS_2000_2019
84,20,10,6,16,0.12717971697974864,2000,2019,020401040103,2019_2019,nhdhr,NASA_NLDAS_2000_2019
85,20,10,6,16,0.1079425005736299,2000,2019,020401040104,2019_2019,nhdhr,NASA_NLDAS_2000_2019
86,20,10,6,16,0.1145617573721543,2000,2019,020401040105,2019_2019,nhdhr,NASA_NLDAS_2000_2019
87,20,10,6,16,0.1398876497140712,2000,2019,020401040106,2019_2019,nhdhr,NASA_NLDAS_2000_2019
88,20,10,6,16,0.12077858059620981,2000,2019,020401040107,2019_2019,nhdhr,NASA_NLDAS_2000_2019
89,20,10,6,16,0.13051754394021578,2000,2019,020401040201,2019_2019,nhdhr,NASA_NLDAS_2000_2019
90,20,10,6,16,0.14591920954548804,2000,2019,020401040202,2019_2019,nhdhr,NASA_NLDAS_2000_2019
91,20,10,6,16,0.12242797698780576,2000,2019,020401040203,2019_2019,nhdhr,NASA_NLDAS_2000_2019
92,20,10,6,16,0.11828677051244181,2000,2019,020401040301,2019_2019,nhdhr,NASA_NLDAS_2000_2019
93,20,10,6,16,0.12641816987936774,2000,2019,020401040302,2019_2019,nhdhr,NASA_NLDAS_2000_2019
94,20,10,6,16,0.12270082014759796,2000,2019,020401040303,2019_2019,nhdhr,NASA_NLDAS_2000_2019
95,20,10,6,16,0.12286700284869699,2000,2019,020401040304,2019_2019,nhdhr,NASA_NLDAS_2000_2019
96,20,10,6,16,0.10830182139280649,2000,2019,020401040305,2019_2019,nhdhr,NASA_NLDAS_2000_2019
97,20,10,6,16,0.14042950556670108,2000,2019,020401040306,2019_2019,nhdhr,NASA_NLDAS_2000_2019
98,20,10,6,16,0.10959807764243483,2000,2019,020401040307,2019_2019,nhdhr,NASA_NLDAS_2000_2019
99,20,10,6,16,0.11020442578627965,2000,2019,020401040308,2019_2019,nhdhr,NASA_NLDAS_2000_2019
100,20,10,6,16,0.11538525234842527,2000,2019,020401040401,2019_2019,nhdhr,NASA_NLDAS_2000_2019
101,20,10,6,16,0.131022458345035,2000,2019,020401040402,2019_2019,nhdhr,NASA_NLDAS_2000_2019
102,20,10,6,16,0.13249106561058666,2000,2019,020401040403,2019_2019,nhdhr,NASA_NLDAS_2000_2019
103,20,10,6,16,0.1325054148522149,2000,2019,020401040501,2019_2019,nhdhr,NASA_NLDAS_2000_2019
104,20,10,6,16,0.1253998321471679,2000,2019,020401040502,2019_2019,nhdhr,NASA_NLDAS_2000_2019
105,20,10,6,16,0.14015559007253817,2000,2019,020401040503,2019_2019,nhdhr,NASA_NLDAS_2000_2019
106,20,10,6,16,0.11296345277524594,2000,2019,020401040504,2019_2019,nhdhr,NASA_NLDAS_2000_2019
107,20,10,6,16,0.11016823353591063,2000,2019,020401040505,2019_2019,nhdhr,NASA_NLDAS_2000_2019
108,20,10,6,16,0.14599383989651715,2000,2019,020401040601,2019_2019,nhdhr,NASA_NLDAS_2000_2019
109,20,10,6,16,0.11447995952727726,2000,2019,020401040602,2019_2019,nhdhr,NASA_NLDAS_2000_2019
110,20,10,6,16,0.13706731183421542,2000,2019,020401040603,2019_2019,nhdhr,NASA_NLDAS_2000_2019
111,20,10,6,16,0.12303744885721984,2000,2019,020401040604,2019_2019,nhdhr,NASA_NLDAS_2000_2019
112,20,10,6,16,0.1198112564346849,2000,2019,020401040605,2019_2019,nhdhr,NASA_NLDAS_2000_2019
113,20,10,6,16,0.14297798833269404,2000,2019,020401040606,2019_2019,nhdhr,NASA_NLDAS_2000_2019
114,20,10,6,16,0.13098447655698287,2000,2019,020401040701,2019_2019,nhdhr,NASA_NLDAS_2000_2019
115,20,10,6,16,0.13132941672405996,2000,2019,020401040702,2019_2019,nhdhr,NASA_NLDAS_2000_2019
116,20,10,6,16,0.1462783629445693,2000,2019,020401040703,2019_2019,nhdhr,NASA_NLDAS_2000_2019
117,20,10,6,16,0.10373253588281957,2000,2019,020401040704,2019_2019,nhdhr,NASA_NLDAS_2000_2019
118,20,10,6,16,0.11125815135549212,2000,2019,020401040705,2019_2019,nhdhr,NASA_NLDAS_2000_2019
119,20,10,6,16,0.13728563512684383,2000,2019,020401040801,2019_2019,nhdhr,NASA_NLDAS_2000_2019
120,20,10,6,16,0.1352122918599481,2000,2019,020401040802,2019_2019,nhdhr,NASA_NLDAS_2000_2019
121,20,10,6,16,0.11728642155922389,2000,2019,020401040803,2019_2019,nhdhr,NASA_NLDAS_2000_2019
122,20,10,6,16,0.1536672432466409,2000,2019,020401040804,2019_2019,nhdhr,NASA_NLDAS_2000_2019
123,20,10,6,16,0.13384235534620145,2000,2019,020401040805,2019_2019,nhdhr,NASA_NLDAS_2000_2019
124,20,10,6,16,0.11177032855958162,2000,2019,020401040901,2019_2019,nhdhr,NASA_NLDAS_2000_2019
125,20,10,6,16,0.11035794165024859,2000,2019,020401040902,2019_2019,nhdhr,NASA_NLDAS_2000_2019
126,20,10,6,16,0.12463791462618888,2000,2019,020401040903,2019_2019,nhdhr,NASA_NLDAS_2000_2019
127,20,10,6,16,0.12818925143403764,2000,2019,020401040904,2019_2019,nhdhr,NASA_NLDAS_2000_2019
128,20,10,6,16,0.12125344885624083,2000,2019,020401040905,2019_2019,nhdhr,NASA_NLDAS_2000_2019
129,20,10,6,16,0.14725417025442886,2000,2019,020401041001,2019_2019,nhdhr,NASA_NLDAS_2000_2019
130,20,10,6,16,0.1203114127655586,2000,2019,020401041002,2019_2019,nhdhr,NASA_NLDAS_2000_2019
131,20,10,6,16,0.14636515039880385,2000,2019,020401041003,2019_2019,nhdhr,NASA_NLDAS_2000_2019
132,20,10,6,16,0.13728622178373953,2000,2019,020401041004,2019_2019,nhdhr,NASA_NLDAS_2000_2019
133,20,10,6,16,0.11496870697438685,2000,2019,020401041005,2019_2019,nhdhr,NASA_NLDAS_2000_2019
134,20,10,6,16,0.09813176487230571,2000,2019,020401050101,2019_2019,nhdhr,NASA_NLDAS_2000_2019
135,20,10,6,16,0.11113524539422376,2000,2019,020401050102,2019_2019,nhdhr,NASA_NLDAS_2000_2019
136,20,10,6,16,0.1187493642984469,2000,2019,020401050103,2019_2019,nhdhr,NASA_NLDAS_2000_2019
137,20,10,6,16,0.1164309990871004,2000,2019,020401050104,2019_2019,nhdhr,NASA_NLDAS_2000_2019
138,20,10,6,16,0.11412466962977104,2000,2019,020401050201,2019_2019,nhdhr,NASA_NLDAS_2000_2019
139,20,10,6,16,0.11031717996212823,2000,2019,020401050202,2019_2019,nhdhr,NASA_NLDAS_2000_2019
140,20,10,6,16,0.11637451566791518,2000,2019,020401050203,2019_2019,nhdhr,NASA_NLDAS_2000_2019
141,20,10,6,16,0.11506111112807345,2000,2019,020401050204,2019_2019,nhdhr,NASA_NLDAS_2000_2019
142,20,10,6,16,0.14468829908107678,2000,2019,020401050301,2019_2019,nhdhr,NASA_NLDAS_2000_2019
143,20,10,6,16,0.12136664784674465,2000,2019,020401050302,2019_2019,nhdhr,NASA_NLDAS_2000_2019
144,20,10,6,16,0.1223509933845574,2000,2019,020401050303,2019_2019,nhdhr,NASA_NLDAS_2000_2019
145,20,10,6,16,0.13433280398728084,2000,2019,020401050401,2019_2019,nhdhr,NASA_NLDAS_2000_2019
146,20,10,6,16,0.11793703208638946,2000,2019,020401050402,2019_2019,nhdhr,NASA_NLDAS_2000_2019
147,20,10,6,16,0.1163968955793146,2000,2019,020401050501,2019_2019,nhdhr,NASA_NLDAS_2000_2019
148,20,10,6,16,0.10888800553360797,2000,2019,020401050502,2019_2019,nhdhr,NASA_NLDAS_2000_2019
149,20,10,6,16,0.12054981513834918,2000,2019,020401050503,2019_2019,nhdhr,NASA_NLDAS_2000_2019
150,20,10,6,16,0.11189964184739379,2000,2019,020401050504,2019_2019,nhdhr,NASA_NLDAS_2000_2019
151,20,10,6,16,0.10587667274674777,2000,2019,020401050601,2019_2019,nhdhr,NASA_NLDAS_2000_2019
152,20,10,6,16,0.10955988526095636,2000,2019,020401050602,2019_2019,nhdhr,NASA_NLDAS_2000_2019
153,20,10,6,16,0.10158643309966492,2000,2019,020401050603,2019_2019,nhdhr,NASA_NLDAS_2000_2019
154,20,10,6,16,0.12378555530968971,2000,2019,020401050604,2019_2019,nhdhr,NASA_NLDAS_2000_2019
155,20,10,6,16,0.11660655232638703,2000,2019,020401050605,2019_2019,nhdhr,NASA_NLDAS_2000_2019
156,20,10,6,16,0.1098753727916791,2000,2019,020401050701,2019_2019,nhdhr,NASA_NLDAS_2000_2019
157,20,10,6,16,0.11195548235802476,2000,2019,020401050702,2019_2019,nhdhr,NASA_NLDAS_2000_2019
158,20,10,6,16,0.12799129155472996,2000,2019,020401050703,2019_2019,nhdhr,NASA_NLDAS_2000_2019
159,20,10,6,16,0.11716343860082479,2000,2019,020401050801,2019_2019,nhdhr,NASA_NLDAS_2000_2019
160,20,10,6,16,0.15588410294667604,2000,2019,020401050802,2019_2019,nhdhr,NASA_NLDAS_2000_2019
161,20,10,6,16,0.11056519311699259,2000,2019,020401050803,2019_2019,nhdhr,NASA_NLDAS_2000_2019
162,20,10,6,16,0.14455978113175594,2000,2019,020401050901,2019_2019,nhdhr,NASA_NLDAS_2000_2019
163,20,10,6,16,0.152291186824928,2000,2019,020401050902,2019_2019,nhdhr,NASA_NLDAS_2000_2019
164,20,10,6,16,0.13161009992601827,2000,2019,020401050903,2019_2019,nhdhr,NASA_NLDAS_2000_2019
165,20,10,6,16,0.10586560380167201,2000,2019,020401050904,2019_2019,nhdhr,NASA_NLDAS_2000_2019
166,20,10,6,16,0.1324443542728425,2000,2019,020401050905,2019_2019,nhdhr,NASA_NLDAS_2000_2019
167,20,10,6,16,0.12761352085155664,2000,2019,020401050906,2019_2019,nhdhr,NASA_NLDAS_2000_2019
168,20,10,6,16,0.15070818227174512,2000,2019,020401050907,2019_2019,nhdhr,NASA_NLDAS_2000_2019
169,20,10,6,16,0.11517074397195363,2000,2019,020401050908,2019_2019,nhdhr,NASA_NLDAS_2000_2019
170,20,10,6,16,0.1131156132384121,2000,2019,020401050909,2019_2019,nhdhr,NASA_NLDAS_2000_2019
171,20,10,6,16,0.11533560539317347,2000,2019,020401050910,2019_2019,nhdhr,NASA_NLDAS_2000_2019
172,20,10,6,16,0.13152692278874634,2000,2019,020401050911,2019_2019,nhdhr,NASA_NLDAS_2000_2019
173,20,10,6,16,0.12834876287974284,2000,2019,020401060101,2019_2019,nhdhr,NASA_NLDAS_2000_2019
174,20,10,6,16,0.1058385770758504,2000,2019,020401060102,2019_2019,nhdhr,NASA_NLDAS_2000_2019
175,20,10,6,16,0.12129992099223538,2000,2019,020401060103,2019_2019,nhdhr,NASA_NLDAS_2000_2019
176,20,10,6,16,0.13678673183768095,2000,2019,020401060104,2019_2019,nhdhr,NASA_NLDAS_2000_2019
177,20,10,6,16,0.10008943807000048,2000,2019,020401060201,2019_2019,nhdhr,NASA_NLDAS_2000_2019
178,20,10,6,16,0.1488451746475168,2000,2019,020401060202,2019_2019,nhdhr,NASA_NLDAS_2000_2019
179,20,10,6,16,0.10504639603391205,2000,2019,020401060203,2019_2019,nhdhr,NASA_NLDAS_2000_2019
180,20,10,6,16,0.1027703760821839,2000,2019,020401060204,2019_2019,nhdhr,NASA_NLDAS_2000_2019
181,20,10,6,16,0.1452425938987802,2000,2019,020401060301,2019_2019,nhdhr,NASA_NLDAS_2000_2019
182,20,10,6,16,0.13433197166680358,2000,2019,020401060302,2019_2019,nhdhr,NASA_NLDAS_2000_2019
183,20,10,6,16,0.11453537778671379,2000,2019,020401060303,2019_2019,nhdhr,NASA_NLDAS_2000_2019
184,20,10,6,16,0.0994834918940841,2000,2019,020401060304,2019_2019,nhdhr,NASA_NLDAS_2000_2019
185,20,10,6,16,0.1395882985182414,2000,2019,020401060305,2019_2019,nhdhr,NASA_NLDAS_2000_2019
186,20,10,6,16,0.13368687321905098,2000,2019,020401060306,2019_2019,nhdhr,NASA_NLDAS_2000_2019
187,20,10,6,16,0.1440345011995707,2000,2019,020401060307,2019_2019,nhdhr,NASA_NLDAS_2000_2019
188,20,10,6,16,0.11879496252446373,2000,2019,020401060308,2019_2019,nhdhr,NASA_NLDAS_2000_2019
189,20,10,6,16,0.11457949105221522,2000,2019,020401060309,2019_2019,nhdhr,NASA_NLDAS_2000_2019
190,20,10,6,16,0.10929889478209442,2000,2019,020401060310,2019_2019,nhdhr,NASA_NLDAS_2000_2019
191,20,10,6,16,0.14231668483595822,2000,2019,020401060401,2019_2019,nhdhr,NASA_NLDAS_2000_2019
192,20,10,6,16,0.12184735833846654,2000,2019,020401060402,2019_2019,nhdhr,NASA_NLDAS_2000_2019
193,20,10,6,16,0.13284754493284226,2000,2019,020401060403,2019_2019,nhdhr,NASA_NLDAS_2000_2019
194,20,10,6,16,0.11498506576385736,2000,2019,020401060404,2019_2019,nhdhr,NASA_NLDAS_2000_2019
195,20,10,6,16,0.1111909447842797,2000,2019,020401060501,2019_2019,nhdhr,NASA_NLDAS_2000_2019
196,20,10,6,16,0.11683241952896564,2000,2019,020401060502,2019_2019,nhdhr,NASA_NLDAS_2000_2019
197,20,10,6,16,0.1112230911333113,2000,2019,020401060601,2019_2019,nhdhr,NASA_NLDAS_2000_2019
198,20,10,6,16,0.11315648279260403,2000,2019,020401060602,2019_2019,nhdhr,NASA_NLDAS_2000_2019
199,20,10,6,16,0.1321956127543305,2000,2019,020401060701,2019_2019,nhdhr,NASA_NLDAS_2000_2019
200,20,10,6,16,0.1094331552797682,2000,2019,020401060702,2019_2019,nhdhr,NASA_NLDAS_2000_2019
201,20,10,6,16,0.11395368817201336,2000,2019,020401060703,2019_2019,nhdhr,NASA_NLDAS_2000_2019
202,20,10,6,16,0.10495818427923147,2000,2019,020401060801,2019_2019,nhdhr,NASA_NLDAS_2000_2019
203,20,10,6,16,0.13446026867527205,2000,2019,020401060802,2019_2019,nhdhr,NASA_NLDAS_2000_2019
204,20,10,6,16,0.16596685729827562,2000,2019,020401060803,2019_2019,nhdhr,NASA_NLDAS_2000_2019
205,20,10,6,16,0.11359277674383841,2000,2019,020401060804,2019_2019,nhdhr,NASA_NLDAS_2000_2019
206,20,10,6,16,0.14997803596330858,2000,2019,020401060805,2019_2019,nhdhr,NASA_NLDAS_2000_2019
207,20,10,6,16,0.12942975905551932,2000,2019,020401060806,2019_2019,nhdhr,NASA_NLDAS_2000_2019
208,20,10,6,16,0.1393516800238957,2000,2019,020401060807,2019_2019,nhdhr,NASA_NLDAS_2000_2019
209,20,10,6,16,0.1493869535786588,2000,2019,020401060808,2019_2019,nhdhr,NASA_NLDAS_2000_2019
210,20,10,6,16,0.14917588359395398,2000,2019,020401060809,2019_2019,nhdhr,NASA_NLDAS_2000_2019
211,20,10,6,16,0.11928290383942165,2000,2019,020401060810,2019_2019,nhdhr,NASA_NLDAS_2000_2019
212,20,10,6,16,0.10132844705189196,2000,2019,020401060811,2019_2019,nhdhr,NASA_NLDAS_2000_2019
213,20,10,6,16,0.17721814622427762,2000,2019,020401060812,2019_2019,nhdhr,NASA_NLDAS_2000_2019
214,20,10,6,16,0.11257316759797985,2000,2019,020401060813,2019_2019,nhdhr,NASA_NLDAS_2000_2019
215,20,10,6,16,0.12873287021916016,2000,2019,020402010101,2019_2019,nhdhr,NASA_NLDAS_2000_2019
216,20,10,6,16,0.15007796046302893,2000,2019,020402010102,2019_2019,nhdhr,NASA_NLDAS_2000_2019
217,20,10,6,16,0.11012888823362785,2000,2019,020402010103,2019_2019,nhdhr,NASA_NLDAS_2000_2019
218,20,10,6,16,0.1280875114663661,2000,2019,020402010104,2019_2019,nhdhr,NASA_NLDAS_2000_2019
219,20,10,6,16,0.1195934466432399,2000,2019,020402010105,2019_2019,nhdhr,NASA_NLDAS_2000_2019
220,20,10,6,16,0.12137474098975315,2000,2019,020402010201,2019_2019,nhdhr,NASA_NLDAS_2000_2019
221,20,10,6,16,0.1302310699266338,2000,2019,020402010202,2019_2019,nhdhr,NASA_NLDAS_2000_2019
222,20,10,6,16,0.11065935187684957,2000,2019,020402010203,2019_2019,nhdhr,NASA_NLDAS_2000_2019
223,20,10,6,16,0.11850910367255123,2000,2019,020402010204,2019_2019,nhdhr,NASA_NLDAS_2000_2019
224,20,10,6,16,0.11824593554649915,2000,2019,020402010301,2019_2019,nhdhr,NASA_NLDAS_2000_2019
225,20,10,6,16,0.14530232012103128,2000,2019,020402010302,2019_2019,nhdhr,NASA_NLDAS_2000_2019
226,20,10,6,16,0.1082560763496628,2000,2019,020402010303,2019_2019,nhdhr,NASA_NLDAS_2000_2019
227,20,10,6,16,0.1323910789350713,2000,2019,020402010401,2019_2019,nhdhr,NASA_NLDAS_2000_2019
228,20,10,6,16,0.15453335023795806,2000,2019,020402010402,2019_2019,nhdhr,NASA_NLDAS_2000_2019
229,20,10,6,16,0.16213514021822556,2000,2019,020402010403,2019_2019,nhdhr,NASA_NLDAS_2000_2019
230,20,10,6,16,0.12800769883280821,2000,2019,020402010404,2019_2019,nhdhr,NASA_NLDAS_2000_2019
231,20,10,6,16,0.13839461201132802,2000,2019,020402010405,2019_2019,nhdhr,NASA_NLDAS_2000_2019
232,20,10,6,16,0.1084140929728719,2000,2019,020402010406,2019_2019,nhdhr,NASA_NLDAS_2000_2019
233,20,10,6,16,0.12901642485191733,2000,2019,020402010407,2019_2019,nhdhr,NASA_NLDAS_2000_2019
234,20,10,6,16,0.12693700316770223,2000,2019,020402020101,2019_2019,nhdhr,NASA_NLDAS_2000_2019
235,20,10,6,16,0.10738037828790183,2000,2019,020402020102,2019_2019,nhdhr,NASA_NLDAS_2000_2019
236,20,10,6,16,0.10581829520414908,2000,2019,020402020103,2019_2019,nhdhr,NASA_NLDAS_2000_2019
237,20,10,6,16,0.13321833958746734,2000,2019,020402020104,2019_2019,nhdhr,NASA_NLDAS_2000_2019
238,20,10,6,16,0.11878589140878877,2000,2019,020402020201,2019_2019,nhdhr,NASA_NLDAS_2000_2019
239,20,10,6,16,0.10782174157816864,2000,2019,020402020202,2019_2019,nhdhr,NASA_NLDAS_2000_2019
240,20,10,6,16,0.1238177356401921,2000,2019,020402020203,2019_2019,nhdhr,NASA_NLDAS_2000_2019
241,20,10,6,16,0.10163935352705797,2000,2019,020402020204,2019_2019,nhdhr,NASA_NLDAS_2000_2019
242,20,10,6,16,0.1359325963309687,2000,2019,020402020301,2019_2019,nhdhr,NASA_NLDAS_2000_2019
243,20,10,6,16,0.12034536507574317,2000,2019,020402020302,2019_2019,nhdhr,NASA_NLDAS_2000_2019
244,20,10,6,16,0.12644394670772827,2000,2019,020402020303,2019_2019,nhdhr,NASA_NLDAS_2000_2019
245,20,10,6,16,0.12509505337854537,2000,2019,020402020304,2019_2019,nhdhr,NASA_NLDAS_2000_2019
246,20,10,6,16,0.15021362769259633,2000,2019,020402020305,2019_2019,nhdhr,NASA_NLDAS_2000_2019
247,20,10,6,16,0.11731450769218132,2000,2019,020402020401,2019_2019,nhdhr,NASA_NLDAS_2000_2019
248,20,10,6,16,0.12084582375682291,2000,2019,020402020402,2019_2019,nhdhr,NASA_NLDAS_2000_2019
249,20,10,6,16,0.1278586351853016,2000,2019,020402020403,2019_2019,nhdhr,NASA_NLDAS_2000_2019
250,20,10,6,16,0.11257519014552153,2000,2019,020402020404,2019_2019,nhdhr,NASA_NLDAS_2000_2019
251,20,10,6,16,0.10883391291533683,2000,2019,020402020405,2019_2019,nhdhr,NASA_NLDAS_2000_2019
252,20,10,6,16,0.14016643628545283,2000,2019,020402020501,2019_2019,nhdhr,NASA_NLDAS_2000_2019
253,20,10,6,16,0.12889848334078954,2000,2019,020402020502,2019_2019,nhdhr,NASA_NLDAS_2000_2019
254,20,10,6,16,0.14204454208485975,2000,2019,020402020503,2019_2019,nhdhr,NASA_NLDAS_2000_2019
255,20,10,6,16,0.13474116846815865,2000,2019,020402020504,2019_2019,nhdhr,NASA_NLDAS_2000_2019
256,20,10,6,16,0.10346413354702504,2000,2019,020402020505,2019_2019,nhdhr,NASA_NLDAS_2000_2019
257,20,10,6,16,0.10573163612174105,2000,2019,020402020506,2019_2019,nhdhr,NASA_NLDAS_2000_2019
258,20,10,6,16,0.11404507085441043,2000,2019,020402020507,2019_2019,nhdhr,NASA_NLDAS_2000_2019
259,20,10,6,16,0.11447446075118364,2000,2019,020402020601,2019_2019,nhdhr,NASA_NLDAS_2000_2019
260,20,10,6,16,0.11505764582434468,2000,2019,020402020602,2019_2019,nhdhr,NASA_NLDAS_2000_2019
261,20,10,6,16,0.16032345997980657,2000,2019,020402020603,2019_2019,nhdhr,NASA_NLDAS_2000_2019
262,20,10,6,16,0.1409654076919883,2000,2019,020402020604,2019_2019,nhdhr,NASA_NLDAS_2000_2019
263,20,10,6,16,0.11711728382539467,2000,2019,020402020605,2019_2019,nhdhr,NASA_NLDAS_2000_2019
264,20,10,6,16,0.10876926156303579,2000,2019,020402020606,2019_2019,nhdhr,NASA_NLDAS_2000_2019
265,20,10,6,16,0.10548257548483181,2000,2019,020402020607,2019_2019,nhdhr,NASA_NLDAS_2000_2019
266,20,10,6,16,0.09956207559815013,2000,2019,020402020608,2019_2019,nhdhr,NASA_NLDAS_2000_2019
267,20,10,6,16,0.10970338293506929,2000,2019,020402030101,2019_2019,nhdhr,NASA_NLDAS_2000_2019
268,20,10,6,16,0.10111183816354699,2000,2019,020402030102,2019_2019,nhdhr,NASA_NLDAS_2000_2019
269,20,10,6,16,0.11846763786399148,2000,2019,020402030103,2019_2019,nhdhr,NASA_NLDAS_2000_2019
270,20,10,6,16,0.12938540018942682,2000,2019,020402030201,2019_2019,nhdhr,NASA_NLDAS_2000_2019
271,20,10,6,16,0.14197201604431292,2000,2019,020402030202,2019_2019,nhdhr,NASA_NLDAS_2000_2019
272,20,10,6,16,0.11726755644092522,2000,2019,020402030203,2019_2019,nhdhr,NASA_NLDAS_2000_2019
273,20,10,6,16,0.10980834821193343,2000,2019,020402030204,2019_2019,nhdhr,NASA_NLDAS_2000_2019
274,20,10,6,16,0.14556513219203682,2000,2019,020402030205,2019_2019,nhdhr,NASA_NLDAS_2000_2019
275,20,10,6,16,0.14624085963097255,2000,2019,020402030206,2019_2019,nhdhr,NASA_NLDAS_2000_2019
276,20,10,6,16,0.10762944409630631,2000,2019,020402030207,2019_2019,nhdhr,NASA_NLDAS_2000_2019
277,20,10,6,16,0.12539866236659114,2000,2019,020402030301,2019_2019,nhdhr,NASA_NLDAS_2000_2019
278,20,10,6,16,0.14393170307239378,2000,2019,020402030302,2019_2019,nhdhr,NASA_NLDAS_2000_2019
279,20,10,6,16,0.13346489852363808,2000,2019,020402030303,2019_2019,nhdhr,NASA_NLDAS_2000_2019
280,20,10,6,16,0.12058052840205176,2000,2019,020402030304,2019_2019,nhdhr,NASA_NLDAS_2000_2019
281,20,10,6,16,0.1028669927300344,2000,2019,020402030305,2019_2019,nhdhr,NASA_NLDAS_2000_2019
282,20,10,6,16,0.13576811744407077,2000,2019,020402030306,2019_2019,nhdhr,NASA_NLDAS_2000_2019
283,20,10,6,16,0.11493067426023013,2000,2019,020402030307,2019_2019,nhdhr,NASA_NLDAS_2000_2019
284,20,10,6,16,0.1482288792188664,2000,2019,020402030401,2019_2019,nhdhr,NASA_NLDAS_2000_2019
285,20,10,6,16,0.11386901039814434,2000,2019,020402030402,2019_2019,nhdhr,NASA_NLDAS_2000_2019
286,20,10,6,16,0.11830981255393189,2000,2019,020402030403,2019_2019,nhdhr,NASA_NLDAS_2000_2019
287,20,10,6,16,0.1350548517575777,2000,2019,020402030404,2019_2019,nhdhr,NASA_NLDAS_2000_2019
288,20,10,6,16,0.13919609474938202,2000,2019,020402030405,2019_2019,nhdhr,NASA_NLDAS_2000_2019
289,20,10,6,16,0.12193853962880742,2000,2019,020402030406,2019_2019,nhdhr,NASA_NLDAS_2000_2019
290,20,10,6,16,0.14808672518617005,2000,2019,020402030407,2019_2019,nhdhr,NASA_NLDAS_2000_2019
291,20,10,6,16,0.13558316293523304,2000,2019,020402030408,2019_2019,nhdhr,NASA_NLDAS_2000_2019
292,20,10,6,16,0.1406622878782045,2000,2019,020402030409,2019_2019,nhdhr,NASA_NLDAS_2000_2019
293,20,10,6,16,0.13244314037547522,2000,2019,020402030501,2019_2019,nhdhr,NASA_NLDAS_2000_2019
294,20,10,6,16,0.1497505834177449,2000,2019,020402030502,2019_2019,nhdhr,NASA_NLDAS_2000_2019
295,20,10,6,16,0.10435436706248394,2000,2019,020402030503,2019_2019,nhdhr,NASA_NLDAS_2000_2019
296,20,10,6,16,0.14467909064379472,2000,2019,020402030601,2019_2019,nhdhr,NASA_NLDAS_2000_2019
297,20,10,6,16,0.129856122815082,2000,2019,020402030602,2019_2019,nhdhr,NASA_NLDAS_2000_2019
298,20,10,6,16,0.11332260010904457,2000,2019,020402030603,2019_2019,nhdhr,NASA_NLDAS_2000_2019
299,20,10,6,16,0.1300915433297939,2000,2019,020402030604,2019_2019,nhdhr,NASA_NLDAS_2000_2019
300,20,10,6,16,0.14931996146037932,2000,2019,020402030605,2019_2019,nhdhr,NASA_NLDAS_2000_2019
301,20,10,6,16,0.14397661597672926,2000,2019,020402030606,2019_2019,nhdhr,NASA_NLDAS_2000_2019
302,20,10,6,16,0.14465584425234512,2000,2019,020402030607,2019_2019,nhdhr,NASA_NLDAS_2000_2019
303,20,10,6,16,0.13497059795552332,2000,2019,020402030608,2019_2019,nhdhr,NASA_NLDAS_2000_2019
304,20,10,6,16,0.11296776936690757,2000,2019,020402030609,2019_2019,nhdhr,NASA_NLDAS_2000_2019
305,20,10,6,16,0.12896389276798015,2000,2019,020402030610,2019_2019,nhdhr,NASA_NLDAS_2000_2019
306,20,10,6,16,0.12273620253947656,2000,2019,020402030611,2019_2019,nhdhr,NASA_NLDAS_2000_2019
307,20,10,6,16,0.13303164061483239,2000,2019,020402030701,2019_2019,nhdhr,NASA_NLDAS_2000_2019
308,20,10,6,16,0.10786202071976378,2000,2019,020402030702,2019_2019,nhdhr,NASA_NLDAS_2000_2019
309,20,10,6,16,0.14370061106811471,2000,2019,020402030801,2019_2019,nhdhr,NASA_NLDAS_2000_2019
310,20,10,6,16,0.13204119392492164,2000,2019,020402030802,2019_2019,nhdhr,NASA_NLDAS_2000_2019
311,20,10,6,16,0.14512133022155332,2000,2019,020402030803,2019_2019,nhdhr,NASA_NLDAS_2000_2019
312,20,10,6,16,0.10661238969468488,2000,2019,020402030804,2019_2019,nhdhr,NASA_NLDAS_2000_2019
313,20,10,6,16,0.1026533942516316,2000,2019,020402030805,2019_2019,nhdhr,NASA_NLDAS_2000_2019
314,20,10,6,16,0.11025784620888697,2000,2019,020402030806,2019_2019,nhdhr,NASA_NLDAS_2000_2019
315,20,10,6,16,0.09978307374970484,2000,2019,020402030807,2019_2019,nhdhr,NASA_NLDAS_2000_2019
316,20,10,6,16,0.10247304454026221,2000,2019,020402030808,2019_2019,nhdhr,NASA_NLDAS_2000_2019
317,20,10,6,16,0.11460990837379664,2000,2019,020402030809,2019_2019,nhdhr,NASA_NLDAS_2000_2019
318,20,10,6,16,0.12647614284097874,2000,2019,020402030901,2019_2019,nhdhr,NASA_NLDAS_2000_2019
319,20,10,6,16,0.11658439701207897,2000,2019,020402030902,2019_2019,nhdhr,NASA_NLDAS_2000_2019
320,20,10,6,16,0.15244267093932573,2000,2019,020402031001,2019_2019,nhdhr,NASA_NLDAS_2000_2019
321,20,10,6,16,0.12023918739305021,2000,2019,020402031002,2019_2019,nhdhr,NASA_NLDAS_2000_2019
322,20,10,6,16,0.11412580141942685,2000,2019,020402031003,2019_2019,nhdhr,NASA_NLDAS_2000_2019
323,20,10,6,16,0.13282284271958922,2000,2019,020402031004,2019_2019,nhdhr,NASA_NLDAS_2000_2019
324,20,10,6,16,0.13670621924945014,2000,2019,020402031005,2019_2019,nhdhr,NASA_NLDAS_2000_2019
325,20,10,6,16,0.10472381356474826,2000,2019,020402031006,2019_2019,nhdhr,NASA_NLDAS_2000_2019
326,20,10,6,16,0.10370258162080764,2000,2019,020402031007,2019_2019,nhdhr,NASA_NLDAS_2000_2019
327,20,10,6,16,0.11972374125279198,2000,2019,020402031008,2019_2019,nhdhr,NASA_NLDAS_2000_2019
328,20,10,6,16,0.05636264374616238,2000,2019,020402040000,2019_2019,nhdhr,NASA_NLDAS_2000_2019
329,20,10,6,16,0.13845572731547204,2000,2019,020402050101,2019_2019,nhdhr,NASA_NLDAS_2000_2019
330,20,10,6,16,0.14368050686243922,2000,2019,020402050102,2019_2019,nhdhr,NASA_NLDAS_2000_2019
331,20,10,6,16,0.11034142560796047,2000,2019,020402050103,2019_2019,nhdhr,NASA_NLDAS_2000_2019
332,20,10,6,16,0.13773779707590725,2000,2019,020402050104,2019_2019,nhdhr,NASA_NLDAS_2000_2019
333,20,10,6,16,0.13724981385720753,2000,2019,020402050105,2019_2019,nhdhr,NASA_NLDAS_2000_2019
334,20,10,6,16,0.18131172797797762,2000,2019,020402050201,2019_2019,nhdhr,NASA_NLDAS_2000_2019
335,20,10,6,16,0.1011650964482978,2000,2019,020402050202,2019_2019,nhdhr,NASA_NLDAS_2000_2019
336,20,10,6,16,0.13579747864072772,2000,2019,020402050203,2019_2019,nhdhr,NASA_NLDAS_2000_2019
337,20,10,6,16,0.1273491728784412,2000,2019,020402050204,2019_2019,nhdhr,NASA_NLDAS_2000_2019
338,20,10,6,16,0.13276509346088072,2000,2019,020402050205,2019_2019,nhdhr,NASA_NLDAS_2000_2019
339,20,10,6,16,0.15478397514950792,2000,2019,020402050301,2019_2019,nhdhr,NASA_NLDAS_2000_2019
340,20,10,6,16,0.16527737716456253,2000,2019,020402050302,2019_2019,nhdhr,NASA_NLDAS_2000_2019
341,20,10,6,16,0.11921485103907073,2000,2019,020402050303,2019_2019,nhdhr,NASA_NLDAS_2000_2019
342,20,10,6,16,0.14468829365888752,2000,2019,020402050304,2019_2019,nhdhr,NASA_NLDAS_2000_2019
343,20,10,6,16,0.16487380130152698,2000,2019,020402050305,2019_2019,nhdhr,NASA_NLDAS_2000_2019
344,20,10,6,16,0.13547907210660792,2000,2019,020402050306,2019_2019,nhdhr,NASA_NLDAS_2000_2019
345,20,10,6,16,0.12734270158529276,2000,2019,020402050307,2019_2019,nhdhr,NASA_NLDAS_2000_2019
346,20,10,6,16,0.12636168850836155,2000,2019,020402050308,2019_2019,nhdhr,NASA_NLDAS_2000_2019
347,20,10,6,16,0.12376823806639332,2000,2019,020402050401,2019_2019,nhdhr,NASA_NLDAS_2000_2019
348,20,10,6,16,0.1300227118966517,2000,2019,020402050402,2019_2019,nhdhr,NASA_NLDAS_2000_2019
349,20,10,6,16,0.16124276115467062,2000,2019,020402050403,2019_2019,nhdhr,NASA_NLDAS_2000_2019
350,20,10,6,16,0.15128114280473237,2000,2019,020402050501,2019_2019,nhdhr,NASA_NLDAS_2000_2019
351,20,10,6,16,0.13107147188288062,2000,2019,020402050502,2019_2019,nhdhr,NASA_NLDAS_2000_2019
352,20,10,6,16,0.15334667091116774,2000,2019,020402050503,2019_2019,nhdhr,NASA_NLDAS_2000_2019
353,20,10,6,16,0.1658504898836426,2000,2019,020402050504,2019_2019,nhdhr,NASA_NLDAS_2000_2019
354,20,10,6,16,0.15392939802641875,2000,2019,020402050505,2019_2019,nhdhr,NASA_NLDAS_2000_2019
355,20,10,6,16,0.17221907013487173,2000,2019,020402050601,2019_2019,nhdhr,NASA_NLDAS_2000_2019
356,20,10,6,16,0.16451643894085263,2000,2019,020402050602,2019_2019,nhdhr,NASA_NLDAS_2000_2019
357,20,10,6,16,0.16776125511851364,2000,2019,020402050701,2019_2019,nhdhr,NASA_NLDAS_2000_2019
358,20,10,6,16,0.15839965958125535,2000,2019,020402050702,2019_2019,nhdhr,NASA_NLDAS_2000_2019
359,20,10,6,16,0.15777960814798891,2000,2019,020402050703,2019_2019,nhdhr,NASA_NLDAS_2000_2019
360,20,10,6,16,0.16466479584788443,2000,2019,020402050704,2019_2019,nhdhr,NASA_NLDAS_2000_2019
361,20,10,6,16,0.11790636565486205,2000,2019,020402050705,2019_2019,nhdhr,NASA_NLDAS_2000_2019
362,20,10,6,16,0.15595989343036204,2000,2019,020402050801,2019_2019,nhdhr,NASA_NLDAS_2000_2019
363,20,10,6,16,0.10708744664070892,2000,2019,020402050802,2019_2019,nhdhr,NASA_NLDAS_2000_2019
364,20,10,6,16,0.11773240019498792,2000,2019,020402050803,2019_2019,nhdhr,NASA_NLDAS_2000_2019
365,20,10,6,16,0.15208592493645065,2000,2019,020402060101,2019_2019,nhdhr,NASA_NLDAS_2000_2019
366,20,10,6,16,0.11070877045777729,2000,2019,020402060102,2019_2019,nhdhr,NASA_NLDAS_2000_2019
367,20,10,6,16,0.14858712406285385,2000,2019,020402060103,2019_2019,nhdhr,NASA_NLDAS_2000_2019
368,20,10,6,16,0.14767705275000906,2000,2019,020402060104,2019_2019,nhdhr,NASA_NLDAS_2000_2019
369,20,10,6,16,0.14928476583009714,2000,2019,020402060105,2019_2019,nhdhr,NASA_NLDAS_2000_2019
370,20,10,6,16,0.11012747898064396,2000,2019,020402060106,2019_2019,nhdhr,NASA_NLDAS_2000_2019
371,20,10,6,16,0.11773720583464836,2000,2019,020402060201,2019_2019,nhdhr,NASA_NLDAS_2000_2019
372,20,10,6,16,0.1575923743271522,2000,2019,020402060202,2019_2019,nhdhr,NASA_NLDAS_2000_2019
373,20,10,6,16,0.13307506117538023,2000,2019,020402060203,2019_2019,nhdhr,NASA_NLDAS_2000_2019
374,20,10,6,16,0.10872109366227789,2000,2019,020402060301,2019_2019,nhdhr,NASA_NLDAS_2000_2019
375,20,10,6,16,0.11574157317302138,2000,2019,020402060302,2019_2019,nhdhr,NASA_NLDAS_2000_2019
376,20,10,6,16,0.13170294101810337,2000,2019,020402060303,2019_2019,nhdhr,NASA_NLDAS_2000_2019
377,20,10,6,16,0.12343490348938584,2000,2019,020402060401,2019_2019,nhdhr,NASA_NLDAS_2000_2019
378,20,10,6,16,0.10823287160550946,2000,2019,020402060402,2019_2019,nhdhr,NASA_NLDAS_2000_2019
379,20,10,6,16,0.130765993008626,2000,2019,020402060403,2019_2019,nhdhr,NASA_NLDAS_2000_2019
380,20,10,6,16,0.11963313613641191,2000,2019,020402060404,2019_2019,nhdhr,NASA_NLDAS_2000_2019
381,20,10,6,16,0.10800256787706002,2000,2019,020402060405,2019_2019,nhdhr,NASA_NLDAS_2000_2019
382,20,10,6,16,0.14121744695655972,2000,2019,020402060501,2019_2019,nhdhr,NASA_NLDAS_2000_2019
383,20,10,6,16,0.14888041650889694,2000,2019,020402060502,2019_2019,nhdhr,NASA_NLDAS_2000_2019
384,20,10,6,16,0.11382308766746183,2000,2019,020402060503,2019_2019,nhdhr,NASA_NLDAS_2000_2019
385,20,10,6,16,0.14022894542532272,2000,2019,020402060504,2019_2019,nhdhr,NASA_NLDAS_2000_2019
386,20,10,6,16,0.12971635308406262,2000,2019,020402060505,2019_2019,nhdhr,NASA_NLDAS_2000_2019
387,20,10,6,16,0.11655264992694636,2000,2019,020402060506,2019_2019,nhdhr,NASA_NLDAS_2000_2019
388,20,10,6,16,0.10641617438625316,2000,2019,020402060507,2019_2019,nhdhr,NASA_NLDAS_2000_2019
389,20,10,6,16,0.14906756133207533,2000,2019,020402060601,2019_2019,nhdhr,NASA_NLDAS_2000_2019
390,20,10,6,16,0.11430236553074898,2000,2019,020402060602,2019_2019,nhdhr,NASA_NLDAS_2000_2019
391,20,10,6,16,0.1271572113564056,2000,2019,020402060603,2019_2019,nhdhr,NASA_NLDAS_2000_2019
392,20,10,6,16,0.09176688011190053,2000,2019,020402060604,2019_2019,nhdhr,NASA_NLDAS_2000_2019
393,20,10,6,16,0.08503518237849553,2000,2019,020402060605,2019_2019,nhdhr,NASA_NLDAS_2000_2019
394,20,10,6,16,0.11068083454392906,2000,2019,020402060701,2019_2019,nhdhr,NASA_NLDAS_2000_2019
395,20,10,6,16,0.09029472520933064,2000,2019,020402060702,2019_2019,nhdhr,NASA_NLDAS_2000_2019
396,20,10,6,16,0.08950032145615255,2000,2019,020402060703,2019_2019,nhdhr,NASA_NLDAS_2000_2019
397,20,10,6,16,0.11698976324966297,2000,2019,020402070101,2019_2019,nhdhr,NASA_NLDAS_2000_2019
398,20,10,6,16,0.1263442637842813,2000,2019,020402070102,2019_2019,nhdhr,NASA_NLDAS_2000_2019
399,20,10,6,16,0.16209758490263476,2000,2019,020402070103,2019_2019,nhdhr,NASA_NLDAS_2000_2019
400,20,10,6,16,0.12509517510707924,2000,2019,020402070201,2019_2019,nhdhr,NASA_NLDAS_2000_2019
401,20,10,6,16,0.13461898522402474,2000,2019,020402070202,2019_2019,nhdhr,NASA_NLDAS_2000_2019
402,20,10,6,16,0.1085677533010174,2000,2019,020402070203,2019_2019,nhdhr,NASA_NLDAS_2000_2019
403,20,10,6,16,0.1167444802301137,2000,2019,020402070204,2019_2019,nhdhr,NASA_NLDAS_2000_2019
404,20,10,6,16,0.11003121840327688,2000,2019,020402070205,2019_2019,nhdhr,NASA_NLDAS_2000_2019
405,20,10,6,16,0.11454734897271734,2000,2019,020402070301,2019_2019,nhdhr,NASA_NLDAS_2000_2019
406,20,10,6,16,0.15348566171120817,2000,2019,020402070302,2019_2019,nhdhr,NASA_NLDAS_2000_2019
407,20,10,6,16,0.16560204304139303,2000,2019,020402070303,2019_2019,nhdhr,NASA_NLDAS_2000_2019
408,20,10,6,16,0.12899911586468701,2000,2019,020402070304,2019_2019,nhdhr,NASA_NLDAS_2000_2019
409,20,10,6,16,0.13736443534978657,2000,2019,020402070401,2019_2019,nhdhr,NASA_NLDAS_2000_2019
410,20,10,6,16,0.1400304496306891,2000,2019,020402070402,2019_2019,nhdhr,NASA_NLDAS_2000_2019
411,20,10,6,16,0.12583482423143005,2000,2019,020402070403,2019_2019,nhdhr,NASA_NLDAS_2000_2019
412,20,10,6,16,0.15630114204051848,2000,2019,020402070404,2019_2019,nhdhr,NASA_NLDAS_2000_2019
413,20,10,6,16,0.14740023370337157,2000,2019,020402070405,2019_2019,nhdhr,NASA_NLDAS_2000_2019
414,20,10,6,16,0.11881650809401927,2000,2019,020402070406,2019_2019,nhdhr,NASA_NLDAS_2000_2019
415,20,10,6,16,0.12713804567281284,2000,2019,020402070501,2019_2019,nhdhr,NASA_NLDAS_2000_2019
416,20,10,6,16,0.14490420311416288,2000,2019,020402070502,2019_2019,nhdhr,NASA_NLDAS_2000_2019
417,20,10,6,16,0.12971384354629303,2000,2019,020402070503,2019_2019,nhdhr,NASA_NLDAS_2000_2019
418,20,10,6,16,0.14755943295210525,2000,2019,020402070504,2019_2019,nhdhr,NASA_NLDAS_2000_2019
419,20,10,6,16,0.14584786847773062,2000,2019,020402070505,2019_2019,nhdhr,NASA_NLDAS_2000_2019
420,20,10,6,16,0.14737607023757507,2000,2019,020402070506,2019_2019,nhdhr,NASA_NLDAS_2000_2019
421,20,10,6,16,0.10962651495051223,2000,2019,020402070507,2019_2019,nhdhr,NASA_NLDAS_2000_2019
422,20,10,6,16,0.12465603440709885,2000,2019,020402070601,2019_2019,nhdhr,NASA_NLDAS_2000_2019
423,20,10,6,16,0.1215710151259061,2000,2019,020402070602,2019_2019,nhdhr,NASA_NLDAS_2000_2019
424,20,10,6,16,0.13222582533255386,2000,2019,020402070603,2019_2019,nhdhr,NASA_NLDAS_2000_2019
425,20,10,6,16,0.13716498299440083,2000,2019,020402070604,2019_2019,nhdhr,NASA_NLDAS_2000_2019
426,20,10,6,16,0.14092750069973758,2000,2019,020402070605,2019_2019,nhdhr,NASA_NLDAS_2000_2019
427,20,10,6,16,0.11756409541369753,2000,2019,020403010301,2019_2019,nhdhr,NASA_NLDAS_2000_2019
428,20,10,6,16,0.11919517796377425,2000,2019,020403010302,2019_2019,nhdhr,NASA_NLDAS_2000_2019
429,20,10,6,16,0.1238123381508154,2000,2019,020403010303,2019_2019,nhdhr,NASA_NLDAS_2000_2019
430,20,10,6,16,0.11838745167237341,2000,2019,020403010304,2019_2019,nhdhr,NASA_NLDAS_2000_2019
431,20,10,6,16,0.12389756777621293,2000,2019,020403010305,2019_2019,nhdhr,NASA_NLDAS_2000_2019
432,20,10,6,16,0.12355839411954332,2000,2019,020403010306,2019_2019,nhdhr,NASA_NLDAS_2000_2019
433,20,10,6,16,0.12897604498430884,2000,2019,020403010402,2019_2019,nhdhr,NASA_NLDAS_2000_2019
434,20,10,6,16,0.12444401050743328,2000,2019,020403010403,2019_2019,nhdhr,NASA_NLDAS_2000_2019
435,20,10,6,16,0.10796030095414275,2000,2019,020403010405,2019_2019,nhdhr,NASA_NLDAS_2000_2019
436,20,10,6,16,0.12351466386094109,2000,2019,020403010406,2019_2019,nhdhr,NASA_NLDAS_2000_2019
437,20,10,6,16,0.11733989693380775,2000,2019,020403010407,2019_2019,nhdhr,NASA_NLDAS_2000_2019
438,20,10,6,16,0.11579241118063004,2000,2019,020403010501,2019_2019,nhdhr,NASA_NLDAS_2000_2019
439,20,10,6,16,0.11744073980540104,2000,2019,020403010502,2019_2019,nhdhr,NASA_NLDAS_2000_2019
440,20,10,6,16,0.10945657439462277,2000,2019,020403010503,2019_2019,nhdhr,NASA_NLDAS_2000_2019
441,20,10,6,16,0.11098970356464423,2000,2019,020403010504,2019_2019,nhdhr,NASA_NLDAS_2000_2019
442,20,10,6,16,0.12476216983800287,2000,2019,020403010505,2019_2019,nhdhr,NASA_NLDAS_2000_2019
443,20,10,6,16,0.13646560524964266,2000,2019,020403010601,2019_2019,nhdhr,NASA_NLDAS_2000_2019
444,20,10,6,16,0.11739242732625269,2000,2019,020403010602,2019_2019,nhdhr,NASA_NLDAS_2000_2019
445,20,10,6,16,0.1072892360336532,2000,2019,020403010603,2019_2019,nhdhr,NASA_NLDAS_2000_2019
446,20,10,6,16,0.11018345198778726,2000,2019,020403010604,2019_2019,nhdhr,NASA_NLDAS_2000_2019
447,20,10,6,16,0.10622564664501646,2000,2019,020403010605,2019_2019,nhdhr,NASA_NLDAS_2000_2019
448,20,10,6,16,0.10172910332254574,2000,2019,020403010606,2019_2019,nhdhr,NASA_NLDAS_2000_2019
449,20,10,6,16,0.12083003771643086,2000,2019,020403010607,2019_2019,nhdhr,NASA_NLDAS_2000_2019
450,20,10,6,16,0.13512772853837254,2000,2019,020403010608,2019_2019,nhdhr,NASA_NLDAS_2000_2019
451,20,10,6,16,0.12323059445888705,2000,2019,020403010609,2019_2019,nhdhr,NASA_NLDAS_2000_2019
452,20,10,6,16,0.11377798768709482,2000,2019,020403010610,2019_2019,nhdhr,NASA_NLDAS_2000_2019
453,20,10,6,16,0.11536077017725213,2000,2019,020403010701,2019_2019,nhdhr,NASA_NLDAS_2000_2019
454,20,10,6,16,0.12973132512908978,2000,2019,020403010702,2019_2019,nhdhr,NASA_NLDAS_2000_2019
455,20,10,6,16,0.12535942685921403,2000,2019,020403010703,2019_2019,nhdhr,NASA_NLDAS_2000_2019
456,20,10,6,16,0.10593753701952123,2000,2019,020403010704,2019_2019,nhdhr,NASA_NLDAS_2000_2019
457,20,10,6,16,0.10195904067471558,2000,2019,020403010705,2019_2019,nhdhr,NASA_NLDAS_2000_2019
458,20,10,6,16,0.12192101151922675,2000,2019,020403020101,2019_2019,nhdhr,NASA_NLDAS_2000_2019
459,20,10,6,16,0.1528143952410263,2000,2019,020403020102,2019_2019,nhdhr,NASA_NLDAS_2000_2019
460,20,10,6,16,0.14430497649974483,2000,2019,020403020103,2019_2019,nhdhr,NASA_NLDAS_2000_2019
461,20,10,6,16,0.1343601899010241,2000,2019,020403020104,2019_2019,nhdhr,NASA_NLDAS_2000_2019
462,20,10,6,16,0.15851836566996955,2000,2019,020403020105,2019_2019,nhdhr,NASA_NLDAS_2000_2019
463,20,10,6,16,0.12644556993413616,2000,2019,020403020106,2019_2019,nhdhr,NASA_NLDAS_2000_2019
464,20,10,6,16,0.1388948717363022,2000,2019,020403020107,2019_2019,nhdhr,NASA_NLDAS_2000_2019
465,20,10,6,16,0.12464791221134651,2000,2019,020403020108,2019_2019,nhdhr,NASA_NLDAS_2000_2019
466,20,10,6,16,0.1226190643661165,2000,2019,020403020201,2019_2019,nhdhr,NASA_NLDAS_2000_2019
467,20,10,6,16,0.10942082582062268,2000,2019,020403020202,2019_2019,nhdhr,NASA_NLDAS_2000_2019
468,20,10,6,16,0.12299897032702306,2000,2019,020403020203,2019_2019,nhdhr,NASA_NLDAS_2000_2019
469,20,10,6,16,0.11735722469559808,2000,2019,020403020204,2019_2019,nhdhr,NASA_NLDAS_2000_2019
470,20,10,6,16,0.12041515403024457,2000,2019,020403020205,2019_2019,nhdhr,NASA_NLDAS_2000_2019
471,20,10,6,16,0.12253507174898111,2000,2019,020403020301,2019_2019,nhdhr,NASA_NLDAS_2000_2019
472,20,10,6,16,0.12382581819554649,2000,2019,020403020302,2019_2019,nhdhr,NASA_NLDAS_2000_2019
473,20,10,6,16,0.1288165422301091,2000,2019,020403020303,2019_2019,nhdhr,NASA_NLDAS_2000_2019
474,20,10,6,16,0.14835428809075316,2000,2019,020403020304,2019_2019,nhdhr,NASA_NLDAS_2000_2019
475,20,10,6,16,0.12807438841232627,2000,2019,020403020401,2019_2019,nhdhr,NASA_NLDAS_2000_2019
476,20,10,6,16,0.12450408672293278,2000,2019,020403020402,2019_2019,nhdhr,NASA_NLDAS_2000_2019
477,20,10,6,16,0.11155615113492966,2000,2019,020403020403,2019_2019,nhdhr,NASA_NLDAS_2000_2019
478,20,10,6,16,0.13724731130371795,2000,2019,020403020404,2019_2019,nhdhr,NASA_NLDAS_2000_2019
479,20,10,6,16,0.1173975167278827,2000,2019,020403020405,2019_2019,nhdhr,NASA_NLDAS_2000_2019
480,20,10,6,16,0.12721779698288146,2000,2019,020403020406,2019_2019,nhdhr,NASA_NLDAS_2000_2019
481,20,10,6,16,0.14144515064478302,2000,2019,020403020407,2019_2019,nhdhr,NASA_NLDAS_2000_2019
482,20,10,6,16,0.1111289446362176,2000,2019,020403020408,2019_2019,nhdhr,NASA_NLDAS_2000_2019
483,20,10,6,16,0.16505325941610927,2000,2019,020403030101,2019_2019,nhdhr,NASA_NLDAS_2000_2019
