,NYrs,NRur,NUrb,NLU,SedDelivRatio,WxYrBeg,WxYrEnd,gwlfe_endpoint,huc,huc_level,huc_run,huc_run_level,huc_run_name,huc_run_states,huc_run_areaacres,land_use_source,closest_weather_stations,stream_layer,weather_source
0,20,10,6,16,0.12029498274614134,2000,2019,gwlfe,020401010101,12,020401010101,12,Town Brook-West Branch Delaware River,NY,20586.32,2019_2019,"4725,14735",nhdhr,NASA_NLDAS_2000_2019
1,20,10,6,16,0.12991458439736328,2000,2019,gwlfe,020401010102,12,020401010102,12,Betty Brook-West Branch Delaware River,NY,16095.45,2019_2019,"4725,14735",nhdhr,NASA_NLDAS_2000_2019
2,20,10,6,16,0.1293623811840007,2000,2019,gwlfe,020401010103,12,020401010103,12,Rose Brook-West Branch Delaware River,NY,16327.17,2019_2019,"4725,14735",nhdhr,NASA_NLDAS_2000_2019
3,20,10,6,16,0.12663545271078408,2000,2019,gwlfe,020401010104,12,020401010104,12,Kidd Brook-West Branch Delaware River,NY,17537.2,2019_2019,"4725,14735",nhdhr,NASA_NLDAS_2000_2019
4,20,10,6,16,0.10452413830075463,2000,2019,gwlfe,020401010105,12,020401010105,12,Little Delaware River,NY,33390.3,2019_2019,"4725,14735",nhdhr,NASA_NLDAS_2000_2019
5,20,10,6,16,0.11847185388107143,2000,2019,gwlfe,020401010106,12,020401010106,12,Elk Brook-West Branch Delaware River,NY,21931.82,2019_2019,"4725,14735",nhdhr,NASA_NLDAS_2000_2019
6,20,10,6,16,0.12333845427637968,2000,2019,gwlfe,020401010201,12,020401010201,12,Platner Brook-West Branch Delaware River,NY,19160.46,2019_2019,"4725,14777",nhdhr,NASA_NLDAS_2000_2019
7,20,10,6,16,0.12310393499575965,2000,2019,gwlfe,020401010202,12,020401010202,12,Bagley Brook-West Branch Delaware River,NY,19284.9,2019_2019,"4725,14777",nhdhr,NASA_NLDAS_2000_2019
8,20,10,6,16,0.13007128790299388,2000,2019,gwlfe,020401010203,12,020401010203,12,East Brook,NY,16028.98,2019_2019,"4725,14777",nhdhr,NASA_NLDAS_2000_2019
9,20,10,6,16,0.13473077417838333,2000,2019,gwlfe,020401010204,12,020401010204,12,Mallory Brook-West Branch Delaware River,NY,14244.69,2019_2019,"4725,14777",nhdhr,NASA_NLDAS_2000_2019
10,20,10,6,16,0.10650542114219391,2000,2019,gwlfe,020401010205,12,020401010205,12,Beers Brook-West Branch Delaware River,NY,31350.77,2019_2019,"4725,14777",nhdhr,NASA_NLDAS_2000_2019
11,20,10,6,16,0.10619377157090254,2000,2019,gwlfe,020401010206,12,020401010206,12,Trout Creek,NY,31688.98,2019_2019,"4725,14777",nhdhr,NASA_NLDAS_2000_2019
12,20,10,6,16,0.10413973634413297,2000,2019,gwlfe,020401010207,12,020401010207,12,Cannonsville Reservoir-West Branch Delaware River,NY,33805.69,2019_2019,"4725,14777",nhdhr,NASA_NLDAS_2000_2019
13,20,10,6,16,0.12234208951857932,2000,2019,gwlfe,020401010301,12,020401010301,12,Cold Spring Creek,NY,19689.14,2019_2019,"4725,14777",nhdhr,NASA_NLDAS_2000_2019
14,20,10,6,16,0.11788313695325102,2000,2019,gwlfe,020401010302,12,020401010302,12,Upper Oquaga Creek,NY,22311.83,2019_2019,"4725,14777",nhdhr,NASA_NLDAS_2000_2019
15,20,10,6,16,0.12016087754719677,2000,2019,gwlfe,020401010303,12,020401010303,12,Lower Oquaga Creek,NY,20913.46,2019_2019,"4725,14777",nhdhr,NASA_NLDAS_2000_2019
16,20,10,6,16,0.13501213730658623,2000,2019,gwlfe,020401010304,12,020401010304,12,Big Hollow-West Branch Delaware River,NY,14145.32,2019_2019,"4725,14777",nhdhr,NASA_NLDAS_2000_2019
17,20,10,6,16,0.11602231988242317,2000,2019,gwlfe,020401010305,12,020401010305,12,Sherman Creek-West Branch Delaware River,"NY,PA",23524.65,2019_2019,"4725,14777",nhdhr,NASA_NLDAS_2000_2019
18,20,10,6,16,0.1433842318934216,2000,2019,gwlfe,020401010306,12,020401010306,12,Sands Creek,NY,11576.99,2019_2019,"4725,14777",nhdhr,NASA_NLDAS_2000_2019
19,20,10,6,16,0.11628915396699818,2000,2019,gwlfe,020401010307,12,020401010307,12,Balls Creek-West Branch Delaware River,"NY,PA",23344.47,2019_2019,"4725,14777",nhdhr,NASA_NLDAS_2000_2019
20,20,10,6,16,0.13293779070443537,2000,2019,gwlfe,020401010401,12,020401010401,12,Upper Equinunk Creek,PA,14899.71,2019_2019,"4725,14777",nhdhr,NASA_NLDAS_2000_2019
21,20,10,6,16,0.11851648215978314,2000,2019,gwlfe,020401010402,12,020401010402,12,Lower Equinunk Creek,PA,21904.12,2019_2019,"4725,14777",nhdhr,NASA_NLDAS_2000_2019
22,20,10,6,16,0.1348943659659263,2000,2019,gwlfe,020401010403,12,020401010403,12,Factory Creek-Delaware River,"NY,PA",14186.81,2019_2019,"4725,14777",nhdhr,NASA_NLDAS_2000_2019
23,20,10,6,16,0.134242363152108,2000,2019,gwlfe,020401010404,12,020401010404,12,Basket Creek,NY,14419.35,2019_2019,"4725,14777",nhdhr,NASA_NLDAS_2000_2019
24,20,10,6,16,0.13002467872540183,2000,2019,gwlfe,020401010405,12,020401010405,12,Little Equinunk Creek,PA,16049.76,2019_2019,"4725,14777",nhdhr,NASA_NLDAS_2000_2019
25,20,10,6,16,0.11664649517816689,2000,2019,gwlfe,020401010406,12,020401010406,12,Pea Brook-Delaware River,"NY,PA",23104.89,2019_2019,"4725,14777",nhdhr,NASA_NLDAS_2000_2019
26,20,10,6,16,0.11166154469411475,2000,2019,gwlfe,020401010501,12,020401010501,12,Hankins Creek-Delaware River,"NY,PA",26751.93,2019_2019,"4725,14777",nhdhr,NASA_NLDAS_2000_2019
27,20,10,6,16,0.11656309427057629,2000,2019,gwlfe,020401010502,12,020401010502,12,North Branch Callicoon Creek,NY,23160.41,2019_2019,"4725,14777",nhdhr,NASA_NLDAS_2000_2019
28,20,10,6,16,0.11972439898112279,2000,2019,gwlfe,020401010503,12,020401010503,12,Upper East Branch Callicoon Creek,NY,21171.3,2019_2019,"4725,14777",nhdhr,NASA_NLDAS_2000_2019
29,20,10,6,16,0.13109308048615825,2000,2019,gwlfe,020401010504,12,020401010504,12,Middle East Branch Callicoon Creek,NY,15615.02,2019_2019,"4725,14777",nhdhr,NASA_NLDAS_2000_2019
30,20,10,6,16,0.1426022135595386,2000,2019,gwlfe,020401010505,12,020401010505,12,Lower East Branch Callicoon Creek,NY,11785.38,2019_2019,"4725,14777",nhdhr,NASA_NLDAS_2000_2019
31,20,10,6,16,0.13102991021600885,2000,2019,gwlfe,020401010506,12,020401010506,12,Beaverdam Creek-Delaware River,"NY,PA",15640.3,2019_2019,"4725,14777",nhdhr,NASA_NLDAS_2000_2019
32,20,10,6,16,0.13614503012040796,2000,2019,gwlfe,020401010601,12,020401010601,12,North Branch Calkins Creek,PA,13754.19,2019_2019,"4725,14777",nhdhr,NASA_NLDAS_2000_2019
33,20,10,6,16,0.13426766942789292,2000,2019,gwlfe,020401010602,12,020401010602,12,South Branch Calkins Creek,PA,14410.24,2019_2019,"4725,14777",nhdhr,NASA_NLDAS_2000_2019
34,20,10,6,16,0.1067101574812418,2000,2019,gwlfe,020401010603,12,020401010603,12,Tenmile River,NY,31149.8,2019_2019,"14737,14777",nhdhr,NASA_NLDAS_2000_2019
35,20,10,6,16,0.11485929103634536,2000,2019,gwlfe,020401010604,12,020401010604,12,Peggy Run-Delaware River,"NY,PA",24333.56,2019_2019,"14737,14777",nhdhr,NASA_NLDAS_2000_2019
36,20,10,6,16,0.12185290406662572,2000,2019,gwlfe,020401010605,12,020401010605,12,Masthope Creek,PA,19955.64,2019_2019,"14737,14777",nhdhr,NASA_NLDAS_2000_2019
37,20,10,6,16,0.14011250175256312,2000,2019,gwlfe,020401010606,12,020401010606,12,Westcolang Creek-Delaware River,"NY,PA",12490.28,2019_2019,"14737,14777",nhdhr,NASA_NLDAS_2000_2019
38,20,10,6,16,0.12293784145695193,2000,2019,gwlfe,020401020101,12,020401020101,12,Little Beaver Kill,NY,19370.78,2019_2019,"4725,14777",nhdhr,NASA_NLDAS_2000_2019
39,20,10,6,16,0.1258011079311787,2000,2019,gwlfe,020401020102,12,020401020102,12,Upper Willowemoc Creek,NY,17930.56,2019_2019,"14735,14777",nhdhr,NASA_NLDAS_2000_2019
40,20,10,6,16,0.11718042001066013,2000,2019,gwlfe,020401020103,12,020401020103,12,Middle Willowemoc Creek,NY,22753.5,2019_2019,"14735,14777",nhdhr,NASA_NLDAS_2000_2019
41,20,10,6,16,0.11583262363849342,2000,2019,gwlfe,020401020104,12,020401020104,12,Lower Willowemoc Creek,NY,23654.18,2019_2019,"4725,14777",nhdhr,NASA_NLDAS_2000_2019
42,20,10,6,16,0.10584484446782456,2000,2019,gwlfe,020401020201,12,020401020201,12,Upper Beaver Kill,NY,32012.62,2019_2019,"14735,14777",nhdhr,NASA_NLDAS_2000_2019
43,20,10,6,16,0.10670081615514002,2000,2019,gwlfe,020401020202,12,020401020202,12,Middle Beaver Kill,NY,31158.95,2019_2019,"4725,14777",nhdhr,NASA_NLDAS_2000_2019
44,20,10,6,16,0.1396134745729595,2000,2019,gwlfe,020401020203,12,020401020203,12,Tennanah Lake-Trout Brook,NY,12640.73,2019_2019,"4725,14777",nhdhr,NASA_NLDAS_2000_2019
45,20,10,6,16,0.10583980004521172,2000,2019,gwlfe,020401020204,12,020401020204,12,Lower Beaver Kill,NY,32017.74,2019_2019,"4725,14777",nhdhr,NASA_NLDAS_2000_2019
46,20,10,6,16,0.14058222657096633,2000,2019,gwlfe,020401020301,12,020401020301,12,Batavia Kill,NY,12332.7,2019_2019,"4725,14735",nhdhr,NASA_NLDAS_2000_2019
47,20,10,6,16,0.10593786646208471,2000,2019,gwlfe,020401020302,12,020401020302,12,Pleasant Valley Brook-East Branch Delaware River,NY,31918.39,2019_2019,"4725,14735",nhdhr,NASA_NLDAS_2000_2019
48,20,10,6,16,0.10767887291361042,2000,2019,gwlfe,020401020303,12,020401020303,12,Vly Creek-Bush Kill,NY,30219.34,2019_2019,"4725,14735",nhdhr,NASA_NLDAS_2000_2019
49,20,10,6,16,0.11758995660304106,2000,2019,gwlfe,020401020304,12,020401020304,12,Dry Brook,NY,22488.67,2019_2019,"4725,14735",nhdhr,NASA_NLDAS_2000_2019
50,20,10,6,16,0.11739383167610967,2000,2019,gwlfe,020401020305,12,020401020305,12,Platte Kill,NY,22615.0,2019_2019,"4725,14735",nhdhr,NASA_NLDAS_2000_2019
51,20,10,6,16,0.1281243103964684,2000,2019,gwlfe,020401020306,12,020401020306,12,Huckleberry Brook-East Branch Delaware River,NY,16862.65,2019_2019,"4725,14735",nhdhr,NASA_NLDAS_2000_2019
52,20,10,6,16,0.1296690388635793,2000,2019,gwlfe,020401020401,12,020401020401,12,Mill Brook,NY,16197.96,2019_2019,"4725,14735",nhdhr,NASA_NLDAS_2000_2019
53,20,10,6,16,0.11532447753300214,2000,2019,gwlfe,020401020402,12,020401020402,12,Tremper Kill-Pepacton Reservoir,NY,24005.75,2019_2019,"4725,14735",nhdhr,NASA_NLDAS_2000_2019
54,20,10,6,16,0.12640852861871954,2000,2019,gwlfe,020401020403,12,020401020403,12,Barkaboom Stream-East Branch Delaware River,NY,17643.06,2019_2019,"4725,14735",nhdhr,NASA_NLDAS_2000_2019
55,20,10,6,16,0.1207093586939681,2000,2019,gwlfe,020401020404,12,020401020404,12,Murphy Hill Brook-Pepacton Reservoir,NY,20595.47,2019_2019,"4725,14777",nhdhr,NASA_NLDAS_2000_2019
56,20,10,6,16,0.11722710641625125,2000,2019,gwlfe,020401020405,12,020401020405,12,Holliday Brook-East Branch Delaware River,NY,22723.11,2019_2019,"4725,14777",nhdhr,NASA_NLDAS_2000_2019
57,20,10,6,16,0.1270791793536208,2000,2019,gwlfe,020401020501,12,020401020501,12,Wilson Hollow Brook-Downs Brook,NY,17332.55,2019_2019,"4725,14777",nhdhr,NASA_NLDAS_2000_2019
58,20,10,6,16,0.1152300064731438,2000,2019,gwlfe,020401020502,12,020401020502,12,Trout Brook-East Branch Delaware River,NY,24071.86,2019_2019,"4725,14777",nhdhr,NASA_NLDAS_2000_2019
59,20,10,6,16,0.12759693617723514,2000,2019,gwlfe,020401020503,12,020401020503,12,Baxter Brook-East Branch Delaware River,NY,17097.67,2019_2019,"4725,14777",nhdhr,NASA_NLDAS_2000_2019
60,20,10,6,16,0.14552351108221934,2000,2019,gwlfe,020401020504,12,020401020504,12,Read Creek,NY,11016.31,2019_2019,"4725,14777",nhdhr,NASA_NLDAS_2000_2019
61,20,10,6,16,0.14050889694309426,2000,2019,gwlfe,020401020505,12,020401020505,12,Fish Creek-East Branch Delaware River,NY,12372.43,2019_2019,"4725,14777",nhdhr,NASA_NLDAS_2000_2019
62,20,10,6,16,0.14349970744545787,2000,2019,gwlfe,020401020506,12,020401020506,12,Cadosia Creek,NY,11546.38,2019_2019,"4725,14777",nhdhr,NASA_NLDAS_2000_2019
63,20,10,6,16,0.13195876718102617,2000,2019,gwlfe,020401020507,12,020401020507,12,Peas Eddy Brook-East Branch Delaware River,NY,15273.91,2019_2019,"4725,14777",nhdhr,NASA_NLDAS_2000_2019
64,20,10,6,16,0.14673060887547712,2000,2019,gwlfe,020401030101,12,020401030101,12,Johnson Creek,PA,10705.76,2019_2019,"4725,14777",nhdhr,NASA_NLDAS_2000_2019
65,20,10,6,16,0.1346722825286941,2000,2019,gwlfe,020401030102,12,020401030102,12,Van Auken Creek,PA,14244.53,2019_2019,"4725,14777",nhdhr,NASA_NLDAS_2000_2019
66,20,10,6,16,0.10390556011527993,2000,2019,gwlfe,020401030103,12,020401030103,12,Belmont Lake-West Branch Lackawaxen River,PA,34069.38,2019_2019,"4725,14777",nhdhr,NASA_NLDAS_2000_2019
67,20,10,6,16,0.14623422575224002,2000,2019,gwlfe,020401030201,12,020401030201,12,East Branch Dyberry Creek,PA,10832.97,2019_2019,"4725,14777",nhdhr,NASA_NLDAS_2000_2019
68,20,10,6,16,0.12449083832741736,2000,2019,gwlfe,020401030202,12,020401030202,12,West Branch Dyberry Creek,PA,18571.74,2019_2019,"4725,14777",nhdhr,NASA_NLDAS_2000_2019
69,20,10,6,16,0.1316083583866706,2000,2019,gwlfe,020401030203,12,020401030203,12,Big Brook-Dyberry Creek,PA,15410.81,2019_2019,"4725,14777",nhdhr,NASA_NLDAS_2000_2019
70,20,10,6,16,0.11291186680701967,2000,2019,gwlfe,020401030301,12,020401030301,12,Upper Middle Creek,PA,25770.75,2019_2019,"14737,14777",nhdhr,NASA_NLDAS_2000_2019
71,20,10,6,16,0.1115309476521666,2000,2019,gwlfe,020401030302,12,020401030302,12,Lower Middle Creek,PA,26857.19,2019_2019,"14737,14777",nhdhr,NASA_NLDAS_2000_2019
72,20,10,6,16,0.14878447556318017,2000,2019,gwlfe,020401030401,12,020401030401,12,Jones Creek,PA,10186.43,2019_2019,"14737,14777",nhdhr,NASA_NLDAS_2000_2019
73,20,10,6,16,0.10486501426688273,2000,2019,gwlfe,020401030402,12,020401030402,12,Butternut Creek-West Branch Wallenpaupack Creek,PA,33027.46,2019_2019,"14737,14777",nhdhr,NASA_NLDAS_2000_2019
74,20,10,6,16,0.14572239323098454,2000,2019,gwlfe,020401030501,12,020401030501,12,Bridge Creek,PA,10964.86,2019_2019,"14737,14777",nhdhr,NASA_NLDAS_2000_2019
75,20,10,6,16,0.14658226453187104,2000,2019,gwlfe,020401030502,12,020401030502,12,East Branch Wallenpaupack,PA,10743.7,2019_2019,"14737,14777",nhdhr,NASA_NLDAS_2000_2019
76,20,10,6,16,0.11255246707539222,2000,2019,gwlfe,020401030503,12,020401030503,12,Headwaters Wallenpaupack Creek,PA,26047.93,2019_2019,"14737,14777",nhdhr,NASA_NLDAS_2000_2019
77,20,10,6,16,0.14951224582119987,2000,2019,gwlfe,020401030504,12,020401030504,12,Ariel Creek,PA,10311.44,2019_2019,"14737,14777",nhdhr,NASA_NLDAS_2000_2019
78,20,10,6,16,0.09592016230551734,2000,2019,gwlfe,020401030505,12,020401030505,12,Lake Wallenpaupack-Wallenpaupack Creek,PA,44239.78,2019_2019,"14737,14777",nhdhr,NASA_NLDAS_2000_2019
79,20,10,6,16,0.110305234239033,2000,2019,gwlfe,020401030601,12,020401030601,12,Carley Brook-Lackawaxen River,PA,27871.83,2019_2019,"14737,14777",nhdhr,NASA_NLDAS_2000_2019
80,20,10,6,16,0.12325141625076144,2000,2019,gwlfe,020401030602,12,020401030602,12,Blooming Grove Creek,PA,19205.9,2019_2019,"14737,14777",nhdhr,NASA_NLDAS_2000_2019
81,20,10,6,16,0.10431856880129772,2000,2019,gwlfe,020401030603,12,020401030603,12,Lackawaxen River-Delaware River,PA,33611.61,2019_2019,"14737,14777",nhdhr,NASA_NLDAS_2000_2019
82,20,10,6,16,0.14230285182971697,2000,2019,gwlfe,020401040101,12,020401040101,12,Middle Mongaup River,NY,11865.66,2019_2019,"14734,14777",nhdhr,NASA_NLDAS_2000_2019
83,20,10,6,16,0.1285280633386421,2000,2019,gwlfe,020401040102,12,020401040102,12,East Mongaup River,NY,16685.55,2019_2019,"14734,14777",nhdhr,NASA_NLDAS_2000_2019
84,20,10,6,16,0.12717971697974864,2000,2019,gwlfe,020401040103,12,020401040103,12,West Branch Mongaup River,NY,17286.62,2019_2019,"14734,14777",nhdhr,NASA_NLDAS_2000_2019
85,20,10,6,16,0.1079425005736299,2000,2019,gwlfe,020401040104,12,020401040104,12,Swinging Bridge Reservoir-Mongaup River,NY,29972.39,2019_2019,"14734,14777",nhdhr,NASA_NLDAS_2000_2019
86,20,10,6,16,0.1145617573721543,2000,2019,gwlfe,020401040105,12,020401040105,12,Black Lake Creek,NY,24546.29,2019_2019,"14734,14777",nhdhr,NASA_NLDAS_2000_2019
87,20,10,6,16,0.1398876497140712,2000,2019,gwlfe,020401040106,12,020401040106,12,Black Brook,NY,12557.78,2019_2019,"14734,14777",nhdhr,NASA_NLDAS_2000_2019
88,20,10,6,16,0.12077858059620981,2000,2019,gwlfe,020401040107,12,020401040107,12,Rio Reservoir-Mongaup River,NY,20557.56,2019_2019,"14734,14777",nhdhr,NASA_NLDAS_2000_2019
89,20,10,6,16,0.13051754394021578,2000,2019,gwlfe,020401040201,12,020401040201,12,Gumaer Brook-Basher Kill,NY,15847.28,2019_2019,"14734,94728",nhdhr,NASA_NLDAS_2000_2019
90,20,10,6,16,0.14591920954548804,2000,2019,gwlfe,020401040202,12,020401040202,12,Pine Kill,NY,10914.06,2019_2019,"14734,94728",nhdhr,NASA_NLDAS_2000_2019
91,20,10,6,16,0.12242797698780576,2000,2019,gwlfe,020401040203,12,020401040203,12,Basher Kill,NY,19642.82,2019_2019,"14734,94728",nhdhr,NASA_NLDAS_2000_2019
92,20,10,6,16,0.11828677050587263,2000,2019,gwlfe,020401040301,12,020401040301,12,West Branch Neversink River,NY,22047.19,2019_2019,"14735,14777",nhdhr,NASA_NLDAS_2000_2019
93,20,10,6,16,0.12641816987936774,2000,2019,gwlfe,020401040302,12,020401040302,12,East Branch Neversink River,NY,17638.55,2019_2019,"14735,94728",nhdhr,NASA_NLDAS_2000_2019
94,20,10,6,16,0.12270082014759796,2000,2019,gwlfe,020401040303,12,020401040303,12,Neversink River,NY,19496.63,2019_2019,"14735,14777",nhdhr,NASA_NLDAS_2000_2019
95,20,10,6,16,0.12286700284869699,2000,2019,gwlfe,020401040304,12,020401040304,12,Sheldrake Stream,NY,19408.28,2019_2019,"14734,14777",nhdhr,NASA_NLDAS_2000_2019
96,20,10,6,16,0.10830182139280649,2000,2019,gwlfe,020401040305,12,020401040305,12,Upper Neversink River,NY,29639.99,2019_2019,"14734,94728",nhdhr,NASA_NLDAS_2000_2019
97,20,10,6,16,0.14042950556670108,2000,2019,gwlfe,020401040306,12,020401040306,12,Turner Brook-Bush Kill,NY,12395.92,2019_2019,"14734,94728",nhdhr,NASA_NLDAS_2000_2019
98,20,10,6,16,0.10959807764243483,2000,2019,gwlfe,020401040307,12,020401040307,12,Middle Neversink River,NY,28479.91,2019_2019,"14734,94728",nhdhr,NASA_NLDAS_2000_2019
99,20,10,6,16,0.11020442578627965,2000,2019,gwlfe,020401040308,12,020401040308,12,Lower Neversink River,"NJ,NY",27957.48,2019_2019,"14734,94728",nhdhr,NASA_NLDAS_2000_2019
100,20,10,6,16,0.11538525234842527,2000,2019,gwlfe,020401040401,12,020401040401,12,Upper Shohola Creek,PA,23963.34,2019_2019,"14737,14777",nhdhr,NASA_NLDAS_2000_2019
101,20,10,6,16,0.131022458345035,2000,2019,gwlfe,020401040402,12,020401040402,12,Middle Shohola Creek,PA,15643.28,2019_2019,"14737,14777",nhdhr,NASA_NLDAS_2000_2019
102,20,10,6,16,0.13249106561058666,2000,2019,gwlfe,020401040403,12,020401040403,12,Lower Shohola Creek,PA,15068.96,2019_2019,"14737,14777",nhdhr,NASA_NLDAS_2000_2019
103,20,10,6,16,0.1325054148522149,2000,2019,gwlfe,020401040501,12,020401040501,12,Beaver Brook,NY,15063.49,2019_2019,"14737,14777",nhdhr,NASA_NLDAS_2000_2019
104,20,10,6,16,0.1253998321471679,2000,2019,gwlfe,020401040502,12,020401040502,12,Halfway Brook,NY,18123.83,2019_2019,"14737,14777",nhdhr,NASA_NLDAS_2000_2019
105,20,10,6,16,0.14015559007253817,2000,2019,gwlfe,020401040503,12,020401040503,12,Mill Brook,NY,12477.4,2019_2019,"14734,14777",nhdhr,NASA_NLDAS_2000_2019
106,20,10,6,16,0.11296345277524594,2000,2019,gwlfe,020401040504,12,020401040504,12,Twin Lakes Creek-Delaware River,"NY,PA",25731.28,2019_2019,"14737,14777",nhdhr,NASA_NLDAS_2000_2019
107,20,10,6,16,0.11016823353591063,2000,2019,gwlfe,020401040505,12,020401040505,12,Shingle Kill-Delaware River,"NJ,NY,PA",27988.31,2019_2019,"14734,14777",nhdhr,NASA_NLDAS_2000_2019
108,20,10,6,16,0.14599383989651715,2000,2019,gwlfe,020401040601,12,020401040601,12,Brights Creek,PA,10894.82,2019_2019,"14737,14777",nhdhr,NASA_NLDAS_2000_2019
109,20,10,6,16,0.11447995952727726,2000,2019,gwlfe,020401040602,12,020401040602,12,Upper Bush Kill,PA,24605.19,2019_2019,"14737,14777",nhdhr,NASA_NLDAS_2000_2019
110,20,10,6,16,0.13706731183421542,2000,2019,gwlfe,020401040603,12,020401040603,12,Middle Bush Kill,PA,13446.08,2019_2019,"14737,14777",nhdhr,NASA_NLDAS_2000_2019
111,20,10,6,16,0.12303744885721984,2000,2019,gwlfe,020401040604,12,020401040604,12,Saw Creek,PA,19318.21,2019_2019,"14737,14777",nhdhr,NASA_NLDAS_2000_2019
112,20,10,6,16,0.1198112564346849,2000,2019,gwlfe,020401040605,12,020401040605,12,Little Bush Kill,PA,21119.84,2019_2019,"14737,14777",nhdhr,NASA_NLDAS_2000_2019
113,20,10,6,16,0.14297798833269404,2000,2019,gwlfe,020401040606,12,020401040606,12,Lower Bush Kill,PA,11685.01,2019_2019,"14737,14777",nhdhr,NASA_NLDAS_2000_2019
114,20,10,6,16,0.13098447655698287,2000,2019,gwlfe,020401040701,12,020401040701,12,Sawkill Creek,PA,15658.51,2019_2019,"14737,14777",nhdhr,NASA_NLDAS_2000_2019
115,20,10,6,16,0.13132941672405996,2000,2019,gwlfe,020401040702,12,020401040702,12,Raymondskill Creek,PA,15520.92,2019_2019,"14737,14777",nhdhr,NASA_NLDAS_2000_2019
116,20,10,6,16,0.1462783629445693,2000,2019,gwlfe,020401040703,12,020401040703,12,Dingmans Creek,PA,10821.63,2019_2019,"14737,14777",nhdhr,NASA_NLDAS_2000_2019
117,20,10,6,16,0.10373253588281957,2000,2019,gwlfe,020401040704,12,020401040704,12,Shimers Brook-Delaware River,"NJ,PA",34253.07,2019_2019,"14734,14777",nhdhr,NASA_NLDAS_2000_2019
118,20,10,6,16,0.11125815135549212,2000,2019,gwlfe,020401040705,12,020401040705,12,Hornbecks Creek-Delaware River,"NJ,PA",27078.81,2019_2019,"14737,14777",nhdhr,NASA_NLDAS_2000_2019
119,20,10,6,16,0.13728563512684383,2000,2019,gwlfe,020401040801,12,020401040801,12,Upper McMichael Creek,PA,13374.46,2019_2019,"14737,14777",nhdhr,NASA_NLDAS_2000_2019
120,20,10,6,16,0.1352122918599481,2000,2019,gwlfe,020401040802,12,020401040802,12,Appenzell Creek,PA,14075.18,2019_2019,"14737,14777",nhdhr,NASA_NLDAS_2000_2019
121,20,10,6,16,0.11728642155922389,2000,2019,gwlfe,020401040803,12,020401040803,12,Upper Pocono Creek,PA,22684.57,2019_2019,"14737,14777",nhdhr,NASA_NLDAS_2000_2019
122,20,10,6,16,0.1536672432466409,2000,2019,gwlfe,020401040804,12,020401040804,12,Lower Pocono Creek,PA,8994.05,2019_2019,"14737,14777",nhdhr,NASA_NLDAS_2000_2019
123,20,10,6,16,0.13384235534620145,2000,2019,gwlfe,020401040805,12,020401040805,12,Lower McMichael Creek,PA,14564.48,2019_2019,"14737,14777",nhdhr,NASA_NLDAS_2000_2019
124,20,10,6,16,0.11177032855958162,2000,2019,gwlfe,020401040901,12,020401040901,12,Upper Broadhead Creek,PA,26664.65,2019_2019,"14737,14777",nhdhr,NASA_NLDAS_2000_2019
125,20,10,6,16,0.11035794165024859,2000,2019,gwlfe,020401040902,12,020401040902,12,Paradise Creek,PA,27827.19,2019_2019,"14737,14777",nhdhr,NASA_NLDAS_2000_2019
126,20,10,6,16,0.12463791462618888,2000,2019,gwlfe,020401040903,12,020401040903,12,Middle Broadhead Creek,PA,18498.3,2019_2019,"14737,14777",nhdhr,NASA_NLDAS_2000_2019
127,20,10,6,16,0.12818925143403764,2000,2019,gwlfe,020401040904,12,020401040904,12,Marshalls Creek,PA,16834.0,2019_2019,"14737,14777",nhdhr,NASA_NLDAS_2000_2019
128,20,10,6,16,0.12125344885624083,2000,2019,gwlfe,020401040905,12,020401040905,12,Lower Broadhead Creek,PA,20288.63,2019_2019,"14737,14777",nhdhr,NASA_NLDAS_2000_2019
129,20,10,6,16,0.14725417025442886,2000,2019,gwlfe,020401041001,12,020401041001,12,Little Flat Brook,NJ,10572.3,2019_2019,"14734,14737",nhdhr,NASA_NLDAS_2000_2019
130,20,10,6,16,0.1203114127655586,2000,2019,gwlfe,020401041002,12,020401041002,12,Big Flat Brook,NJ,20826.65,2019_2019,"14734,14737",nhdhr,NASA_NLDAS_2000_2019
131,20,10,6,16,0.14636515039880385,2000,2019,gwlfe,020401041003,12,020401041003,12,Flat Brook,NJ,10799.35,2019_2019,"14737,14777",nhdhr,NASA_NLDAS_2000_2019
132,20,10,6,16,0.13728622178373953,2000,2019,gwlfe,020401041004,12,020401041004,12,Cherry Creek,PA,13374.27,2019_2019,"14737,14777",nhdhr,NASA_NLDAS_2000_2019
133,20,10,6,16,0.11496870697438685,2000,2019,gwlfe,020401041005,12,020401041005,12,Vancampens Brook-Delaware River,"NJ,PA",24255.94,2019_2019,"14737,14777",nhdhr,NASA_NLDAS_2000_2019
134,20,10,6,16,0.09813176487230571,2000,2019,gwlfe,020401050101,12,020401050101,12,Headwaters Paulins Kill ,NJ,41265.78,2019_2019,"14734,94728",nhdhr,NASA_NLDAS_2000_2019
135,20,10,6,16,0.11113524539422376,2000,2019,gwlfe,020401050102,12,020401050102,12,Upper Paulins Kill ,NJ,27179.43,2019_2019,"14734,14737",nhdhr,NASA_NLDAS_2000_2019
136,20,10,6,16,0.1187493642984469,2000,2019,gwlfe,020401050103,12,020401050103,12,Middle Paulins Kill,NJ,21760.3,2019_2019,"14734,14737",nhdhr,NASA_NLDAS_2000_2019
137,20,10,6,16,0.1164309990871004,2000,2019,gwlfe,020401050104,12,020401050104,12,Lower Paulins Kill,NJ,23248.7,2019_2019,"14737,14777",nhdhr,NASA_NLDAS_2000_2019
138,20,10,6,16,0.11412466962977104,2000,2019,gwlfe,020401050201,12,020401050201,12,Upper Pequest River,NJ,24863.18,2019_2019,"14734,14737",nhdhr,NASA_NLDAS_2000_2019
139,20,10,6,16,0.11031717996212823,2000,2019,gwlfe,020401050202,12,020401050202,12,Middle Pequest River,NJ,27861.7,2019_2019,"14734,14737",nhdhr,NASA_NLDAS_2000_2019
140,20,10,6,16,0.11637451566791518,2000,2019,gwlfe,020401050203,12,020401050203,12,Beaver Brook,NJ,23286.59,2019_2019,"14734,14737",nhdhr,NASA_NLDAS_2000_2019
141,20,10,6,16,0.11506111112807345,2000,2019,gwlfe,020401050204,12,020401050204,12,Lower Pequest River,NJ,24190.63,2019_2019,"14734,14737",nhdhr,NASA_NLDAS_2000_2019
142,20,10,6,16,0.14468829908107678,2000,2019,gwlfe,020401050301,12,020401050301,12,Little Bushkill Creek,PA,11233.61,2019_2019,"14737,14777",nhdhr,NASA_NLDAS_2000_2019
143,20,10,6,16,0.12136664784674465,2000,2019,gwlfe,020401050302,12,020401050302,12,Upper Bushkill Creek,PA,20225.2,2019_2019,"14737,14777",nhdhr,NASA_NLDAS_2000_2019
144,20,10,6,16,0.1223509933845574,2000,2019,gwlfe,020401050303,12,020401050303,12,Lower Bushkill Creek,PA,19684.33,2019_2019,"14737,14777",nhdhr,NASA_NLDAS_2000_2019
145,20,10,6,16,0.13433280398728084,2000,2019,gwlfe,020401050401,12,020401050401,12,Upper Pohatcong Creek,NJ,14386.8,2019_2019,"14734,14737",nhdhr,NASA_NLDAS_2000_2019
146,20,10,6,16,0.11793703208638946,2000,2019,gwlfe,020401050402,12,020401050402,12,Lower Pohatcong Creek,NJ,22267.35,2019_2019,"13739,14737",nhdhr,NASA_NLDAS_2000_2019
147,20,10,6,16,0.1163968955793146,2000,2019,gwlfe,020401050501,12,020401050501,12,Lake Hopatcong-Musconetcong River,NJ,23277.31,2019_2019,"14734,94728",nhdhr,NASA_NLDAS_2000_2019
148,20,10,6,16,0.10888800553360797,2000,2019,gwlfe,020401050502,12,020401050502,12,Lubbers Run-Musconetcong River,NJ,29107.93,2019_2019,"14734,14737",nhdhr,NASA_NLDAS_2000_2019
149,20,10,6,16,0.12054981513834918,2000,2019,gwlfe,020401050503,12,020401050503,12,Trout Brook-Musconetcong River,NJ,20688.76,2019_2019,"14734,14737",nhdhr,NASA_NLDAS_2000_2019
150,20,10,6,16,0.11189964184739379,2000,2019,gwlfe,020401050504,12,020401050504,12,Outlet Musconetcong River,NJ,26561.39,2019_2019,"13739,14737",nhdhr,NASA_NLDAS_2000_2019
151,20,10,6,16,0.10587667274674777,2000,2019,gwlfe,020401050601,12,020401050601,12,Allegheny Creek-Delaware River,"NJ,PA",31980.34,2019_2019,"14737,14777",nhdhr,NASA_NLDAS_2000_2019
152,20,10,6,16,0.10955988526095636,2000,2019,gwlfe,020401050602,12,020401050602,12,Martins Creek,PA,28513.24,2019_2019,"14737,14777",nhdhr,NASA_NLDAS_2000_2019
153,20,10,6,16,0.10158643309966492,2000,2019,gwlfe,020401050603,12,020401050603,12,Buckhorn Creek-Delaware River,"NJ,PA",36742.34,2019_2019,"14737,14777",nhdhr,NASA_NLDAS_2000_2019
154,20,10,6,16,0.12378555530968971,2000,2019,gwlfe,020401050604,12,020401050604,12,Cooks Creek,PA,18929.21,2019_2019,"13739,14737",nhdhr,NASA_NLDAS_2000_2019
155,20,10,6,16,0.11660655232638703,2000,2019,gwlfe,020401050605,12,020401050605,12,Lopatcong Creek-Delaware River,"NJ,PA",23131.46,2019_2019,"13739,14737",nhdhr,NASA_NLDAS_2000_2019
156,20,10,6,16,0.1098753727916791,2000,2019,gwlfe,020401050701,12,020401050701,12,Upper Tohickon Creek,PA,28239.43,2019_2019,"13739,14737",nhdhr,NASA_NLDAS_2000_2019
157,20,10,6,16,0.11195548235802476,2000,2019,gwlfe,020401050702,12,020401050702,12,Middle Tohickon Creek,PA,26516.96,2019_2019,"13739,14737",nhdhr,NASA_NLDAS_2000_2019
158,20,10,6,16,0.12799129155472996,2000,2019,gwlfe,020401050703,12,020401050703,12,Lower Tohickon Creek,PA,16921.53,2019_2019,"13739,14737",nhdhr,NASA_NLDAS_2000_2019
159,20,10,6,16,0.11716343860082479,2000,2019,gwlfe,020401050801,12,020401050801,12,Upper Assunpink Creek,NJ,22764.57,2019_2019,"13739,14734",nhdhr,NASA_NLDAS_2000_2019
160,20,10,6,16,0.15588410294667604,2000,2019,gwlfe,020401050802,12,020401050802,12,Miry Run,NJ,8470.65,2019_2019,"13739,14734",nhdhr,NASA_NLDAS_2000_2019
161,20,10,6,16,0.11056519311699259,2000,2019,gwlfe,020401050803,12,020401050803,12,Lower Assunpink Creek,NJ,27652.53,2019_2019,"13739,14734",nhdhr,NASA_NLDAS_2000_2019
162,20,10,6,16,0.14455978113175594,2000,2019,gwlfe,020401050901,12,020401050901,12,Hakihokake Creek,NJ,11267.23,2019_2019,"13739,14737",nhdhr,NASA_NLDAS_2000_2019
163,20,10,6,16,0.152291186824928,2000,2019,gwlfe,020401050902,12,020401050902,12,Nishisakawick Creek,NJ,9324.39,2019_2019,"13739,14737",nhdhr,NASA_NLDAS_2000_2019
164,20,10,6,16,0.13161009992601827,2000,2019,gwlfe,020401050903,12,020401050903,12,Tinicum Creek,PA,15410.12,2019_2019,"13739,14737",nhdhr,NASA_NLDAS_2000_2019
165,20,10,6,16,0.10586560380167201,2000,2019,gwlfe,020401050904,12,020401050904,12,Harihokake Creek-Delaware River,"NJ,PA",31991.56,2019_2019,"13739,14737",nhdhr,NASA_NLDAS_2000_2019
166,20,10,6,16,0.1324443542728425,2000,2019,gwlfe,020401050905,12,020401050905,12,Lockatong Creek,NJ,15086.8,2019_2019,"13739,14737",nhdhr,NASA_NLDAS_2000_2019
167,20,10,6,16,0.12761352085155664,2000,2019,gwlfe,020401050906,12,020401050906,12,Wickecheoke Creek,NJ,17090.21,2019_2019,"13739,14737",nhdhr,NASA_NLDAS_2000_2019
168,20,10,6,16,0.15070818227174512,2000,2019,gwlfe,020401050907,12,020401050907,12,Alexauken Creek,NJ,9751.05,2019_2019,"13739,14737",nhdhr,NASA_NLDAS_2000_2019
169,20,10,6,16,0.11517074397195363,2000,2019,gwlfe,020401050908,12,020401050908,12,Paunnacussing Creek-Delaware River,"NJ,PA",24113.45,2019_2019,"13739,14737",nhdhr,NASA_NLDAS_2000_2019
170,20,10,6,16,0.1131156132384121,2000,2019,gwlfe,020401050909,12,020401050909,12,Pidcock Creek-Delaware River,"NJ,PA",25615.31,2019_2019,"13739,14737",nhdhr,NASA_NLDAS_2000_2019
171,20,10,6,16,0.11533560539317347,2000,2019,gwlfe,020401050910,12,020401050910,12,Jacobs Creek-Delaware River,"NJ,PA",23997.98,2019_2019,"13739,14737",nhdhr,NASA_NLDAS_2000_2019
172,20,10,6,16,0.13152692278874634,2000,2019,gwlfe,020401050911,12,020401050911,12,Buck Creek-Delaware River,"NJ,PA",15442.85,2019_2019,"13739,14737",nhdhr,NASA_NLDAS_2000_2019
173,20,10,6,16,0.12834876287974284,2000,2019,gwlfe,020401060101,12,020401060101,12,Stillwater Lake-Upper Tunkhannock Creek,PA,16763.9,2019_2019,"14737,14777",nhdhr,NASA_NLDAS_2000_2019
174,20,10,6,16,0.1058385770758504,2000,2019,gwlfe,020401060102,12,020401060102,12,Pocono Lake Dam-Tobyhanna Creek,PA,32018.98,2019_2019,"14737,14777",nhdhr,NASA_NLDAS_2000_2019
175,20,10,6,16,0.12129992099223538,2000,2019,gwlfe,020401060103,12,020401060103,12,Tunkhannock Creek,PA,20262.56,2019_2019,"14737,14777",nhdhr,NASA_NLDAS_2000_2019
176,20,10,6,16,0.13678673183768095,2000,2019,gwlfe,020401060104,12,020401060104,12,Tobyhanna Creek-Lehigh River,PA,13538.86,2019_2019,"14737,14777",nhdhr,NASA_NLDAS_2000_2019
177,20,10,6,16,0.10008943807000048,2000,2019,gwlfe,020401060201,12,020401060201,12,Headwaters Lehigh River,PA,38618.46,2019_2019,"14737,14777",nhdhr,NASA_NLDAS_2000_2019
178,20,10,6,16,0.1488451746475168,2000,2019,gwlfe,020401060202,12,020401060202,12,Bradys Lake-Trout Creek,PA,10171.25,2019_2019,"14737,14777",nhdhr,NASA_NLDAS_2000_2019
179,20,10,6,16,0.10504639603391205,2000,2019,gwlfe,020401060203,12,020401060203,12,Bear Creek,PA,32836.48,2019_2019,"14737,14777",nhdhr,NASA_NLDAS_2000_2019
180,20,10,6,16,0.1027703760821839,2000,2019,gwlfe,020401060204,12,020401060204,12,Wright Creek-Lehigh River,PA,35341.11,2019_2019,"14737,14777",nhdhr,NASA_NLDAS_2000_2019
181,20,10,6,16,0.1452425938987802,2000,2019,gwlfe,020401060301,12,020401060301,12,Black Creek,PA,11089.17,2019_2019,"14737,14777",nhdhr,NASA_NLDAS_2000_2019
182,20,10,6,16,0.13433197166680358,2000,2019,gwlfe,020401060302,12,020401060302,12,Sandy Run,PA,14387.1,2019_2019,"14737,14777",nhdhr,NASA_NLDAS_2000_2019
183,20,10,6,16,0.11453537778671379,2000,2019,gwlfe,020401060303,12,020401060303,12,Mud Run,PA,24565.26,2019_2019,"14737,14777",nhdhr,NASA_NLDAS_2000_2019
184,20,10,6,16,0.0994834918940841,2000,2019,gwlfe,020401060304,12,020401060304,12,Stony Creek-Lehigh River,PA,39414.17,2019_2019,"14737,14777",nhdhr,NASA_NLDAS_2000_2019
185,20,10,6,16,0.1395882985182414,2000,2019,gwlfe,020401060305,12,020401060305,12,Hazle Creek,PA,12648.38,2019_2019,"14737,14777",nhdhr,NASA_NLDAS_2000_2019
186,20,10,6,16,0.13368687321905098,2000,2019,gwlfe,020401060306,12,020401060306,12,Quakake Creek,PA,14621.4,2019_2019,"14737,14777",nhdhr,NASA_NLDAS_2000_2019
187,20,10,6,16,0.1440345011995707,2000,2019,gwlfe,020401060307,12,020401060307,12,Beaver Creek-Black Creek,PA,11405.13,2019_2019,"14737,14777",nhdhr,NASA_NLDAS_2000_2019
188,20,10,6,16,0.11879496252446373,2000,2019,gwlfe,020401060308,12,020401060308,12,Nesquehoning Creek,PA,21732.29,2019_2019,"14737,14777",nhdhr,NASA_NLDAS_2000_2019
189,20,10,6,16,0.11457949105221522,2000,2019,gwlfe,020401060309,12,020401060309,12,Mahoning Creek,PA,24533.54,2019_2019,"14737,14777",nhdhr,NASA_NLDAS_2000_2019
190,20,10,6,16,0.10929889478209442,2000,2019,gwlfe,020401060310,12,020401060310,12,Mauch Chunk Creek-Lehigh River,PA,28742.36,2019_2019,"14737,14777",nhdhr,NASA_NLDAS_2000_2019
191,20,10,6,16,0.14231668483595822,2000,2019,gwlfe,020401060401,12,020401060401,12,Middle Creek,PA,11861.95,2019_2019,"14737,14777",nhdhr,NASA_NLDAS_2000_2019
192,20,10,6,16,0.12184735833846654,2000,2019,gwlfe,020401060402,12,020401060402,12,Headwaters Pohopoco Creek,PA,19958.69,2019_2019,"14737,14777",nhdhr,NASA_NLDAS_2000_2019
193,20,10,6,16,0.13284754493284226,2000,2019,gwlfe,020401060403,12,020401060403,12,Wild Creek,PA,14933.7,2019_2019,"14737,14777",nhdhr,NASA_NLDAS_2000_2019
194,20,10,6,16,0.11498506576385736,2000,2019,gwlfe,020401060404,12,020401060404,12,Beltzville Lake-Pohopoco Creek,PA,24244.36,2019_2019,"14737,14777",nhdhr,NASA_NLDAS_2000_2019
195,20,10,6,16,0.1111909447842797,2000,2019,gwlfe,020401060501,12,020401060501,12,Buckwha Creek,PA,27133.77,2019_2019,"14737,14777",nhdhr,NASA_NLDAS_2000_2019
196,20,10,6,16,0.11683241952896564,2000,2019,gwlfe,020401060502,12,020401060502,12,Aquashicola Creek,PA,22981.73,2019_2019,"14737,14777",nhdhr,NASA_NLDAS_2000_2019
197,20,10,6,16,0.1112230911333113,2000,2019,gwlfe,020401060601,12,020401060601,12,Upper Jordan Creek,PA,27107.46,2019_2019,"14737,14777",nhdhr,NASA_NLDAS_2000_2019
198,20,10,6,16,0.11315648279260403,2000,2019,gwlfe,020401060602,12,020401060602,12,Lower Jordan Creek,PA,25584.28,2019_2019,"14737,14777",nhdhr,NASA_NLDAS_2000_2019
199,20,10,6,16,0.1321956127543305,2000,2019,gwlfe,020401060701,12,020401060701,12,Spring Creek,PA,15182.28,2019_2019,"14737,14777",nhdhr,NASA_NLDAS_2000_2019
200,20,10,6,16,0.1094331552797682,2000,2019,gwlfe,020401060702,12,020401060702,12,Little Lehigh Creek,PA,28624.19,2019_2019,"13739,14737",nhdhr,NASA_NLDAS_2000_2019
201,20,10,6,16,0.11395368817201336,2000,2019,gwlfe,020401060703,12,020401060703,12,Cedar Creek-Little Lehigh Creek,PA,24988.59,2019_2019,"13739,14737",nhdhr,NASA_NLDAS_2000_2019
202,20,10,6,16,0.10495818427833677,2000,2019,gwlfe,020401060801,12,020401060801,12,Lizard Creek,PA,32929.18,2019_2019,"14737,14777",nhdhr,NASA_NLDAS_2000_2019
203,20,10,6,16,0.1344602686779039,2000,2019,gwlfe,020401060802,12,020401060802,12,Trout Creek,PA,14341.09,2019_2019,"14737,14777",nhdhr,NASA_NLDAS_2000_2019
204,20,10,6,16,0.16596685729827562,2000,2019,gwlfe,020401060803,12,020401060803,12,Bertsch Creek,PA,6211.64,2019_2019,"14737,14777",nhdhr,NASA_NLDAS_2000_2019
205,20,10,6,16,0.11359277674383841,2000,2019,gwlfe,020401060804,12,020401060804,12,Fireline Creek-Lehigh River,PA,25256.02,2019_2019,"14737,14777",nhdhr,NASA_NLDAS_2000_2019
206,20,10,6,16,0.14997803596330858,2000,2019,gwlfe,020401060805,12,020401060805,12,Indian Creek,PA,9889.64,2019_2019,"14737,14777",nhdhr,NASA_NLDAS_2000_2019
207,20,10,6,16,0.12942975905551932,2000,2019,gwlfe,020401060806,12,020401060806,12,Hokendauqua Creek,PA,16298.66,2019_2019,"14737,14777",nhdhr,NASA_NLDAS_2000_2019
208,20,10,6,16,0.1393516800238957,2000,2019,gwlfe,020401060807,12,020401060807,12,Coplay Creek,PA,12720.6,2019_2019,"14737,14777",nhdhr,NASA_NLDAS_2000_2019
209,20,10,6,16,0.1493869535786588,2000,2019,gwlfe,020401060808,12,020401060808,12,Catasauqua Creek,PA,10036.17,2019_2019,"14737,14777",nhdhr,NASA_NLDAS_2000_2019
210,20,10,6,16,0.14917588359395398,2000,2019,gwlfe,020401060809,12,020401060809,12,East Branch Monocacy Creek,PA,10088.7,2019_2019,"14737,14777",nhdhr,NASA_NLDAS_2000_2019
211,20,10,6,16,0.11928290383942165,2000,2019,gwlfe,020401060810,12,020401060810,12,Monocacy Creek,PA,21435.4,2019_2019,"14737,14777",nhdhr,NASA_NLDAS_2000_2019
212,20,10,6,16,0.10132844705189196,2000,2019,gwlfe,020401060811,12,020401060811,12,Saucon Creek,PA,37057.2,2019_2019,"13739,14737",nhdhr,NASA_NLDAS_2000_2019
213,20,10,6,16,0.17721814622427762,2000,2019,gwlfe,020401060812,12,020401060812,12,Nancy Run,PA,3886.37,2019_2019,"13739,14737",nhdhr,NASA_NLDAS_2000_2019
214,20,10,6,16,0.11257316759797985,2000,2019,gwlfe,020401060813,12,020401060813,12,Lehigh River,PA,26031.86,2019_2019,"14737,14777",nhdhr,NASA_NLDAS_2000_2019
215,20,10,6,16,0.12873287021916016,2000,2019,gwlfe,020402010101,12,020402010101,12,Jumping Brook,NJ,16596.64,2019_2019,"13739,93730",nhdhr,NASA_NLDAS_2000_2019
216,20,10,6,16,0.15007796046302893,2000,2019,gwlfe,020402010102,12,020402010102,12,Upper Crosswicks Creek,NJ,9864.96,2019_2019,"13739,93730",nhdhr,NASA_NLDAS_2000_2019
217,20,10,6,16,0.11012888823362785,2000,2019,gwlfe,020402010103,12,020402010103,12,Middle Crosswicks Creek,NJ,28021.88,2019_2019,"14734,93730",nhdhr,NASA_NLDAS_2000_2019
218,20,10,6,16,0.1280875114663661,2000,2019,gwlfe,020402010104,12,020402010104,12,Doctors Creek,NJ,16878.91,2019_2019,"13739,14734",nhdhr,NASA_NLDAS_2000_2019
219,20,10,6,16,0.1195934466432399,2000,2019,gwlfe,020402010105,12,020402010105,12,Lower Crosswicks Creek,NJ,21249.19,2019_2019,"13739,93730",nhdhr,NASA_NLDAS_2000_2019
220,20,10,6,16,0.12137474098975315,2000,2019,gwlfe,020402010201,12,020402010201,12,North Branch Neshaminy Creek,PA,20220.68,2019_2019,"13739,14737",nhdhr,NASA_NLDAS_2000_2019
221,20,10,6,16,0.1302310699266338,2000,2019,gwlfe,020402010202,12,020402010202,12,West Branch Neshaminy Creek,PA,15964.57,2019_2019,"13739,14737",nhdhr,NASA_NLDAS_2000_2019
222,20,10,6,16,0.11065935187684957,2000,2019,gwlfe,020402010203,12,020402010203,12,LIttle Neshaminy Creek,PA,27573.66,2019_2019,"13739,14737",nhdhr,NASA_NLDAS_2000_2019
223,20,10,6,16,0.11850910367255123,2000,2019,gwlfe,020402010204,12,020402010204,12,Cooks Run-Neshaminy Creek,PA,21908.7,2019_2019,"13739,14737",nhdhr,NASA_NLDAS_2000_2019
224,20,10,6,16,0.11824593554649915,2000,2019,gwlfe,020402010301,12,020402010301,12,Mill Creek-Neshaminy Creek,PA,22072.75,2019_2019,"13739,14737",nhdhr,NASA_NLDAS_2000_2019
225,20,10,6,16,0.14530232012103128,2000,2019,gwlfe,020402010302,12,020402010302,12,Ironworks Creek-Mill Creek,PA,11073.66,2019_2019,"13739,14737",nhdhr,NASA_NLDAS_2000_2019
226,20,10,6,16,0.1082560763496628,2000,2019,gwlfe,020402010303,12,020402010303,12,Core Creek-Neshaminy Creek,PA,29682.04,2019_2019,"13739,14737",nhdhr,NASA_NLDAS_2000_2019
227,20,10,6,16,0.1323910789350713,2000,2019,gwlfe,020402010401,12,020402010401,12,Blacks Creek,NJ,15107.19,2019_2019,"13739,93730",nhdhr,NASA_NLDAS_2000_2019
228,20,10,6,16,0.15453335023795806,2000,2019,gwlfe,020402010402,12,020402010402,12,Crafts Creek,NJ,8788.3,2019_2019,"13739,93730",nhdhr,NASA_NLDAS_2000_2019
229,20,10,6,16,0.16213514021822556,2000,2019,gwlfe,020402010403,12,020402010403,12,Martins Creek,PA,7048.29,2019_2019,"13739,93730",nhdhr,NASA_NLDAS_2000_2019
230,20,10,6,16,0.12800769883280821,2000,2019,gwlfe,020402010404,12,020402010404,12,Van Sciver Lake-Delaware River,"NJ,PA",16914.25,2019_2019,"13739,93730",nhdhr,NASA_NLDAS_2000_2019
231,20,10,6,16,0.13839461201132802,2000,2019,gwlfe,020402010405,12,020402010405,12,Silver Lake-Mill Creek,PA,13018.21,2019_2019,"13739,14737",nhdhr,NASA_NLDAS_2000_2019
232,20,10,6,16,0.1084140929728719,2000,2019,gwlfe,020402010406,12,020402010406,12,Assiscunk Creek,NJ,29535.7,2019_2019,"13739,93730",nhdhr,NASA_NLDAS_2000_2019
233,20,10,6,16,0.12901642485191733,2000,2019,gwlfe,020402010407,12,020402010407,12,Burlington Island-Delaware River,"NJ,PA",16474.55,2019_2019,"13739,93730",nhdhr,NASA_NLDAS_2000_2019
234,20,10,6,16,0.12693700316770223,2000,2019,gwlfe,020402020101,12,020402020101,12,Headwaters Mount Misery Brook,NJ,17397.78,2019_2019,"13739,93730",nhdhr,NASA_NLDAS_2000_2019
235,20,10,6,16,0.10738037828790183,2000,2019,gwlfe,020402020102,12,020402020102,12,Mount Misery Brook,NJ,30502.16,2019_2019,"13739,93730",nhdhr,NASA_NLDAS_2000_2019
236,20,10,6,16,0.10581829520414908,2000,2019,gwlfe,020402020103,12,020402020103,12,Gaunts Brook-North Branch Rancocas Creek,NJ,32039.58,2019_2019,"13739,93730",nhdhr,NASA_NLDAS_2000_2019
237,20,10,6,16,0.13321833958746734,2000,2019,gwlfe,020402020104,12,020402020104,12,Powells Run-North Branch Rancocas Creek,NJ,14794.68,2019_2019,"13739,93730",nhdhr,NASA_NLDAS_2000_2019
238,20,10,6,16,0.11878589140878877,2000,2019,gwlfe,020402020201,12,020402020201,12,Friendship Creek,NJ,21801.4,2019_2019,"13739,93730",nhdhr,NASA_NLDAS_2000_2019
239,20,10,6,16,0.10782174157816864,2000,2019,gwlfe,020402020202,12,020402020202,12,Barton Run-Southwest Branch South Branch Rancocas Creek,NJ,30084.97,2019_2019,"13739,93730",nhdhr,NASA_NLDAS_2000_2019
240,20,10,6,16,0.1238177356401921,2000,2019,gwlfe,020402020203,12,020402020203,12,Little Creek-Southwest Branch South Branch Rancocas Creek,NJ,18912.7,2019_2019,"13739,93730",nhdhr,NASA_NLDAS_2000_2019
241,20,10,6,16,0.10163935352705797,2000,2019,gwlfe,020402020204,12,020402020204,12,Jade Run-South Branch Rancocas Creek,NJ,36678.19,2019_2019,"13739,93730",nhdhr,NASA_NLDAS_2000_2019
242,20,10,6,16,0.1359325963309687,2000,2019,gwlfe,020402020301,12,020402020301,12,Poquessing Creek,PA,13826.45,2019_2019,"13739,14737",nhdhr,NASA_NLDAS_2000_2019
243,20,10,6,16,0.12034536506640144,2000,2019,gwlfe,020402020302,12,020402020302,12,Rancocas Creek,NJ,20808.36,2019_2019,"13739,93730",nhdhr,NASA_NLDAS_2000_2019
244,20,10,6,16,0.12644394670772827,2000,2019,gwlfe,020402020303,12,020402020303,12,Upper Pennypack Creek,PA,17626.49,2019_2019,"13739,14737",nhdhr,NASA_NLDAS_2000_2019
245,20,10,6,16,0.12509505338002638,2000,2019,gwlfe,020402020304,12,020402020304,12,Lower Pennypack Creek,PA,18272.43,2019_2019,"13739,14737",nhdhr,NASA_NLDAS_2000_2019
246,20,10,6,16,0.15021362771457664,2000,2019,gwlfe,020402020305,12,020402020305,12,Swede Run-Delaware River,"NJ,PA",9831.48,2019_2019,"13739,93730",nhdhr,NASA_NLDAS_2000_2019
247,20,10,6,16,0.11731450769218132,2000,2019,gwlfe,020402020401,12,020402020401,12,Pennsauken Creek,NJ,22666.35,2019_2019,"13739,93730",nhdhr,NASA_NLDAS_2000_2019
248,20,10,6,16,0.12084582375554886,2000,2019,gwlfe,020402020402,12,020402020402,12,Tacony Creek-Frankford Creek,PA,20519.2,2019_2019,"13739,13781",nhdhr,NASA_NLDAS_2000_2019
249,20,10,6,16,0.1278586351853016,2000,2019,gwlfe,020402020403,12,020402020403,12,Pompeston Creek-Delaware River,"NJ,PA",16980.52,2019_2019,"13739,13781",nhdhr,NASA_NLDAS_2000_2019
250,20,10,6,16,0.11257519014552153,2000,2019,gwlfe,020402020404,12,020402020404,12,Cooper River,NJ,26030.17,2019_2019,"13739,93730",nhdhr,NASA_NLDAS_2000_2019
251,20,10,6,16,0.10883391291533683,2000,2019,gwlfe,020402020405,12,020402020405,12,Petty Island-Delaware River,"NJ,PA",29156.51,2019_2019,"13739,13781",nhdhr,NASA_NLDAS_2000_2019
252,20,10,6,16,0.14016643628545283,2000,2019,gwlfe,020402020501,12,020402020501,12,North Branch Big Timber Creek,NJ,12472.16,2019_2019,"13739,93730",nhdhr,NASA_NLDAS_2000_2019
253,20,10,6,16,0.12889848334078954,2000,2019,gwlfe,020402020502,12,020402020502,12,South Branch Big Timber Creek,NJ,16525.03,2019_2019,"13739,13781",nhdhr,NASA_NLDAS_2000_2019
254,20,10,6,16,0.14204454208485975,2000,2019,gwlfe,020402020503,12,020402020503,12,Big Timber Creek,NJ,11934.93,2019_2019,"13739,13781",nhdhr,NASA_NLDAS_2000_2019
255,20,10,6,16,0.13474116846815865,2000,2019,gwlfe,020402020504,12,020402020504,12,Cobbs Creek,PA,14241.01,2019_2019,"13739,13781",nhdhr,NASA_NLDAS_2000_2019
256,20,10,6,16,0.10346413354702504,2000,2019,gwlfe,020402020505,12,020402020505,12,Darby Creek,PA,34552.16,2019_2019,"13739,13781",nhdhr,NASA_NLDAS_2000_2019
257,20,10,6,16,0.10573163612174105,2000,2019,gwlfe,020402020506,12,020402020506,12,Manuta Creek,NJ,32127.49,2019_2019,"13739,13781",nhdhr,NASA_NLDAS_2000_2019
258,20,10,6,16,0.11404507085441043,2000,2019,gwlfe,020402020507,12,020402020507,12,Woodbury Creek-Delaware River,"NJ,PA",24920.9,2019_2019,"13739,13781",nhdhr,NASA_NLDAS_2000_2019
259,20,10,6,16,0.11447446075118364,2000,2019,gwlfe,020402020601,12,020402020601,12,Crum Creek,PA,24609.16,2019_2019,"13739,13781",nhdhr,NASA_NLDAS_2000_2019
260,20,10,6,16,0.11505764582434468,2000,2019,gwlfe,020402020602,12,020402020602,12,Ridley Creek,PA,24193.07,2019_2019,"13739,13781",nhdhr,NASA_NLDAS_2000_2019
261,20,10,6,16,0.16032345997980657,2000,2019,gwlfe,020402020603,12,020402020603,12,East Branch Chester Creek,PA,7452.85,2019_2019,"13739,13781",nhdhr,NASA_NLDAS_2000_2019
262,20,10,6,16,0.1409654076919883,2000,2019,gwlfe,020402020604,12,020402020604,12,West Branch Chester Creek,PA,12227.75,2019_2019,"13739,13781",nhdhr,NASA_NLDAS_2000_2019
263,20,10,6,16,0.11711728382539467,2000,2019,gwlfe,020402020605,12,020402020605,12,Chester Creek,PA,22794.55,2019_2019,"13739,13781",nhdhr,NASA_NLDAS_2000_2019
264,20,10,6,16,0.10876926156303579,2000,2019,gwlfe,020402020606,12,020402020606,12,Raccoon Creek,NJ,29214.52,2019_2019,"13739,13781",nhdhr,NASA_NLDAS_2000_2019
265,20,10,6,16,0.10548257548483181,2000,2019,gwlfe,020402020607,12,020402020607,12,Repaupo Creek-Delaware River,"DE,NJ,PA",32382.7,2019_2019,"13739,13781",nhdhr,NASA_NLDAS_2000_2019
266,20,10,6,16,0.09956207559815013,2000,2019,gwlfe,020402020608,12,020402020608,12,Oldmans Creek-Delaware River,"DE,NJ,PA",39309.22,2019_2019,"13739,13781",nhdhr,NASA_NLDAS_2000_2019
267,20,10,6,16,0.10970338293506929,2000,2019,gwlfe,020402030101,12,020402030101,12,Headwaters Little Schuylkill River,PA,28351.06,2019_2019,"14737,14777",nhdhr,NASA_NLDAS_2000_2019
268,20,10,6,16,0.10111183816354699,2000,2019,gwlfe,020402030102,12,020402030102,12,Upper Little Schuylkill River,PA,37324.28,2019_2019,"14737,14777",nhdhr,NASA_NLDAS_2000_2019
269,20,10,6,16,0.11846763786399148,2000,2019,gwlfe,020402030103,12,020402030103,12,Lower Little Schuylkill River,PA,21934.44,2019_2019,"14737,14777",nhdhr,NASA_NLDAS_2000_2019
270,20,10,6,16,0.12938540018942682,2000,2019,gwlfe,020402030201,12,020402030201,12,Eisenhuth Reservoir-Mill Creek,PA,16314.08,2019_2019,"14737,14777",nhdhr,NASA_NLDAS_2000_2019
271,20,10,6,16,0.14197201604431292,2000,2019,gwlfe,020402030202,12,020402030202,12,West West Branch Schuylkill River,PA,11959.83,2019_2019,"14751,14778",nhdhr,NASA_NLDAS_2000_2019
272,20,10,6,16,0.11726755644092522,2000,2019,gwlfe,020402030203,12,020402030203,12,West Branch Schuylkill River,PA,22696.82,2019_2019,"14737,14751",nhdhr,NASA_NLDAS_2000_2019
273,20,10,6,16,0.10980834821193343,2000,2019,gwlfe,020402030204,12,020402030204,12,Headwaters Schuylkill River,PA,28297.32,2019_2019,"14737,14777",nhdhr,NASA_NLDAS_2000_2019
274,20,10,6,16,0.14556513219203682,2000,2019,gwlfe,020402030205,12,020402030205,12,Deer Lake-Pine Creek,PA,11005.54,2019_2019,"14737,14777",nhdhr,NASA_NLDAS_2000_2019
275,20,10,6,16,0.14624085963097255,2000,2019,gwlfe,020402030206,12,020402030206,12,Bear Creek,PA,10831.27,2019_2019,"14737,14751",nhdhr,NASA_NLDAS_2000_2019
276,20,10,6,16,0.10762944409630631,2000,2019,gwlfe,020402030207,12,020402030207,12,Mahannon Creek-Schuylkill River,PA,30265.94,2019_2019,"14737,14751",nhdhr,NASA_NLDAS_2000_2019
277,20,10,6,16,0.12539866236659114,2000,2019,gwlfe,020402030301,12,020402030301,12,Ontelaunee Creek,PA,18124.4,2019_2019,"14737,14777",nhdhr,NASA_NLDAS_2000_2019
278,20,10,6,16,0.14393170307239378,2000,2019,gwlfe,020402030302,12,020402030302,12,Pine Creek,PA,11432.21,2019_2019,"14737,14777",nhdhr,NASA_NLDAS_2000_2019
279,20,10,6,16,0.13346489852363808,2000,2019,gwlfe,020402030303,12,020402030303,12,Eagle Point-Mill Creek,PA,14703.16,2019_2019,"14737,14777",nhdhr,NASA_NLDAS_2000_2019
280,20,10,6,16,0.12058052840205176,2000,2019,gwlfe,020402030304,12,020402030304,12,Sacony Creek,PA,20671.09,2019_2019,"13739,14737",nhdhr,NASA_NLDAS_2000_2019
281,20,10,6,16,0.1028669927300344,2000,2019,gwlfe,020402030305,12,020402030305,12,Upper Maiden Creek,PA,35229.84,2019_2019,"14737,14777",nhdhr,NASA_NLDAS_2000_2019
282,20,10,6,16,0.13576811744407077,2000,2019,gwlfe,020402030306,12,020402030306,12,Willow Creek,PA,13882.74,2019_2019,"13739,14737",nhdhr,NASA_NLDAS_2000_2019
283,20,10,6,16,0.11493067426023013,2000,2019,gwlfe,020402030307,12,020402030307,12,Lower Maiden Creek,PA,24282.88,2019_2019,"13739,14737",nhdhr,NASA_NLDAS_2000_2019
284,20,10,6,16,0.1482288792188664,2000,2019,gwlfe,020402030401,12,020402030401,12,Mill Creek,PA,10325.81,2019_2019,"14737,14751",nhdhr,NASA_NLDAS_2000_2019
285,20,10,6,16,0.11386901039814434,2000,2019,gwlfe,020402030402,12,020402030402,12,Headwaters Tulpehocken Creek,PA,25051.0,2019_2019,"14737,14751",nhdhr,NASA_NLDAS_2000_2019
286,20,10,6,16,0.11830981255393189,2000,2019,gwlfe,020402030403,12,020402030403,12,Upper Tulpehocken Creek,PA,22032.78,2019_2019,"14737,14751",nhdhr,NASA_NLDAS_2000_2019
287,20,10,6,16,0.1350548517575777,2000,2019,gwlfe,020402030404,12,020402030404,12,Little Northkill Creek,PA,14130.31,2019_2019,"14737,14751",nhdhr,NASA_NLDAS_2000_2019
288,20,10,6,16,0.13919609474938202,2000,2019,gwlfe,020402030405,12,020402030405,12,Northkill Creek,PA,12768.37,2019_2019,"14737,14751",nhdhr,NASA_NLDAS_2000_2019
289,20,10,6,16,0.12193853962880742,2000,2019,gwlfe,020402030406,12,020402030406,12,Spring Creek,PA,19908.65,2019_2019,"14737,14751",nhdhr,NASA_NLDAS_2000_2019
290,20,10,6,16,0.14808672518617005,2000,2019,gwlfe,020402030407,12,020402030407,12,Middle Tulpehocken Creek,PA,10361.61,2019_2019,"14737,14751",nhdhr,NASA_NLDAS_2000_2019
291,20,10,6,16,0.13558316293523304,2000,2019,gwlfe,020402030408,12,020402030408,12,Cacoosing Creek,PA,13946.4,2019_2019,"13781,14737",nhdhr,NASA_NLDAS_2000_2019
292,20,10,6,16,0.1406622878782045,2000,2019,gwlfe,020402030409,12,020402030409,12,Lower Tulpehocken Creek,PA,12310.76,2019_2019,"13781,14737",nhdhr,NASA_NLDAS_2000_2019
293,20,10,6,16,0.13244314037547522,2000,2019,gwlfe,020402030501,12,020402030501,12,Upper Manatawny Creek,PA,15087.27,2019_2019,"13739,14737",nhdhr,NASA_NLDAS_2000_2019
294,20,10,6,16,0.1497505834177449,2000,2019,gwlfe,020402030502,12,020402030502,12,Ironstone Creek,PA,9945.92,2019_2019,"13739,14737",nhdhr,NASA_NLDAS_2000_2019
295,20,10,6,16,0.10435436706248394,2000,2019,gwlfe,020402030503,12,020402030503,12,Lower Manatawny Creek,PA,33572.93,2019_2019,"13739,14737",nhdhr,NASA_NLDAS_2000_2019
296,20,10,6,16,0.14467909064379472,2000,2019,gwlfe,020402030601,12,020402030601,12,Hassler Run-Mill Creek,PA,11236.02,2019_2019,"14737,14751",nhdhr,NASA_NLDAS_2000_2019
297,20,10,6,16,0.129856122815082,2000,2019,gwlfe,020402030602,12,020402030602,12,Irish Creek,PA,16119.78,2019_2019,"14737,14751",nhdhr,NASA_NLDAS_2000_2019
298,20,10,6,16,0.11332260010904457,2000,2019,gwlfe,020402030603,12,020402030603,12,Pigeon Creek-Schuylkill River,PA,25458.64,2019_2019,"14737,14777",nhdhr,NASA_NLDAS_2000_2019
299,20,10,6,16,0.1300915433297939,2000,2019,gwlfe,020402030604,12,020402030604,12,Laurel Run-Schuylkill River,PA,16022.1,2019_2019,"13781,14737",nhdhr,NASA_NLDAS_2000_2019
300,20,10,6,16,0.14931996146037932,2000,2019,gwlfe,020402030605,12,020402030605,12,Wyomissing Creek,PA,10052.83,2019_2019,"13781,14737",nhdhr,NASA_NLDAS_2000_2019
301,20,10,6,16,0.14397661597672926,2000,2019,gwlfe,020402030606,12,020402030606,12,Green Hills Lake-Allegheny Creek,PA,11420.37,2019_2019,"13781,14737",nhdhr,NASA_NLDAS_2000_2019
302,20,10,6,16,0.14465584425234512,2000,2019,gwlfe,020402030607,12,020402030607,12,Antietam Creek,PA,11242.09,2019_2019,"13781,14737",nhdhr,NASA_NLDAS_2000_2019
303,20,10,6,16,0.13497059795552332,2000,2019,gwlfe,020402030608,12,020402030608,12,Hay Creek,PA,14159.94,2019_2019,"13781,14737",nhdhr,NASA_NLDAS_2000_2019
304,20,10,6,16,0.11296776936690757,2000,2019,gwlfe,020402030609,12,020402030609,12,Angelica Creek-Schuylkill River,PA,25727.98,2019_2019,"13781,14737",nhdhr,NASA_NLDAS_2000_2019
305,20,10,6,16,0.12896389276798015,2000,2019,gwlfe,020402030610,12,020402030610,12,Monocacy Creek,PA,16497.08,2019_2019,"13781,14737",nhdhr,NASA_NLDAS_2000_2019
306,20,10,6,16,0.12273620253947656,2000,2019,gwlfe,020402030611,12,020402030611,12,Sixpenny Creek-Schuylkill River,PA,19477.78,2019_2019,"13739,14737",nhdhr,NASA_NLDAS_2000_2019
307,20,10,6,16,0.13303164061483239,2000,2019,gwlfe,020402030701,12,020402030701,12,Upper French Creek,PA,14696.99,2019_2019,"13781,14737",nhdhr,NASA_NLDAS_2000_2019
308,20,10,6,16,0.10786202071976378,2000,2019,gwlfe,020402030702,12,020402030702,12,Lower French Creek,PA,30047.5,2019_2019,"13739,13781",nhdhr,NASA_NLDAS_2000_2019
309,20,10,6,16,0.14370061106811471,2000,2019,gwlfe,020402030801,12,020402030801,12,Hosensack Creek,PA,11493.21,2019_2019,"13739,14737",nhdhr,NASA_NLDAS_2000_2019
310,20,10,6,16,0.13204119392492164,2000,2019,gwlfe,020402030802,12,020402030802,12,West Branch Perkiomen Creek,PA,15241.94,2019_2019,"13739,14737",nhdhr,NASA_NLDAS_2000_2019
311,20,10,6,16,0.14512133022155332,2000,2019,gwlfe,020402030803,12,020402030803,12,Macoby Creek,PA,11120.7,2019_2019,"13739,14737",nhdhr,NASA_NLDAS_2000_2019
312,20,10,6,16,0.10661238969468488,2000,2019,gwlfe,020402030804,12,020402030804,12,Unami Creek,PA,31245.76,2019_2019,"13739,14737",nhdhr,NASA_NLDAS_2000_2019
313,20,10,6,16,0.1026533942516316,2000,2019,gwlfe,020402030805,12,020402030805,12,Swamp Creek,PA,35476.44,2019_2019,"13739,14737",nhdhr,NASA_NLDAS_2000_2019
314,20,10,6,16,0.11025784620888697,2000,2019,gwlfe,020402030806,12,020402030806,12,Upper Perkiomen Creek,PA,27912.05,2019_2019,"13739,14737",nhdhr,NASA_NLDAS_2000_2019
315,20,10,6,16,0.09978307374970484,2000,2019,gwlfe,020402030807,12,020402030807,12,East Branch Perkiomen Creek,PA,39018.48,2019_2019,"13739,14737",nhdhr,NASA_NLDAS_2000_2019
316,20,10,6,16,0.10247304454026221,2000,2019,gwlfe,020402030808,12,020402030808,12,Skippack Creek,PA,35686.4,2019_2019,"13739,14737",nhdhr,NASA_NLDAS_2000_2019
317,20,10,6,16,0.11460990837379664,2000,2019,gwlfe,020402030809,12,020402030809,12,Lower Perkiomen Creek,PA,24511.7,2019_2019,"13739,14737",nhdhr,NASA_NLDAS_2000_2019
318,20,10,6,16,0.12647614284097874,2000,2019,gwlfe,020402030901,12,020402030901,12,Upper Wissahickon Creek,PA,17611.43,2019_2019,"13739,14737",nhdhr,NASA_NLDAS_2000_2019
319,20,10,6,16,0.11658439701207897,2000,2019,gwlfe,020402030902,12,020402030902,12,Lower Wissahickon Creek,PA,23146.21,2019_2019,"13739,13781",nhdhr,NASA_NLDAS_2000_2019
320,20,10,6,16,0.15244267093932573,2000,2019,gwlfe,020402031001,12,020402031001,12,Pigeon Creek,PA,9287.82,2019_2019,"13739,14737",nhdhr,NASA_NLDAS_2000_2019
321,20,10,6,16,0.12023918739305021,2000,2019,gwlfe,020402031002,12,020402031002,12,Sprogles Run-Schuylkill River,PA,20868.66,2019_2019,"13739,14737",nhdhr,NASA_NLDAS_2000_2019
322,20,10,6,16,0.11412580141942685,2000,2019,gwlfe,020402031003,12,020402031003,12,Pickering Creek,PA,24862.36,2019_2019,"13739,13781",nhdhr,NASA_NLDAS_2000_2019
323,20,10,6,16,0.13282284271958922,2000,2019,gwlfe,020402031004,12,020402031004,12,Little Valley Creek-Valley Creek,PA,14943.02,2019_2019,"13739,13781",nhdhr,NASA_NLDAS_2000_2019
324,20,10,6,16,0.13670621924945014,2000,2019,gwlfe,020402031005,12,020402031005,12,Stony Creek,PA,13565.64,2019_2019,"13739,14737",nhdhr,NASA_NLDAS_2000_2019
325,20,10,6,16,0.10472381356474826,2000,2019,gwlfe,020402031006,12,020402031006,12,Mingo Creek-Schuylkill River,PA,33177.14,2019_2019,"13739,13781",nhdhr,NASA_NLDAS_2000_2019
326,20,10,6,16,0.10370258162080764,2000,2019,gwlfe,020402031007,12,020402031007,12,Plymouth Creek-Schuylkill River,PA,34286.28,2019_2019,"13739,13781",nhdhr,NASA_NLDAS_2000_2019
327,20,10,6,16,0.11972374125279198,2000,2019,gwlfe,020402031008,12,020402031008,12,City of Philadelphia-Schuylkill River,PA,21171.69,2019_2019,"13739,13781",nhdhr,NASA_NLDAS_2000_2019
328,20,10,6,16,0.05636264374616238,2000,2019,gwlfe,020402040000,12,020402040000,12,Delaware River-Delaware Bay,"DE,NJ",265274.96,2019_2019,"13739,13781",nhdhr,NASA_NLDAS_2000_2019
329,20,10,6,16,0.13845572731547204,2000,2019,gwlfe,020402050101,12,020402050101,12,Marsh Creek,PA,12998.93,2019_2019,"13739,13781",nhdhr,NASA_NLDAS_2000_2019
330,20,10,6,16,0.14368050686243922,2000,2019,gwlfe,020402050102,12,020402050102,12,Beaver  Creek,PA,11498.53,2019_2019,"13739,13781",nhdhr,NASA_NLDAS_2000_2019
331,20,10,6,16,0.11034142560796047,2000,2019,gwlfe,020402050103,12,020402050103,12,Upper East Branch Brandywine Creek,PA,27841.17,2019_2019,"13739,13781",nhdhr,NASA_NLDAS_2000_2019
332,20,10,6,16,0.13773779707590725,2000,2019,gwlfe,020402050104,12,020402050104,12,Valley Creek,PA,13227.7,2019_2019,"13739,13781",nhdhr,NASA_NLDAS_2000_2019
333,20,10,6,16,0.13724981385720753,2000,2019,gwlfe,020402050105,12,020402050105,12,Lower East Branch Brandywine Creek,PA,13386.18,2019_2019,"13739,13781",nhdhr,NASA_NLDAS_2000_2019
334,20,10,6,16,0.18131172797797762,2000,2019,gwlfe,020402050201,12,020402050201,12,Sucker Run,PA,3082.91,2019_2019,"13739,13781",nhdhr,NASA_NLDAS_2000_2019
335,20,10,6,16,0.1011650964482978,2000,2019,gwlfe,020402050202,12,020402050202,12,Upper West Branch Brandywine Creek,PA,37258.38,2019_2019,"13739,13781",nhdhr,NASA_NLDAS_2000_2019
336,20,10,6,16,0.13579747864072772,2000,2019,gwlfe,020402050203,12,020402050203,12,Doe Run,PA,13872.67,2019_2019,"13739,13781",nhdhr,NASA_NLDAS_2000_2019
337,20,10,6,16,0.1273491728784412,2000,2019,gwlfe,020402050204,12,020402050204,12,Buck Run,PA,17209.55,2019_2019,"13739,13781",nhdhr,NASA_NLDAS_2000_2019
338,20,10,6,16,0.13276509346088072,2000,2019,gwlfe,020402050205,12,020402050205,12,Lower West Branch Brandywine Creek,PA,14964.85,2019_2019,"13739,13781",nhdhr,NASA_NLDAS_2000_2019
339,20,10,6,16,0.15478397514950792,2000,2019,gwlfe,020402050301,12,020402050301,12,Middle Branch White Clay Creek,PA,8728.99,2019_2019,"13739,13781",nhdhr,NASA_NLDAS_2000_2019
340,20,10,6,16,0.16527737716456253,2000,2019,gwlfe,020402050302,12,020402050302,12,West Branch White Clay Creek,PA,6360.37,2019_2019,"13739,13781",nhdhr,NASA_NLDAS_2000_2019
341,20,10,6,16,0.11921485103907073,2000,2019,gwlfe,020402050303,12,020402050303,12,East Branch White Clay Creek,"DE,PA",21476.22,2019_2019,"13739,13781",nhdhr,NASA_NLDAS_2000_2019
342,20,10,6,16,0.14468829365888752,2000,2019,gwlfe,020402050304,12,020402050304,12,West Branch Red Clay Creek,PA,11233.48,2019_2019,"13739,13781",nhdhr,NASA_NLDAS_2000_2019
343,20,10,6,16,0.16487380130152698,2000,2019,gwlfe,020402050305,12,020402050305,12,East Branch Red Clay Creek,PA,6447.61,2019_2019,"13739,13781",nhdhr,NASA_NLDAS_2000_2019
344,20,10,6,16,0.13547907210660792,2000,2019,gwlfe,020402050306,12,020402050306,12,Upper White Clay Creek,"DE,MD,PA",13982.37,2019_2019,"13739,13781",nhdhr,NASA_NLDAS_2000_2019
345,20,10,6,16,0.12734270158529276,2000,2019,gwlfe,020402050307,12,020402050307,12,Red Clay Creek,"DE,PA",17212.38,2019_2019,"13739,13781",nhdhr,NASA_NLDAS_2000_2019
346,20,10,6,16,0.12636168850836155,2000,2019,gwlfe,020402050308,12,020402050308,12,Lower White Clay Creek,"DE,PA",17665.02,2019_2019,"13739,13781",nhdhr,NASA_NLDAS_2000_2019
347,20,10,6,16,0.12376823806639332,2000,2019,gwlfe,020402050401,12,020402050401,12,Upper Brandywine Creek,PA,18938.1,2019_2019,"13739,13781",nhdhr,NASA_NLDAS_2000_2019
348,20,10,6,16,0.1300227118966517,2000,2019,gwlfe,020402050402,12,020402050402,12,Middle Brandywine Creek,"DE,PA",16050.32,2019_2019,"13739,13781",nhdhr,NASA_NLDAS_2000_2019
349,20,10,6,16,0.16124276115467062,2000,2019,gwlfe,020402050403,12,020402050403,12,Lower Brandywine Creek,DE,7246.81,2019_2019,"13739,13781",nhdhr,NASA_NLDAS_2000_2019
350,20,10,6,16,0.15128114280473237,2000,2019,gwlfe,020402050501,12,020402050501,12,Muddy Run,"DE,MD",9569.63,2019_2019,"13739,13781",nhdhr,NASA_NLDAS_2000_2019
351,20,10,6,16,0.13107147188288062,2000,2019,gwlfe,020402050502,12,020402050502,12,Upper Christina River,"DE,MD,PA",15623.64,2019_2019,"13739,13781",nhdhr,NASA_NLDAS_2000_2019
352,20,10,6,16,0.15334667091116774,2000,2019,gwlfe,020402050503,12,020402050503,12,Middle Christina River,DE,9070.61,2019_2019,"13739,13781",nhdhr,NASA_NLDAS_2000_2019
353,20,10,6,16,0.1658504898836426,2000,2019,gwlfe,020402050504,12,020402050504,12,Little Mill Creek,DE,6236.67,2019_2019,"13739,13781",nhdhr,NASA_NLDAS_2000_2019
354,20,10,6,16,0.15392939802641875,2000,2019,gwlfe,020402050505,12,020402050505,12,Lower Christina River,DE,8931.59,2019_2019,"13739,13781",nhdhr,NASA_NLDAS_2000_2019
355,20,10,6,16,0.17221907013487173,2000,2019,gwlfe,020402050601,12,020402050601,12,Stoney Creek-Frontal Delaware River,DE,4897.01,2019_2019,"13739,13781",nhdhr,NASA_NLDAS_2000_2019
356,20,10,6,16,0.16451643894085263,2000,2019,gwlfe,020402050602,12,020402050602,12,Shellpot Creek-Frontal Delaware River,DE,6525.39,2019_2019,"13739,13781",nhdhr,NASA_NLDAS_2000_2019
357,20,10,6,16,0.16776125511851364,2000,2019,gwlfe,020402050701,12,020402050701,12,Broad Dyke Canal-Frontal Delaware River,DE,5828.18,2019_2019,"13739,13781",nhdhr,NASA_NLDAS_2000_2019
358,20,10,6,16,0.15839965958125535,2000,2019,gwlfe,020402050702,12,020402050702,12,Army Creek-Frontal Delaware River,DE,7889.14,2019_2019,"13739,13781",nhdhr,NASA_NLDAS_2000_2019
359,20,10,6,16,0.15777960814798891,2000,2019,gwlfe,020402050703,12,020402050703,12,Red Lion Creek-Frontal Delaware River,DE,8031.29,2019_2019,"13739,13781",nhdhr,NASA_NLDAS_2000_2019
360,20,10,6,16,0.16466479584788443,2000,2019,gwlfe,020402050704,12,020402050704,12,Dragon Creek-Frontal Delaware River,DE,6493.14,2019_2019,"13739,13781",nhdhr,NASA_NLDAS_2000_2019
361,20,10,6,16,0.11790636565486205,2000,2019,gwlfe,020402050705,12,020402050705,12,Chesapeake and Delaware Canal-Frontal Delaware River,DE,22115.71,2019_2019,"13739,13781",nhdhr,NASA_NLDAS_2000_2019
362,20,10,6,16,0.15595989343036204,2000,2019,gwlfe,020402050801,12,020402050801,12,Augustine Creek-Frontal Delaware River,DE,8452.93,2019_2019,"13739,13781",nhdhr,NASA_NLDAS_2000_2019
363,20,10,6,16,0.10708744664070892,2000,2019,gwlfe,020402050802,12,020402050802,12,Appoquinimink River-Frontal Delaware River,DE,30742.58,2019_2019,"13739,13781",nhdhr,NASA_NLDAS_2000_2019
364,20,10,6,16,0.11773240019498792,2000,2019,gwlfe,020402050803,12,020402050803,12,Blackbird Creek-Frontal Delaware River,DE,22397.45,2019_2019,"13739,13781",nhdhr,NASA_NLDAS_2000_2019
365,20,10,6,16,0.15208592493645065,2000,2019,gwlfe,020402060101,12,020402060101,12,Game Creek,NJ,9373.98,2019_2019,"13739,13781",nhdhr,NASA_NLDAS_2000_2019
366,20,10,6,16,0.11070877045777729,2000,2019,gwlfe,020402060102,12,020402060102,12,Headwaters Salem River,NJ,27532.21,2019_2019,"13739,13781",nhdhr,NASA_NLDAS_2000_2019
367,20,10,6,16,0.14858712406285385,2000,2019,gwlfe,020402060103,12,020402060103,12,Whooping John Creek-Frontal Delaware River,"DE,NJ",10236.17,2019_2019,"13739,13781",nhdhr,NASA_NLDAS_2000_2019
368,20,10,6,16,0.14767705275000906,2000,2019,gwlfe,020402060104,12,020402060104,12,Mannington Creek,NJ,10464.99,2019_2019,"13739,13781",nhdhr,NASA_NLDAS_2000_2019
369,20,10,6,16,0.14928476583009714,2000,2019,gwlfe,020402060105,12,020402060105,12,Mill Creek-Frontal Delaware River,"DE,NJ",10062.3,2019_2019,"13739,13781",nhdhr,NASA_NLDAS_2000_2019
370,20,10,6,16,0.11012747898064396,2000,2019,gwlfe,020402060106,12,020402060106,12,Salem River-Frontal Delaware River,"DE,NJ",28022.92,2019_2019,"13739,13781",nhdhr,NASA_NLDAS_2000_2019
371,20,10,6,16,0.11773720583464836,2000,2019,gwlfe,020402060201,12,020402060201,12,Cedar Brook-Alloway Creek,NJ,22394.29,2019_2019,"13739,13781",nhdhr,NASA_NLDAS_2000_2019
372,20,10,6,16,0.1575923743271522,2000,2019,gwlfe,020402060202,12,020402060202,12,Town of Quinton-Alloway Creek,NJ,8074.32,2019_2019,"13739,13781",nhdhr,NASA_NLDAS_2000_2019
373,20,10,6,16,0.13307506117538023,2000,2019,gwlfe,020402060203,12,020402060203,12,Alloway Creek-Frontal Delaware River,"DE,NJ",14848.13,2019_2019,"13739,13781",nhdhr,NASA_NLDAS_2000_2019
374,20,10,6,16,0.10872109366227789,2000,2019,gwlfe,020402060301,12,020402060301,12,Upper Cohansey River,NJ,29258.05,2019_2019,"13739,13781",nhdhr,NASA_NLDAS_2000_2019
375,20,10,6,16,0.11574157317302138,2000,2019,gwlfe,020402060302,12,020402060302,12,Middle Cohansey River,NJ,23716.63,2019_2019,"13739,13781",nhdhr,NASA_NLDAS_2000_2019
376,20,10,6,16,0.13170294101810337,2000,2019,gwlfe,020402060303,12,020402060303,12,Lower Cohansey River,NJ,15373.67,2019_2019,"13739,13781",nhdhr,NASA_NLDAS_2000_2019
377,20,10,6,16,0.12343490348938584,2000,2019,gwlfe,020402060401,12,020402060401,12,Scotland Run,NJ,19110.13,2019_2019,"13739,93730",nhdhr,NASA_NLDAS_2000_2019
378,20,10,6,16,0.10823287160550946,2000,2019,gwlfe,020402060402,12,020402060402,12,Reed Branch-Still Run,NJ,29703.18,2019_2019,"13739,13781",nhdhr,NASA_NLDAS_2000_2019
379,20,10,6,16,0.130765993008626,2000,2019,gwlfe,020402060403,12,020402060403,12,Upper Muddy Run,NJ,15746.36,2019_2019,"13739,13781",nhdhr,NASA_NLDAS_2000_2019
380,20,10,6,16,0.11963313613641191,2000,2019,gwlfe,020402060404,12,020402060404,12,Lower Muddy Run,NJ,21225.44,2019_2019,"13739,13781",nhdhr,NASA_NLDAS_2000_2019
381,20,10,6,16,0.10800256787706002,2000,2019,gwlfe,020402060405,12,020402060405,12,Burnt Mill Branch-Maurice River,NJ,29916.31,2019_2019,"13739,93730",nhdhr,NASA_NLDAS_2000_2019
382,20,10,6,16,0.14121744695655972,2000,2019,gwlfe,020402060501,12,020402060501,12,Mill Creek,NJ,12159.12,2019_2019,"13739,13781",nhdhr,NASA_NLDAS_2000_2019
383,20,10,6,16,0.14888041650889694,2000,2019,gwlfe,020402060502,12,020402060502,12,Union Lake-Maurice River,NJ,10162.42,2019_2019,"13739,93730",nhdhr,NASA_NLDAS_2000_2019
384,20,10,6,16,0.11382308766746183,2000,2019,gwlfe,020402060503,12,020402060503,12,Manantico Creek,NJ,25084.76,2019_2019,"13739,93730",nhdhr,NASA_NLDAS_2000_2019
385,20,10,6,16,0.14022894542532272,2000,2019,gwlfe,020402060504,12,020402060504,12,Buckshutem Creek,NJ,12455.48,2019_2019,"13739,93730",nhdhr,NASA_NLDAS_2000_2019
386,20,10,6,16,0.12971635308406262,2000,2019,gwlfe,020402060505,12,020402060505,12,White Marsh Run-Maurice River,NJ,16178.1,2019_2019,"13739,93730",nhdhr,NASA_NLDAS_2000_2019
387,20,10,6,16,0.11655264992694636,2000,2019,gwlfe,020402060506,12,020402060506,12,Manumuskin River,NJ,23167.31,2019_2019,"13739,93730",nhdhr,NASA_NLDAS_2000_2019
388,20,10,6,16,0.10641617438625316,2000,2019,gwlfe,020402060507,12,020402060507,12,Muskee Creek-Maurice River,NJ,31439.36,2019_2019,"13739,93730",nhdhr,NASA_NLDAS_2000_2019
389,20,10,6,16,0.14906756133207533,2000,2019,gwlfe,020402060601,12,020402060601,12,Sarah Run-Stow Creek,NJ,10115.68,2019_2019,"13739,13781",nhdhr,NASA_NLDAS_2000_2019
390,20,10,6,16,0.11430236553074898,2000,2019,gwlfe,020402060602,12,020402060602,12,Mad Horse Creek-Frontal Delaware Bay,"DE,NJ",24735.24,2019_2019,"13739,13781",nhdhr,NASA_NLDAS_2000_2019
391,20,10,6,16,0.1271572113564056,2000,2019,gwlfe,020402060603,12,020402060603,12,Stow Creek-Frontal Delaware Bay,NJ,17296.84,2019_2019,"13739,13781",nhdhr,NASA_NLDAS_2000_2019
392,20,10,6,16,0.09176688011190053,2000,2019,gwlfe,020402060604,12,020402060604,12,Back Creek-Frontal Delaware Bay,NJ,51679.62,2019_2019,"13739,13781",nhdhr,NASA_NLDAS_2000_2019
393,20,10,6,16,0.08503518237849553,2000,2019,gwlfe,020402060605,12,020402060605,12,Oranoaken Creek-Frontal Delware Bay,NJ,66733.88,2019_2019,"13781,93730",nhdhr,NASA_NLDAS_2000_2019
394,20,10,6,16,0.11068083454392906,2000,2019,gwlfe,020402060701,12,020402060701,12,Fishing Creek-Frontal Delaware Bay,NJ,27580.99,2019_2019,"13739,93730",nhdhr,NASA_NLDAS_2000_2019
395,20,10,6,16,0.09029472520933064,2000,2019,gwlfe,020402060702,12,020402060702,12,Dennis Creek-Frontal Delaware Bay,NJ,54580.79,2019_2019,"13739,93730",nhdhr,NASA_NLDAS_2000_2019
396,20,10,6,16,0.08950032145615255,2000,2019,gwlfe,020402060703,12,020402060703,12,West Creek-Frontal Delaware Bay,NJ,56203.41,2019_2019,"13739,93730",nhdhr,NASA_NLDAS_2000_2019
397,20,10,6,16,0.11698976324966297,2000,2019,gwlfe,020402070101,12,020402070101,12,Duck Creek,DE,22878.11,2019_2019,"13739,13781",nhdhr,NASA_NLDAS_2000_2019
398,20,10,6,16,0.1263442637842813,2000,2019,gwlfe,020402070102,12,020402070102,12,Smryna River,DE,17673.16,2019_2019,"13739,13781",nhdhr,NASA_NLDAS_2000_2019
399,20,10,6,16,0.16209758490263476,2000,2019,gwlfe,020402070103,12,020402070103,12,Cedar Swamp-Frontal Delaware Bay,DE,7056.6,2019_2019,"13739,13781",nhdhr,NASA_NLDAS_2000_2019
400,20,10,6,16,0.12509517510707924,2000,2019,gwlfe,020402070201,12,020402070201,12,Upper Leipsic River,DE,18272.33,2019_2019,"13739,13781",nhdhr,NASA_NLDAS_2000_2019
401,20,10,6,16,0.13461898522402474,2000,2019,gwlfe,020402070202,12,020402070202,12,Lower Lepsic River,DE,14284.39,2019_2019,"13739,13781",nhdhr,NASA_NLDAS_2000_2019
402,20,10,6,16,0.1085677533010174,2000,2019,gwlfe,020402070203,12,020402070203,12,Duck Creek-Frontal Delaware Bay,DE,29397.0,2019_2019,"13739,13781",nhdhr,NASA_NLDAS_2000_2019
403,20,10,6,16,0.1167444802301137,2000,2019,gwlfe,020402070204,12,020402070204,12,Simons River-Frontal Delaware Bay,DE,23039.83,2019_2019,"13739,13781",nhdhr,NASA_NLDAS_2000_2019
404,20,10,6,16,0.11003121840327688,2000,2019,gwlfe,020402070205,12,020402070205,12,Little River-Frontal Delaware Bay,DE,28105.38,2019_2019,"13739,13781",nhdhr,NASA_NLDAS_2000_2019
405,20,10,6,16,0.11454734897271734,2000,2019,gwlfe,020402070301,12,020402070301,12,Upper Saint Jones River,DE,24556.58,2019_2019,"13739,13781",nhdhr,NASA_NLDAS_2000_2019
406,20,10,6,16,0.15348566171120817,2000,2019,gwlfe,020402070302,12,020402070302,12,Issac Branch,DE,9037.37,2019_2019,"13739,13781",nhdhr,NASA_NLDAS_2000_2019
407,20,10,6,16,0.16560204304139303,2000,2019,gwlfe,020402070303,12,020402070303,12,Tidbury Creek,DE,6290.2,2019_2019,"13739,13781",nhdhr,NASA_NLDAS_2000_2019
408,20,10,6,16,0.12899911586468701,2000,2019,gwlfe,020402070304,12,020402070304,12,Lower Saint Jones River,DE,23532.17,2019_2019,"13739,13781",nhdhr,NASA_NLDAS_2000_2019
409,20,10,6,16,0.13736443534978657,2000,2019,gwlfe,020402070401,12,020402070401,12,Spring Branch-Murderkill River,DE,13348.68,2019_2019,"13739,13781",nhdhr,NASA_NLDAS_2000_2019
410,20,10,6,16,0.1400304496306891,2000,2019,gwlfe,020402070402,12,020402070402,12,Browns Branch,DE,12514.82,2019_2019,"13739,13781",nhdhr,NASA_NLDAS_2000_2019
411,20,10,6,16,0.12583482423143005,2000,2019,gwlfe,020402070403,12,020402070403,12,Spring Creek,DE,17914.36,2019_2019,"13739,13781",nhdhr,NASA_NLDAS_2000_2019
412,20,10,6,16,0.15630114204051848,2000,2019,gwlfe,020402070404,12,020402070404,12,Ash Gut-Murderkill River,DE,8373.33,2019_2019,"13739,13781",nhdhr,NASA_NLDAS_2000_2019
413,20,10,6,16,0.14740023370337157,2000,2019,gwlfe,020402070405,12,020402070405,12,Murderkill River-Frontal Delaware Bay,DE,10535.17,2019_2019,"13739,13781",nhdhr,NASA_NLDAS_2000_2019
414,20,10,6,16,0.11881650809401927,2000,2019,gwlfe,020402070406,12,020402070406,12,Brockonbridge Gut-Frontal Delaware Bay,DE,14668.65,2019_2019,"13739,13781",nhdhr,NASA_NLDAS_2000_2019
415,20,10,6,16,0.12713804567281284,2000,2019,gwlfe,020402070501,12,020402070501,12,Upper Mispillion River,DE,17305.58,2019_2019,"13739,13781",nhdhr,NASA_NLDAS_2000_2019
416,20,10,6,16,0.14490420311416288,2000,2019,gwlfe,020402070502,12,020402070502,12,Upper Cedar Creek,DE,11177.2,2019_2019,"13781,93730",nhdhr,NASA_NLDAS_2000_2019
417,20,10,6,16,0.12971384354629303,2000,2019,gwlfe,020402070503,12,020402070503,12,Middle Mispillion River,DE,16179.13,2019_2019,"13739,13781",nhdhr,NASA_NLDAS_2000_2019
418,20,10,6,16,0.14755943295210525,2000,2019,gwlfe,020402070504,12,020402070504,12,Slaughter Creek-Frontal Delaware Bay,DE,10494.78,2019_2019,"13781,93730",nhdhr,NASA_NLDAS_2000_2019
419,20,10,6,16,0.14584786847773062,2000,2019,gwlfe,020402070505,12,020402070505,12,Lower Cedar Creek,DE,10932.41,2019_2019,"13781,93730",nhdhr,NASA_NLDAS_2000_2019
420,20,10,6,16,0.14737607023757507,2000,2019,gwlfe,020402070506,12,020402070506,12,Lower Missipillion River,DE,10541.3,2019_2019,"13781,93730",nhdhr,NASA_NLDAS_2000_2019
421,20,10,6,16,0.10962651495051223,2000,2019,gwlfe,020402070507,12,020402070507,12,Grecos Canal-Delaware Bay,DE,28454.97,2019_2019,"13781,93730",nhdhr,NASA_NLDAS_2000_2019
422,20,10,6,16,0.12465603440709885,2000,2019,gwlfe,020402070601,12,020402070601,12,Round Pole Branch-Broadkill River,DE,18489.18,2019_2019,"13781,93730",nhdhr,NASA_NLDAS_2000_2019
423,20,10,6,16,0.1215710151259061,2000,2019,gwlfe,020402070602,12,020402070602,12,Primehook Creek,DE,20111.23,2019_2019,"13781,93730",nhdhr,NASA_NLDAS_2000_2019
424,20,10,6,16,0.13222582533255386,2000,2019,gwlfe,020402070603,12,020402070603,12,Beaverdam Creek-Broadkill River,DE,15170.54,2019_2019,"13781,93730",nhdhr,NASA_NLDAS_2000_2019
425,20,10,6,16,0.13716498299440083,2000,2019,gwlfe,020402070604,12,020402070604,12,Canary Creek-Broadkill River,DE,13413.88,2019_2019,"13781,93730",nhdhr,NASA_NLDAS_2000_2019
426,20,10,6,16,0.14092750069973758,2000,2019,gwlfe,020402070605,12,020402070605,12,Breakwater Harbor-Delaware Bay,DE,12238.11,2019_2019,"13781,93730",nhdhr,NASA_NLDAS_2000_2019
427,20,10,6,16,0.1356593784470778,2000,2019,gwlfe,020403010101,12,020403010101,12,Upper Manasquan River,NJ,13920.12,2019_2019,"14734,94728",nhdhr,NASA_NLDAS_2000_2019
428,20,10,6,16,0.11181204878061995,2000,2019,gwlfe,020403010102,12,020403010102,12,Middle Manasquan River,NJ,26631.28,2019_2019,"14734,94728",nhdhr,NASA_NLDAS_2000_2019
429,20,10,6,16,0.12949541418327418,2000,2019,gwlfe,020403010103,12,020403010103,12,Poplar Brook-Frontal Atlantic Ocean,NJ,14705.41,2019_2019,"14734,94728",nhdhr,NASA_NLDAS_2000_2019
430,20,10,6,16,0.1140697792978006,2000,2019,gwlfe,020403010104,12,020403010104,12,Shark River-Frontal Atlantic Ocean,NJ,24903.35,2019_2019,"14734,94728",nhdhr,NASA_NLDAS_2000_2019
431,20,10,6,16,0.14287757215847108,2000,2019,gwlfe,020403010105,12,020403010105,12,Lower Manasquan River,NJ,11711.79,2019_2019,"14734,94728",nhdhr,NASA_NLDAS_2000_2019
432,20,10,6,16,0.11425563977881581,2000,2019,gwlfe,020403010201,12,020403010201,12,North Branch Metedeconk River,NJ,24767.67,2019_2019,"14734,94728",nhdhr,NASA_NLDAS_2000_2019
433,20,10,6,16,0.12227563285800726,2000,2019,gwlfe,020403010202,12,020403010202,12,South Branch Metedeconk River,NJ,19725.07,2019_2019,"14734,94728",nhdhr,NASA_NLDAS_2000_2019
434,20,10,6,16,0.13692490671906424,2000,2019,gwlfe,020403010203,12,020403010203,12,Cedar Bridge Branch-Metedeconk River,NJ,13493.07,2019_2019,"14734,94728",nhdhr,NASA_NLDAS_2000_2019
435,20,10,6,16,0.11756409541369753,2000,2019,gwlfe,020403010301,12,020403010301,12,Upper Toms River,NJ,22505.28,2019_2019,"14734,93730",nhdhr,NASA_NLDAS_2000_2019
436,20,10,6,16,0.11919517796377425,2000,2019,gwlfe,020403010302,12,020403010302,12,Ridgeway Branch,NJ,21488.39,2019_2019,"14734,93730",nhdhr,NASA_NLDAS_2000_2019
437,20,10,6,16,0.1238123381508154,2000,2019,gwlfe,020403010303,12,020403010303,12,Union Branch,NJ,18915.47,2019_2019,"14734,93730",nhdhr,NASA_NLDAS_2000_2019
438,20,10,6,16,0.11838745167237341,2000,2019,gwlfe,020403010304,12,020403010304,12,Wrangle Brook,NJ,21984.33,2019_2019,"14734,93730",nhdhr,NASA_NLDAS_2000_2019
439,20,10,6,16,0.12389756777621293,2000,2019,gwlfe,020403010305,12,020403010305,12,Middle Toms River,NJ,18871.84,2019_2019,"14734,93730",nhdhr,NASA_NLDAS_2000_2019
440,20,10,6,16,0.12355839411954332,2000,2019,gwlfe,020403010306,12,020403010306,12,Lower Toms River,NJ,19046.24,2019_2019,"14734,93730",nhdhr,NASA_NLDAS_2000_2019
441,20,10,6,16,0.15032841938733632,2000,2019,gwlfe,020403010401,12,020403010401,12,Kettle Creek,NJ,9803.19,2019_2019,"14734,93730",nhdhr,NASA_NLDAS_2000_2019
442,20,10,6,16,0.12897604498430884,2000,2019,gwlfe,020403010402,12,020403010402,12,Upper Cedar Creek,NJ,16491.86,2019_2019,"14734,93730",nhdhr,NASA_NLDAS_2000_2019
443,20,10,6,16,0.12444401050743328,2000,2019,gwlfe,020403010403,12,020403010403,12,Lower Cedar Creek,NJ,18595.2,2019_2019,"14734,93730",nhdhr,NASA_NLDAS_2000_2019
444,20,10,6,16,0.1034492356306703,2000,2019,gwlfe,020403010404,12,020403010404,12,Silver Bay-Barnegat Bay,NJ,34568.86,2019_2019,"14734,93730",nhdhr,NASA_NLDAS_2000_2019
445,20,10,6,16,0.10796030095414275,2000,2019,gwlfe,020403010405,12,020403010405,12,Forked River-Barnegat Bay,NJ,29955.81,2019_2019,"14734,93730",nhdhr,NASA_NLDAS_2000_2019
446,20,10,6,16,0.12351466386094109,2000,2019,gwlfe,020403010406,12,020403010406,12,Gunning River-Barnegat Bay,NJ,19068.88,2019_2019,"14734,93730",nhdhr,NASA_NLDAS_2000_2019
447,20,10,6,16,0.11733989693380775,2000,2019,gwlfe,020403010407,12,020403010407,12,Oyster Creek-Barnegat Bay,NJ,22649.9,2019_2019,"14734,93730",nhdhr,NASA_NLDAS_2000_2019
448,20,10,6,16,0.11579241118063004,2000,2019,gwlfe,020403010501,12,020403010501,12,Upper Oswego River,NJ,23681.76,2019_2019,"13739,93730",nhdhr,NASA_NLDAS_2000_2019
449,20,10,6,16,0.11744073980540104,2000,2019,gwlfe,020403010502,12,020403010502,12,Lower Oswego River,NJ,22584.7,2019_2019,"13739,93730",nhdhr,NASA_NLDAS_2000_2019
450,20,10,6,16,0.10945657439462277,2000,2019,gwlfe,020403010503,12,020403010503,12,Headwaters West Branch Wading River,NJ,28603.65,2019_2019,"13739,93730",nhdhr,NASA_NLDAS_2000_2019
451,20,10,6,16,0.11098970356464423,2000,2019,gwlfe,020403010504,12,020403010504,12,Tulpehocken Creek-West Branch Wading River,NJ,27299.21,2019_2019,"13739,93730",nhdhr,NASA_NLDAS_2000_2019
452,20,10,6,16,0.12476216983800287,2000,2019,gwlfe,020403010505,12,020403010505,12,Wading River,NJ,18436.55,2019_2019,"13739,93730",nhdhr,NASA_NLDAS_2000_2019
453,20,10,6,16,0.13646560524964266,2000,2019,gwlfe,020403010601,12,020403010601,12,Springers Brook,NJ,13520.83,2019_2019,"13739,93730",nhdhr,NASA_NLDAS_2000_2019
454,20,10,6,16,0.11739242732625269,2000,2019,gwlfe,020403010602,12,020403010602,12,Sleeper Branch,NJ,22615.9,2019_2019,"13739,93730",nhdhr,NASA_NLDAS_2000_2019
455,20,10,6,16,0.1072892360336532,2000,2019,gwlfe,020403010603,12,020403010603,12,Upper Mullica River,NJ,30589.2,2019_2019,"13739,93730",nhdhr,NASA_NLDAS_2000_2019
456,20,10,6,16,0.11018345198478446,2000,2019,gwlfe,020403010604,12,020403010604,12,Nescochague Creek,NJ,27975.34,2019_2019,"13739,93730",nhdhr,NASA_NLDAS_2000_2019
457,20,10,6,16,0.10622564664501646,2000,2019,gwlfe,020403010605,12,020403010605,12,Batsto River,NJ,31691.05,2019_2019,"13739,93730",nhdhr,NASA_NLDAS_2000_2019
458,20,10,6,16,0.10172910332466659,2000,2019,gwlfe,020403010606,12,020403010606,12,Middle Mullica River,NJ,36561.78,2019_2019,"13739,93730",nhdhr,NASA_NLDAS_2000_2019
459,20,10,6,16,0.12083003771643086,2000,2019,gwlfe,020403010607,12,020403010607,12,Landing Creek,NJ,20528.19,2019_2019,"13739,93730",nhdhr,NASA_NLDAS_2000_2019
460,20,10,6,16,0.13512772853837254,2000,2019,gwlfe,020403010608,12,020403010608,12,Bass River,NJ,14104.76,2019_2019,"13739,93730",nhdhr,NASA_NLDAS_2000_2019
461,20,10,6,16,0.12323059445888705,2000,2019,gwlfe,020403010609,12,020403010609,12,Nacote Creek,NJ,19215.64,2019_2019,"13739,93730",nhdhr,NASA_NLDAS_2000_2019
462,20,10,6,16,0.11377798768709482,2000,2019,gwlfe,020403010610,12,020403010610,12,Lower Mullica River,NJ,25118.32,2019_2019,"13739,93730",nhdhr,NASA_NLDAS_2000_2019
463,20,10,6,16,0.11536077017725213,2000,2019,gwlfe,020403010701,12,020403010701,12,Mill Creek-Manahawkin Bay,NJ,23980.41,2019_2019,"13739,93730",nhdhr,NASA_NLDAS_2000_2019
464,20,10,6,16,0.12973132512908978,2000,2019,gwlfe,020403010702,12,020403010702,12,Westecunk Creek,NJ,16171.87,2019_2019,"13739,93730",nhdhr,NASA_NLDAS_2000_2019
465,20,10,6,16,0.12535942685921403,2000,2019,gwlfe,020403010703,12,020403010703,12,Cedar Run-Manahawkin Bay,NJ,18143.44,2019_2019,"13739,93730",nhdhr,NASA_NLDAS_2000_2019
466,20,10,6,16,0.10593753701952123,2000,2019,gwlfe,020403010704,12,020403010704,12,Tuckerton Creek-Little Egg Harbor,NJ,31918.72,2019_2019,"13739,93730",nhdhr,NASA_NLDAS_2000_2019
467,20,10,6,16,0.10195904067471558,2000,2019,gwlfe,020403010705,12,020403010705,12,Great Bay-Frontal Atlantic Ocean,NJ,36293.69,2019_2019,"13739,93730",nhdhr,NASA_NLDAS_2000_2019
468,20,10,6,16,0.06247593111323048,2000,2019,gwlfe,020403010800,12,020403010800,12,020403010800-Atlantic Ocean,"NJ,NY",191221.05,2019_2019,"93730,94728",nhdhr,NASA_NLDAS_2000_2019
469,20,10,6,16,0.12192101151922675,2000,2019,gwlfe,020403020101,12,020403020101,12,Fourmile Branch-Great Egg Harbor River,NJ,19920.06,2019_2019,"13739,93730",nhdhr,NASA_NLDAS_2000_2019
470,20,10,6,16,0.1528143952410263,2000,2019,gwlfe,020403020102,12,020403020102,12,Upper Hospitality Branch,NJ,9198.24,2019_2019,"13739,93730",nhdhr,NASA_NLDAS_2000_2019
471,20,10,6,16,0.14430497649974483,2000,2019,gwlfe,020403020103,12,020403020103,12,Marsh Lake Branch,NJ,11333.96,2019_2019,"13739,93730",nhdhr,NASA_NLDAS_2000_2019
472,20,10,6,16,0.1343601899010241,2000,2019,gwlfe,020403020104,12,020403020104,12,Lower Hospitality Branch,NJ,14376.94,2019_2019,"13739,93730",nhdhr,NASA_NLDAS_2000_2019
473,20,10,6,16,0.15851836566996955,2000,2019,gwlfe,020403020105,12,020403020105,12,Penny Pot Stream,NJ,7862.02,2019_2019,"13739,93730",nhdhr,NASA_NLDAS_2000_2019
474,20,10,6,16,0.12644556993413616,2000,2019,gwlfe,020403020106,12,020403020106,12,Squankum Branch-Great Egg Harbor River,NJ,17625.72,2019_2019,"13739,93730",nhdhr,NASA_NLDAS_2000_2019
475,20,10,6,16,0.1388948717363022,2000,2019,gwlfe,020403020107,12,020403020107,12,Deep Run,NJ,12861.53,2019_2019,"13739,93730",nhdhr,NASA_NLDAS_2000_2019
476,20,10,6,16,0.12464791221134651,2000,2019,gwlfe,020403020108,12,020403020108,12,Indian Branch-Great Egg Harbor River,NJ,18501.25,2019_2019,"13739,93730",nhdhr,NASA_NLDAS_2000_2019
477,20,10,6,16,0.1226190643661165,2000,2019,gwlfe,020403020201,12,020403020201,12,Makepeace Stream-Great Egg Harbor River,NJ,19540.29,2019_2019,"13739,93730",nhdhr,NASA_NLDAS_2000_2019
478,20,10,6,16,0.10942082582062268,2000,2019,gwlfe,020403020202,12,020403020202,12,Babcock Creek-Great Egg Harbor River,NJ,28635.02,2019_2019,"13739,93730",nhdhr,NASA_NLDAS_2000_2019
479,20,10,6,16,0.12299897032702306,2000,2019,gwlfe,020403020203,12,020403020203,12,Headwaters South River,NJ,19338.5,2019_2019,"13739,93730",nhdhr,NASA_NLDAS_2000_2019
480,20,10,6,16,0.11735722469559808,2000,2019,gwlfe,020403020204,12,020403020204,12,Stephen Creek-Great Egg Harbor River,NJ,22638.68,2019_2019,"13739,93730",nhdhr,NASA_NLDAS_2000_2019
481,20,10,6,16,0.12041515403024457,2000,2019,gwlfe,020403020205,12,020403020205,12,English Creek-Great Egg Harbor River,NJ,20766.5,2019_2019,"13739,93730",nhdhr,NASA_NLDAS_2000_2019
482,20,10,6,16,0.12253507174898111,2000,2019,gwlfe,020403020301,12,020403020301,12,Upper Tuckahoe River,NJ,19585.27,2019_2019,"13739,93730",nhdhr,NASA_NLDAS_2000_2019
483,20,10,6,16,0.12382581819554649,2000,2019,gwlfe,020403020302,12,020403020302,12,Middle Tuckahoe River,NJ,18908.56,2019_2019,"13739,93730",nhdhr,NASA_NLDAS_2000_2019
484,20,10,6,16,0.1288165422301091,2000,2019,gwlfe,020403020303,12,020403020303,12,Lower Tuckahoe River,NJ,16560.49,2019_2019,"13739,93730",nhdhr,NASA_NLDAS_2000_2019
485,20,10,6,16,0.14835428809075316,2000,2019,gwlfe,020403020304,12,020403020304,12,Cedar Swamp Creek-Tuckahoe River,NJ,10294.28,2019_2019,"13739,93730",nhdhr,NASA_NLDAS_2000_2019
486,20,10,6,16,0.12807438841232627,2000,2019,gwlfe,020403020401,12,020403020401,12,Absecon Creek,NJ,16885.86,2019_2019,"13739,93730",nhdhr,NASA_NLDAS_2000_2019
487,20,10,6,16,0.12450408672293278,2000,2019,gwlfe,020403020402,12,020403020402,12,Patcong Creek,NJ,18565.11,2019_2019,"13739,93730",nhdhr,NASA_NLDAS_2000_2019
488,20,10,6,16,0.11155615113492966,2000,2019,gwlfe,020403020403,12,020403020403,12,Absecon Bay,NJ,26836.83,2019_2019,"13739,93730",nhdhr,NASA_NLDAS_2000_2019
489,20,10,6,16,0.13724731130371795,2000,2019,gwlfe,020403020404,12,020403020404,12,Cape May Harbor-Cape May Inlet,NJ,13361.71,2019_2019,"13739,93730",nhdhr,NASA_NLDAS_2000_2019
490,20,10,6,16,0.1173975167278827,2000,2019,gwlfe,020403020405,12,020403020405,12,Great Channel-Hereford Inlet,NJ,22579.47,2019_2019,"13739,93730",nhdhr,NASA_NLDAS_2000_2019
491,20,10,6,16,0.12721779698288146,2000,2019,gwlfe,020403020406,12,020403020406,12,Townsend Channel-Townsends Inlet,NJ,17283.92,2019_2019,"13739,93730",nhdhr,NASA_NLDAS_2000_2019
492,20,10,6,16,0.14144515064478302,2000,2019,gwlfe,020403020407,12,020403020407,12,Corson Inlet-Ludlam Bay,NJ,12097.26,2019_2019,"13739,93730",nhdhr,NASA_NLDAS_2000_2019
493,20,10,6,16,0.1111289446362176,2000,2019,gwlfe,020403020408,12,020403020408,12,Great Egg Harbor Bay-Great Egg Harbor Inlet,NJ,27184.6,2019_2019,"13739,93730",nhdhr,NASA_NLDAS_2000_2019
494,20,10,6,16,0.07338299828546795,2000,2019,gwlfe,020403020500,12,020403020500,12,Great Egg Harbor Inlet-Atlantic Ocean,NJ,121363.62,2019_2019,"13739,93730",nhdhr,NASA_NLDAS_2000_2019
495,20,10,6,16,0.16505325941610927,2000,2019,gwlfe,020403030101,12,020403030101,12,Wolfe Glade-Lewes and Rehoboth Canal,DE,6408.81,2019_2019,"13781,93730",nhdhr,NASA_NLDAS_2000_2019
496,30,10,6,16,0.11677611006836178,1961,1990,gwlfe,020403030102,12,020403030102,12,Herring Creek-Frontal Rehoboth Bay,DE,23018.79,2019_2019,"13781,93730",nhdhr,USEPA_1960_1990
497,30,10,6,16,0.12457817509902584,1961,1990,gwlfe,020403030103,12,020403030103,12,Love Creek-Frontal Rehoboth Bay,DE,18527.95,2019_2019,"13781,93730",nhdhr,USEPA_1960_1990
498,30,10,6,16,0.14332536379615457,1961,1990,gwlfe,020403030104,12,020403030104,12,Lewes and Rehoboth Canal-Frontal Rehoboth Bay,DE,11592.53,2019_2019,"13781,93730",nhdhr,USEPA_1960_1990
499,30,10,6,16,0.14463250709699577,1961,1990,gwlfe,020403030201,12,020403030201,12,Long Drain Ditch-Betts Pond,DE,11248.16,2019_2019,"13781,93730",nhdhr,USEPA_1960_1990
500,30,10,6,16,0.10934776040265702,1961,1990,gwlfe,020403030202,12,020403030202,12,Cow Bridge Branch-Indian River,DE,28699.16,2019_2019,"13781,93730",nhdhr,USEPA_1960_1990
501,30,10,6,16,0.12396855744008352,1961,1990,gwlfe,020403030203,12,020403030203,12,Swan Creek-Indian River,DE,18835.52,2019_2019,"13781,93730",nhdhr,USEPA_1960_1990
502,30,10,6,16,0.11614594551872245,1961,1990,gwlfe,020403030204,12,020403030204,12,Vines Creek-Indian River,DE,23440.65,2019_2019,"13781,93730",nhdhr,USEPA_1960_1990
503,30,10,6,16,0.12037918169014783,1961,1990,gwlfe,020403030205,12,020403030205,12,White Creek-Frontal Indian River Bay,DE,20787.21,2019_2019,"13781,93730",nhdhr,USEPA_1960_1990
504,30,10,6,16,0.13288685663866903,1961,1990,gwlfe,020403030206,12,020403030206,12,Indian River-Frontal Indian River Bay,DE,14918.79,2019_2019,"13781,93730",nhdhr,USEPA_1960_1990
505,30,10,6,16,0.11838408766006918,1961,1990,gwlfe,020403030301,12,020403030301,12,Little Assawoman Bay,DE,21986.39,2019_2019,"13781,93730",nhdhr,USEPA_1960_1990
506,30,10,6,16,0.1099814157063691,1961,1990,gwlfe,020403030302,12,020403030302,12,Saint Martin River,"DE,MD",28148.18,2019_2019,"13781,93730",nhdhr,USEPA_1960_1990
507,30,10,6,16,0.127245326348944,1961,1990,gwlfe,020403030303,12,020403030303,12,Assawoman Bay,"DE,MD",17256.73,2019_2019,"13781,93730",nhdhr,USEPA_1960_1990
508,30,10,6,16,0.12668884730260668,1961,1990,gwlfe,020403030304,12,020403030304,12,Isle of Wight Bay,MD,17512.4,2019_2019,"13781,93730",nhdhr,USEPA_1960_1990
509,30,10,6,16,0.10562538294984487,1961,1990,gwlfe,020403030401,12,020403030401,12,Newport Bay,MD,32236.48,2019_2019,"13781,93730",nhdhr,USEPA_1960_1990
510,30,10,6,16,0.13872559458728545,1961,1990,gwlfe,020403030402,12,020403030402,12,Sinepuxent Bay,MD,12914.32,2019_2019,"13781,93730",nhdhr,USEPA_1960_1990
511,30,10,6,16,0.09789324234229575,1961,1990,gwlfe,020403030403,12,020403030403,12,Robins Creek-Chincoteague Bay,MD,41604.58,2019_2019,"13737,93730",nhdhr,USEPA_1960_1990
512,30,10,6,16,0.10018753427664788,1961,1990,gwlfe,020403030501,12,020403030501,12,Calfpen Bay-Chincoteague Bay,"MD,VA",38493.64,2019_2019,"13737,93730",nhdhr,USEPA_1960_1990
513,30,10,6,16,0.1097349247215644,1961,1990,gwlfe,020403030502,12,020403030502,12,Swans Gut Creek-Chincoteague Bay,"MD,VA",28361.26,2019_2019,"13737,93730",nhdhr,USEPA_1960_1990
514,30,10,6,16,0.12658503205352545,1961,1990,gwlfe,020403030503,12,020403030503,12,Assateague Channel,VA,17215.38,2019_2019,"13737,93730",nhdhr,USEPA_1960_1990
515,30,10,6,16,0.1007212169597161,1961,1990,gwlfe,020403030504,12,020403030504,12,Chincoteague Inlet-Chincoteague Bay,VA,38106.54,2019_2019,"13737,93730",nhdhr,USEPA_1960_1990
516,30,10,6,16,0.1511711779588889,1961,1990,gwlfe,020403030601,12,020403030601,12,Delaware Seashore State Park-Atlantic Ocean,"DE,NJ",54578.57,2019_2019,"13781,93730",nhdhr,USEPA_1960_1990
517,30,10,6,16,0.07865833344002081,1961,1990,gwlfe,020403030602,12,020403030602,12,Fenwick Island-Atlantic Ocean,"DE,MD",48312.21,2019_2019,"13781,93730",nhdhr,USEPA_1960_1990
518,30,10,6,16,0.10364072147765244,1961,1990,gwlfe,020403030603,12,020403030603,12,Assateague Island-Atlantic Ocean,"MD,VA",34409.0,2019_2019,"13737,93730",nhdhr,USEPA_1960_1990
519,30,10,6,16,0.13863468875287352,1961,1990,gwlfe,020403040101,12,020403040101,12,Assawoman Inlet,VA,12869.25,2019_2019,"13737,93721",nhdhr,USEPA_1960_1990
520,30,10,6,16,0.1413709821663696,1961,1990,gwlfe,020403040102,12,020403040102,12,Gargathy Inlet,VA,11794.4,2019_2019,"13737,93721",nhdhr,USEPA_1960_1990
521,30,10,6,16,0.11353896989445272,1961,1990,gwlfe,020403040103,12,020403040103,12,Metompkin Inlet,VA,24821.34,2019_2019,"13737,13740",nhdhr,USEPA_1960_1990
522,30,10,6,16,0.10035163231465016,1961,1990,gwlfe,020403040104,12,020403040104,12,Wachapreague Inlet,VA,37629.95,2019_2019,"13737,13740",nhdhr,USEPA_1960_1990
523,30,10,6,16,0.10482574747711983,1961,1990,gwlfe,020403040201,12,020403040201,12,Quinby Inlet,VA,32065.46,2019_2019,"13737,13740",nhdhr,USEPA_1960_1990
524,30,10,6,16,0.10441588701970357,1961,1990,gwlfe,020403040202,12,020403040202,12,Machipongo River,VA,33393.41,2019_2019,"13737,13740",nhdhr,USEPA_1960_1990
525,30,10,6,16,0.09823659517948218,1961,1990,gwlfe,020403040203,12,020403040203,12,Great Machipongo Inlet,VA,40377.2,2019_2019,"13737,13740",nhdhr,USEPA_1960_1990
526,30,10,6,16,0.11749602009275512,1961,1990,gwlfe,020403040301,12,020403040301,12,Mockhorn Bay-The Thorofare,VA,22549.06,2019_2019,"13737,13740",nhdhr,USEPA_1960_1990
527,30,10,6,16,0.11417672508652402,1961,1990,gwlfe,020403040302,12,020403040302,12,Sand Shoal Channel,VA,25163.84,2019_2019,"13737,13740",nhdhr,USEPA_1960_1990
528,30,10,6,16,0.12130514540508734,1961,1990,gwlfe,020403040303,12,020403040303,12,South Bay,VA,20932.11,2019_2019,"13737,13740",nhdhr,USEPA_1960_1990
529,30,10,6,16,0.11421412049423958,1961,1990,gwlfe,020403040304,12,020403040304,12,Smith Island Inlet-The Thorofare,VA,23570.12,2019_2019,"13737,13740",nhdhr,USEPA_1960_1990
530,30,10,6,16,0.1143027129731705,1961,1990,gwlfe,020403040401,12,020403040401,12,Metompkin Island-Atlantic Ocean,VA,26366.71,2019_2019,"13737,13740",nhdhr,USEPA_1960_1990
531,30,10,6,16,0.11192075800690457,1961,1990,gwlfe,020403040402,12,020403040402,12,Parramore Island-Atlantic Ocean,VA,27585.24,2019_2019,"13737,13740",nhdhr,USEPA_1960_1990
532,30,10,6,16,0.08705027435307132,1961,1990,gwlfe,020403040404,12,020403040404,12,Sand Shoal Inlet-Atlantic Ocean,VA,64328.86,2019_2019,"13737,13740",nhdhr,USEPA_1960_1990
533,30,10,6,16,0.1340344541089497,1961,1990,gwlfe,020403040501,12,020403040501,12,Rudee Inlet-Atlantic Ocean,VA,14370.76,2019_2019,"13737,13740",nhdhr,USEPA_1960_1990
