,AreaTotal,MeanFlow,MeanFlowPerSecond,gwlfe_endpoint,huc,huc_level,huc_run,huc_run_level,huc_run_name,huc_run_states,huc_run_areaacres,land_use_source,closest_weather_stations,stream_layer,weather_source
0,8403.6,37053359.726604305,1.1749543292302227,gwlfe,020401010101,12,020401010101,12,Town Brook-West Branch Delaware River,NY,20586.32,2019_2019,"4725,14735",nhdhr,NASA_NLDAS_2000_2019
1,6477.400000000001,29117023.04959692,0.9232947440891971,gwlfe,020401010102,12,020401010102,12,Betty Brook-West Branch Delaware River,NY,16095.45,2019_2019,"4725,14735",nhdhr,NASA_NLDAS_2000_2019
2,6604.7,29519279.615699768,0.9360502161244219,gwlfe,020401010103,12,020401010103,12,Rose Brook-West Branch Delaware River,NY,16327.17,2019_2019,"4725,14735",nhdhr,NASA_NLDAS_2000_2019
3,7090.299999999999,31461633.502115764,0.9976418538215298,gwlfe,020401010104,12,020401010104,12,Kidd Brook-West Branch Delaware River,NY,17537.2,2019_2019,"4725,14735",nhdhr,NASA_NLDAS_2000_2019
4,13455.6,59230098.61731567,1.8781741063329425,gwlfe,020401010105,12,020401010105,12,Little Delaware River,NY,33390.3,2019_2019,"4725,14735",nhdhr,NASA_NLDAS_2000_2019
5,8856.6,39483032.37408486,1.2519987434704738,gwlfe,020401010106,12,020401010106,12,Elk Brook-West Branch Delaware River,NY,21931.82,2019_2019,"4725,14735",nhdhr,NASA_NLDAS_2000_2019
6,7741.4,43782577.5687707,1.3883364272187564,gwlfe,020401010201,12,020401010201,12,Platner Brook-West Branch Delaware River,NY,19160.46,2019_2019,"4725,14777",nhdhr,NASA_NLDAS_2000_2019
7,7786.499999999999,44101346.9678373,1.3984445385539477,gwlfe,020401010202,12,020401010202,12,Bagley Brook-West Branch Delaware River,NY,19284.9,2019_2019,"4725,14777",nhdhr,NASA_NLDAS_2000_2019
8,6477.799999999998,36348075.227383986,1.152589904470573,gwlfe,020401010203,12,020401010203,12,East Brook,NY,16028.98,2019_2019,"4725,14777",nhdhr,NASA_NLDAS_2000_2019
9,5741.9,32556593.739639018,1.0323628151838857,gwlfe,020401010204,12,020401010204,12,Mallory Brook-West Branch Delaware River,NY,14244.69,2019_2019,"4725,14777",nhdhr,NASA_NLDAS_2000_2019
10,12646.2,72014964.00285171,2.2835795282487226,gwlfe,020401010205,12,020401010205,12,Beers Brook-West Branch Delaware River,NY,31350.77,2019_2019,"4725,14777",nhdhr,NASA_NLDAS_2000_2019
11,12522.7,75581548.04395501,2.3966751662847225,gwlfe,020401010206,12,020401010206,12,Trout Creek,NY,31688.98,2019_2019,"4725,14777",nhdhr,NASA_NLDAS_2000_2019
12,12377.8,84000849.14857186,2.6636494529608026,gwlfe,020401010207,12,020401010207,12,Cannonsville Reservoir-West Branch Delaware River,NY,33805.69,2019_2019,"4725,14777",nhdhr,NASA_NLDAS_2000_2019
13,7951.7,45624115.87942895,1.4467312239798629,gwlfe,020401010301,12,020401010301,12,Cold Spring Creek,NY,19689.14,2019_2019,"4725,14777",nhdhr,NASA_NLDAS_2000_2019
14,8989.499999999998,51640282.47058099,1.6375026151249679,gwlfe,020401010302,12,020401010302,12,Upper Oquaga Creek,NY,22311.83,2019_2019,"4725,14777",nhdhr,NASA_NLDAS_2000_2019
15,8416.800000000001,48274292.63295245,1.5307677775543014,gwlfe,020401010303,12,020401010303,12,Lower Oquaga Creek,NY,20913.46,2019_2019,"4725,14777",nhdhr,NASA_NLDAS_2000_2019
16,5615.200000000001,32398723.80790482,1.027356792488103,gwlfe,020401010304,12,020401010304,12,Big Hollow-West Branch Delaware River,NY,14145.32,2019_2019,"4725,14777",nhdhr,NASA_NLDAS_2000_2019
17,9331.3,54804235.95445437,1.7378309219449002,gwlfe,020401010305,12,020401010305,12,Sherman Creek-West Branch Delaware River,"NY,PA",23524.65,2019_2019,"4725,14777",nhdhr,NASA_NLDAS_2000_2019
18,4668.3,27120248.831436187,0.8599774489927761,gwlfe,020401010306,12,020401010306,12,Sands Creek,NY,11576.99,2019_2019,"4725,14777",nhdhr,NASA_NLDAS_2000_2019
19,9270.4,53093479.34244212,1.6835831856431418,gwlfe,020401010307,12,020401010307,12,Balls Creek-West Branch Delaware River,"NY,PA",23344.47,2019_2019,"4725,14777",nhdhr,NASA_NLDAS_2000_2019
20,5827.7,33379791.7442912,1.0584662526728565,gwlfe,020401010401,12,020401010401,12,Upper Equinunk Creek,PA,14899.71,2019_2019,"4725,14777",nhdhr,NASA_NLDAS_2000_2019
21,8764.0,50287749.49038325,1.5946140756717164,gwlfe,020401010402,12,020401010402,12,Lower Equinunk Creek,PA,21904.12,2019_2019,"4725,14777",nhdhr,NASA_NLDAS_2000_2019
22,5534.599999999999,33427687.419184253,1.059985014560637,gwlfe,020401010403,12,020401010403,12,Factory Creek-Delaware River,"NY,PA",14186.81,2019_2019,"4725,14777",nhdhr,NASA_NLDAS_2000_2019
23,5795.9,34059285.37595346,1.0800128543871594,gwlfe,020401010404,12,020401010404,12,Basket Creek,NY,14419.35,2019_2019,"4725,14777",nhdhr,NASA_NLDAS_2000_2019
24,6346.9,36182124.81593137,1.1473276514437905,gwlfe,020401010405,12,020401010405,12,Little Equinunk Creek,PA,16049.76,2019_2019,"4725,14777",nhdhr,NASA_NLDAS_2000_2019
25,9116.599999999999,54269700.2064671,1.7208809045683378,gwlfe,020401010406,12,020401010406,12,Pea Brook-Delaware River,"NY,PA",23104.89,2019_2019,"4725,14777",nhdhr,NASA_NLDAS_2000_2019
26,10598.999999999996,60985103.529482126,1.9338249470282258,gwlfe,020401010501,12,020401010501,12,Hankins Creek-Delaware River,"NY,PA",26751.93,2019_2019,"4725,14777",nhdhr,NASA_NLDAS_2000_2019
27,9305.400000000001,51977484.80143542,1.6481952308928025,gwlfe,020401010502,12,020401010502,12,North Branch Callicoon Creek,NY,23160.41,2019_2019,"4725,14777",nhdhr,NASA_NLDAS_2000_2019
28,8522.6,47619615.797181286,1.5100081112754087,gwlfe,020401010503,12,020401010503,12,Upper East Branch Callicoon Creek,NY,21171.3,2019_2019,"4725,14777",nhdhr,NASA_NLDAS_2000_2019
29,6219.2,33908330.871034056,1.075226118437153,gwlfe,020401010504,12,020401010504,12,Middle East Branch Callicoon Creek,NY,15615.02,2019_2019,"4725,14777",nhdhr,NASA_NLDAS_2000_2019
30,4753.900000000001,25569203.56664891,0.8107941262889685,gwlfe,020401010505,12,020401010505,12,Lower East Branch Callicoon Creek,NY,11785.38,2019_2019,"4725,14777",nhdhr,NASA_NLDAS_2000_2019
31,6150.699999999999,35510394.05852944,1.1260272088574783,gwlfe,020401010506,12,020401010506,12,Beaverdam Creek-Delaware River,"NY,PA",15640.3,2019_2019,"4725,14777",nhdhr,NASA_NLDAS_2000_2019
32,5501.8,30524395.65391005,0.9679222366156154,gwlfe,020401010601,12,020401010601,12,North Branch Calkins Creek,PA,13754.19,2019_2019,"4725,14777",nhdhr,NASA_NLDAS_2000_2019
33,5799.799999999999,31496513.5894887,0.9987478941365011,gwlfe,020401010602,12,020401010602,12,South Branch Calkins Creek,PA,14410.24,2019_2019,"4725,14777",nhdhr,NASA_NLDAS_2000_2019
34,12415.8,75557117.81902099,2.395900488933948,gwlfe,020401010603,12,020401010603,12,Tenmile River,NY,31149.8,2019_2019,"14737,14777",nhdhr,NASA_NLDAS_2000_2019
35,9543.400000000001,59653558.91519739,1.8916019442921546,gwlfe,020401010604,12,020401010604,12,Peggy Run-Delaware River,"NY,PA",24333.56,2019_2019,"14737,14777",nhdhr,NASA_NLDAS_2000_2019
36,7799.199999999999,48134059.39153885,1.5263210106398672,gwlfe,020401010605,12,020401010605,12,Masthope Creek,PA,19955.64,2019_2019,"14737,14777",nhdhr,NASA_NLDAS_2000_2019
37,4808.699999999999,30610046.02240766,0.9706381919840075,gwlfe,020401010606,12,020401010606,12,Westcolang Creek-Delaware River,"NY,PA",12490.28,2019_2019,"14737,14777",nhdhr,NASA_NLDAS_2000_2019
38,7716.7,44915172.87718572,1.4242507888503841,gwlfe,020401020101,12,020401020101,12,Little Beaver Kill,NY,19370.78,2019_2019,"4725,14777",nhdhr,NASA_NLDAS_2000_2019
39,7234.2,37435990.988564454,1.1870874869534644,gwlfe,020401020102,12,020401020102,12,Upper Willowemoc Creek,NY,17930.56,2019_2019,"14735,14777",nhdhr,NASA_NLDAS_2000_2019
40,9060.900000000003,46527755.025963716,1.4753854333448666,gwlfe,020401020103,12,020401020103,12,Middle Willowemoc Creek,NY,22753.5,2019_2019,"14735,14777",nhdhr,NASA_NLDAS_2000_2019
41,9487.6,55667133.9248348,1.7651932370888763,gwlfe,020401020104,12,020401020104,12,Lower Willowemoc Creek,NY,23654.18,2019_2019,"4725,14777",nhdhr,NASA_NLDAS_2000_2019
42,12870.100000000002,69174442.73211358,2.193507189628158,gwlfe,020401020201,12,020401020201,12,Upper Beaver Kill,NY,32012.62,2019_2019,"14735,14777",nhdhr,NASA_NLDAS_2000_2019
43,12536.8,73865259.609787,2.342252017053114,gwlfe,020401020202,12,020401020202,12,Middle Beaver Kill,NY,31158.95,2019_2019,"4725,14777",nhdhr,NASA_NLDAS_2000_2019
44,5027.8,29932846.841101855,0.9491643468132247,gwlfe,020401020203,12,020401020203,12,Tennanah Lake-Trout Brook,NY,12640.73,2019_2019,"4725,14777",nhdhr,NASA_NLDAS_2000_2019
45,12849.7,76886293.04994228,2.4380483590164346,gwlfe,020401020204,12,020401020204,12,Lower Beaver Kill,NY,32017.74,2019_2019,"4725,14777",nhdhr,NASA_NLDAS_2000_2019
46,4988.7,22607989.302271936,0.7168946379462182,gwlfe,020401020301,12,020401020301,12,Batavia Kill,NY,12332.7,2019_2019,"4725,14735",nhdhr,NASA_NLDAS_2000_2019
47,12897.999999999998,60075115.40349135,1.9049694128453625,gwlfe,020401020302,12,020401020302,12,Pleasant Valley Brook-East Branch Delaware River,NY,31918.39,2019_2019,"4725,14735",nhdhr,NASA_NLDAS_2000_2019
48,12224.0,57374945.485215105,1.819347586416004,gwlfe,020401020303,12,020401020303,12,Vly Creek-Bush Kill,NY,30219.34,2019_2019,"4725,14735",nhdhr,NASA_NLDAS_2000_2019
49,9093.800000000001,42795649.75870618,1.357041151658618,gwlfe,020401020304,12,020401020304,12,Dry Brook,NY,22488.67,2019_2019,"4725,14735",nhdhr,NASA_NLDAS_2000_2019
50,9150.0,42350343.066449516,1.342920569078181,gwlfe,020401020305,12,020401020305,12,Platte Kill,NY,22615.0,2019_2019,"4725,14735",nhdhr,NASA_NLDAS_2000_2019
51,6704.899999999998,34858067.71634413,1.1053420762412522,gwlfe,020401020306,12,020401020306,12,Huckleberry Brook-East Branch Delaware River,NY,16862.65,2019_2019,"4725,14735",nhdhr,NASA_NLDAS_2000_2019
52,6544.899999999999,41797702.729775764,1.3253964589604188,gwlfe,020401020401,12,020401020401,12,Mill Brook,NY,16197.96,2019_2019,"4725,14735",nhdhr,NASA_NLDAS_2000_2019
53,9642.300000000001,45611318.930395484,1.4463254353879846,gwlfe,020401020402,12,020401020402,12,Tremper Kill-Pepacton Reservoir,NY,24005.75,2019_2019,"4725,14735",nhdhr,NASA_NLDAS_2000_2019
54,6626.0,33427553.9921779,1.0599807836180206,gwlfe,020401020403,12,020401020403,12,Barkaboom Stream-East Branch Delaware River,NY,17643.06,2019_2019,"4725,14735",nhdhr,NASA_NLDAS_2000_2019
55,8075.4,50001923.08893292,1.5855505799382583,gwlfe,020401020404,12,020401020404,12,Murphy Hill Brook-Pepacton Reservoir,NY,20595.47,2019_2019,"4725,14777",nhdhr,NASA_NLDAS_2000_2019
56,7997.699999999999,53826685.06577115,1.7068329866112109,gwlfe,020401020405,12,020401020405,12,Holliday Brook-East Branch Delaware River,NY,22723.11,2019_2019,"4725,14777",nhdhr,NASA_NLDAS_2000_2019
57,7012.9,40339109.58745325,1.2791447738284263,gwlfe,020401020501,12,020401020501,12,Wilson Hollow Brook-Downs Brook,NY,17332.55,2019_2019,"4725,14777",nhdhr,NASA_NLDAS_2000_2019
58,9691.400000000001,57090493.14984464,1.8103276620321105,gwlfe,020401020502,12,020401020502,12,Trout Brook-East Branch Delaware River,NY,24071.86,2019_2019,"4725,14777",nhdhr,NASA_NLDAS_2000_2019
59,6857.299999999999,40471099.16948319,1.2833301360186198,gwlfe,020401020503,12,020401020503,12,Baxter Brook-East Branch Delaware River,NY,17097.67,2019_2019,"4725,14777",nhdhr,NASA_NLDAS_2000_2019
60,4439.1,26327570.569434248,0.8348417861946426,gwlfe,020401020504,12,020401020504,12,Read Creek,NY,11016.31,2019_2019,"4725,14777",nhdhr,NASA_NLDAS_2000_2019
61,4952.800000000001,29206005.29357427,0.9261163525359675,gwlfe,020401020505,12,020401020505,12,Fish Creek-East Branch Delaware River,NY,12372.43,2019_2019,"4725,14777",nhdhr,NASA_NLDAS_2000_2019
62,4660.0,27507306.69729454,0.8722509734048244,gwlfe,020401020506,12,020401020506,12,Cadosia Creek,NY,11546.38,2019_2019,"4725,14777",nhdhr,NASA_NLDAS_2000_2019
63,6064.3,36041893.368598714,1.1428809414192895,gwlfe,020401020507,12,020401020507,12,Peas Eddy Brook-East Branch Delaware River,NY,15273.91,2019_2019,"4725,14777",nhdhr,NASA_NLDAS_2000_2019
64,4298.3,23146955.116054382,0.7339851317876199,gwlfe,020401030101,12,020401030101,12,Johnson Creek,PA,10705.76,2019_2019,"4725,14777",nhdhr,NASA_NLDAS_2000_2019
65,5542.900000000001,31619084.201349434,1.0026345827419278,gwlfe,020401030102,12,020401030102,12,Van Auken Creek,PA,14244.53,2019_2019,"4725,14777",nhdhr,NASA_NLDAS_2000_2019
66,13447.300000000001,75694314.94988845,2.400250981414525,gwlfe,020401030103,12,020401030103,12,Belmont Lake-West Branch Lackawaxen River,PA,34069.38,2019_2019,"4725,14777",nhdhr,NASA_NLDAS_2000_2019
67,4300.0,24845857.88979714,0.7878569853436435,gwlfe,020401030201,12,020401030201,12,East Branch Dyberry Creek,PA,10832.97,2019_2019,"4725,14777",nhdhr,NASA_NLDAS_2000_2019
68,7431.9000000000015,41927289.93422768,1.3295056422573466,gwlfe,020401030202,12,020401030202,12,West Branch Dyberry Creek,PA,18571.74,2019_2019,"4725,14777",nhdhr,NASA_NLDAS_2000_2019
69,6164.599999999999,33726032.8404256,1.0694454858075089,gwlfe,020401030203,12,020401030203,12,Big Brook-Dyberry Creek,PA,15410.81,2019_2019,"4725,14777",nhdhr,NASA_NLDAS_2000_2019
70,10323.000000000002,60291173.38039419,1.9118205663493846,gwlfe,020401030301,12,020401030301,12,Upper Middle Creek,PA,25770.75,2019_2019,"14737,14777",nhdhr,NASA_NLDAS_2000_2019
71,10698.399999999998,64201939.214458495,2.035830137444777,gwlfe,020401030302,12,020401030302,12,Lower Middle Creek,PA,26857.19,2019_2019,"14737,14777",nhdhr,NASA_NLDAS_2000_2019
72,3961.9999999999995,23845128.82101773,0.756124074740542,gwlfe,020401030401,12,020401030401,12,Jones Creek,PA,10186.43,2019_2019,"14737,14777",nhdhr,NASA_NLDAS_2000_2019
73,13269.299999999997,79840597.09320872,2.5317287256852077,gwlfe,020401030402,12,020401030402,12,Butternut Creek-West Branch Wallenpaupack Creek,PA,33027.46,2019_2019,"14737,14777",nhdhr,NASA_NLDAS_2000_2019
74,4388.6,26232784.61277969,0.8318361432261444,gwlfe,020401030501,12,020401030501,12,Bridge Creek,PA,10964.86,2019_2019,"14737,14777",nhdhr,NASA_NLDAS_2000_2019
75,4107.500000000001,25186829.631068885,0.7986691283317126,gwlfe,020401030502,12,020401030502,12,East Branch Wallenpaupack,PA,10743.7,2019_2019,"14737,14777",nhdhr,NASA_NLDAS_2000_2019
76,10442.999999999998,62554443.44870967,1.983588389418749,gwlfe,020401030503,12,020401030503,12,Headwaters Wallenpaupack Creek,PA,26047.93,2019_2019,"14737,14777",nhdhr,NASA_NLDAS_2000_2019
77,3805.7999999999997,23871561.186248586,0.7569622395436513,gwlfe,020401030504,12,020401030504,12,Ariel Creek,PA,10311.44,2019_2019,"14737,14777",nhdhr,NASA_NLDAS_2000_2019
78,15453.399999999998,111180394.45327352,3.5255071807861973,gwlfe,020401030505,12,020401030505,12,Lake Wallenpaupack-Wallenpaupack Creek,PA,44239.78,2019_2019,"14737,14777",nhdhr,NASA_NLDAS_2000_2019
79,11140.400000000003,66983012.19132444,2.1240173830328652,gwlfe,020401030601,12,020401030601,12,Carley Brook-Lackawaxen River,PA,27871.83,2019_2019,"14737,14777",nhdhr,NASA_NLDAS_2000_2019
80,7622.5,46351885.33127025,1.4698086419098886,gwlfe,020401030602,12,020401030602,12,Blooming Grove Creek,PA,19205.9,2019_2019,"14737,14777",nhdhr,NASA_NLDAS_2000_2019
81,13289.999999999998,82491593.45726557,2.615791268939167,gwlfe,020401030603,12,020401030603,12,Lackawaxen River-Delaware River,PA,33611.61,2019_2019,"14737,14777",nhdhr,NASA_NLDAS_2000_2019
82,4791.599999999999,25642251.916803293,0.8131104742771211,gwlfe,020401040101,12,020401040101,12,Middle Mongaup River,NY,11865.66,2019_2019,"14734,14777",nhdhr,NASA_NLDAS_2000_2019
83,6697.0999999999985,36271655.291691795,1.1501666442063607,gwlfe,020401040102,12,020401040102,12,East Mongaup River,NY,16685.55,2019_2019,"14734,14777",nhdhr,NASA_NLDAS_2000_2019
84,6861.0,36833752.670899555,1.1679906351756582,gwlfe,020401040103,12,020401040103,12,West Branch Mongaup River,NY,17286.62,2019_2019,"14734,14777",nhdhr,NASA_NLDAS_2000_2019
85,11528.5,65043564.40825498,2.0625178972683593,gwlfe,020401040104,12,020401040104,12,Swinging Bridge Reservoir-Mongaup River,NY,29972.39,2019_2019,"14734,14777",nhdhr,NASA_NLDAS_2000_2019
86,9119.399999999998,56361601.7538486,1.7872146674863203,gwlfe,020401040105,12,020401040105,12,Black Lake Creek,NY,24546.29,2019_2019,"14734,14777",nhdhr,NASA_NLDAS_2000_2019
87,4951.2,27667982.8453699,0.8773459806370466,gwlfe,020401040106,12,020401040106,12,Black Brook,NY,12557.78,2019_2019,"14734,14777",nhdhr,NASA_NLDAS_2000_2019
88,8017.000000000001,44134000.584251046,1.3994799779379454,gwlfe,020401040107,12,020401040107,12,Rio Reservoir-Mongaup River,NY,20557.56,2019_2019,"14734,14777",nhdhr,NASA_NLDAS_2000_2019
89,6346.999999999999,35822240.314355694,1.1359157887606448,gwlfe,020401040201,12,020401040201,12,Gumaer Brook-Basher Kill,NY,15847.28,2019_2019,"14734,94728",nhdhr,NASA_NLDAS_2000_2019
90,4239.299999999999,26337806.757760867,0.8351663735971863,gwlfe,020401040202,12,020401040202,12,Pine Kill,NY,10914.06,2019_2019,"14734,94728",nhdhr,NASA_NLDAS_2000_2019
91,7877.800000000001,43618147.26644027,1.383122376536031,gwlfe,020401040203,12,020401040203,12,Basher Kill,NY,19642.82,2019_2019,"14734,94728",nhdhr,NASA_NLDAS_2000_2019
92,8907.099999999999,48187121.88602196,1.528003611302066,gwlfe,020401040301,12,020401040301,12,West Branch Neversink River,NY,22047.19,2019_2019,"14735,14777",nhdhr,NASA_NLDAS_2000_2019
93,7137.6,36015605.71276935,1.1420473653211995,gwlfe,020401040302,12,020401040302,12,East Branch Neversink River,NY,17638.55,2019_2019,"14735,94728",nhdhr,NASA_NLDAS_2000_2019
94,7325.0,45209684.08387377,1.43358967795135,gwlfe,020401040303,12,020401040303,12,Neversink River,NY,19496.63,2019_2019,"14735,14777",nhdhr,NASA_NLDAS_2000_2019
95,7538.000000000001,42149732.65750753,1.3365592547408527,gwlfe,020401040304,12,020401040304,12,Sheldrake Stream,NY,19408.28,2019_2019,"14734,14777",nhdhr,NASA_NLDAS_2000_2019
96,11727.499999999998,77524087.10670112,2.458272675884739,gwlfe,020401040305,12,020401040305,12,Upper Neversink River,NY,29639.99,2019_2019,"14734,94728",nhdhr,NASA_NLDAS_2000_2019
97,4932.0,26706143.410923,0.8468462522489536,gwlfe,020401040306,12,020401040306,12,Turner Brook-Bush Kill,NY,12395.92,2019_2019,"14734,94728",nhdhr,NASA_NLDAS_2000_2019
98,11158.7,69490065.09865603,2.203515509216642,gwlfe,020401040307,12,020401040307,12,Middle Neversink River,NY,28479.91,2019_2019,"14734,94728",nhdhr,NASA_NLDAS_2000_2019
99,11143.699999999997,60337746.13696893,1.91329737877248,gwlfe,020401040308,12,020401040308,12,Lower Neversink River,"NJ,NY",27957.48,2019_2019,"14734,94728",nhdhr,NASA_NLDAS_2000_2019
100,9530.500000000002,57215346.97656266,1.814286750905716,gwlfe,020401040401,12,020401040401,12,Upper Shohola Creek,PA,23963.34,2019_2019,"14737,14777",nhdhr,NASA_NLDAS_2000_2019
101,6066.2,37130239.37591885,1.1773921669177718,gwlfe,020401040402,12,020401040402,12,Middle Shohola Creek,PA,15643.28,2019_2019,"14737,14777",nhdhr,NASA_NLDAS_2000_2019
102,6066.000000000001,36860566.29984167,1.1688408897717426,gwlfe,020401040403,12,020401040403,12,Lower Shohola Creek,PA,15068.96,2019_2019,"14737,14777",nhdhr,NASA_NLDAS_2000_2019
103,5917.8,37315796.385436006,1.1832761410906902,gwlfe,020401040501,12,020401040501,12,Beaver Brook,NY,15063.49,2019_2019,"14737,14777",nhdhr,NASA_NLDAS_2000_2019
104,7096.4,45002173.4772896,1.427009559782141,gwlfe,020401040502,12,020401040502,12,Halfway Brook,NY,18123.83,2019_2019,"14737,14777",nhdhr,NASA_NLDAS_2000_2019
105,4860.599999999999,26949484.77144031,0.8545625561720037,gwlfe,020401040503,12,020401040503,12,Mill Brook,NY,12477.4,2019_2019,"14734,14777",nhdhr,NASA_NLDAS_2000_2019
106,9964.4,64180777.031751655,2.035159089033221,gwlfe,020401040504,12,020401040504,12,Twin Lakes Creek-Delaware River,"NY,PA",25731.28,2019_2019,"14737,14777",nhdhr,NASA_NLDAS_2000_2019
107,10979.399999999998,63243381.34213753,2.0054344667090795,gwlfe,020401040505,12,020401040505,12,Shingle Kill-Delaware River,"NJ,NY,PA",27988.31,2019_2019,"14734,14777",nhdhr,NASA_NLDAS_2000_2019
108,4329.099999999999,27124172.606190875,0.8601018710740385,gwlfe,020401040601,12,020401040601,12,Brights Creek,PA,10894.82,2019_2019,"14737,14777",nhdhr,NASA_NLDAS_2000_2019
109,9663.2,57531028.271260016,1.8242969390937347,gwlfe,020401040602,12,020401040602,12,Upper Bush Kill,PA,24605.19,2019_2019,"14737,14777",nhdhr,NASA_NLDAS_2000_2019
110,5417.399999999999,32259699.387206323,1.0229483570270905,gwlfe,020401040603,12,020401040603,12,Middle Bush Kill,PA,13446.08,2019_2019,"14737,14777",nhdhr,NASA_NLDAS_2000_2019
111,7700.899999999999,46513062.99494123,1.4749195520973246,gwlfe,020401040604,12,020401040604,12,Saw Creek,PA,19318.21,2019_2019,"14737,14777",nhdhr,NASA_NLDAS_2000_2019
112,8320.0,49119683.108185805,1.557574933669007,gwlfe,020401040605,12,020401040605,12,Little Bush Kill,PA,21119.84,2019_2019,"14737,14777",nhdhr,NASA_NLDAS_2000_2019
113,4685.599999999999,28629437.167044368,0.9078334971792354,gwlfe,020401040606,12,020401040606,12,Lower Bush Kill,PA,11685.01,2019_2019,"14737,14777",nhdhr,NASA_NLDAS_2000_2019
114,6281.000000000001,38927308.694966905,1.234376861205191,gwlfe,020401040701,12,020401040701,12,Sawkill Creek,PA,15658.51,2019_2019,"14737,14777",nhdhr,NASA_NLDAS_2000_2019
115,6155.6,36389938.80270624,1.1539173897357382,gwlfe,020401040702,12,020401040702,12,Raymondskill Creek,PA,15520.92,2019_2019,"14737,14777",nhdhr,NASA_NLDAS_2000_2019
116,4173.400000000001,26988733.074532207,0.8558071116987636,gwlfe,020401040703,12,020401040703,12,Dingmans Creek,PA,10821.63,2019_2019,"14737,14777",nhdhr,NASA_NLDAS_2000_2019
117,13375.800000000003,71990581.20296596,2.2828063547363637,gwlfe,020401040704,12,020401040704,12,Shimers Brook-Delaware River,"NJ,PA",34253.07,2019_2019,"14734,14777",nhdhr,NASA_NLDAS_2000_2019
118,10558.7,66309422.120173216,2.102657981994331,gwlfe,020401040705,12,020401040705,12,Hornbecks Creek-Delaware River,"NJ,PA",27078.81,2019_2019,"14737,14777",nhdhr,NASA_NLDAS_2000_2019
119,5399.9000000000015,32393447.973937538,1.0271894968904598,gwlfe,020401040801,12,020401040801,12,Upper McMichael Creek,PA,13374.46,2019_2019,"14737,14777",nhdhr,NASA_NLDAS_2000_2019
120,5614.8,34185403.12763879,1.0840120220585612,gwlfe,020401040802,12,020401040802,12,Appenzell Creek,PA,14075.18,2019_2019,"14737,14777",nhdhr,NASA_NLDAS_2000_2019
121,9075.299999999997,54854940.35154387,1.7394387478292705,gwlfe,020401040803,12,020401040803,12,Upper Pocono Creek,PA,22684.57,2019_2019,"14737,14777",nhdhr,NASA_NLDAS_2000_2019
122,3629.9,22567798.64201009,0.7156202004696248,gwlfe,020401040804,12,020401040804,12,Lower Pocono Creek,PA,8994.05,2019_2019,"14737,14777",nhdhr,NASA_NLDAS_2000_2019
123,5866.199999999999,36389560.757604085,1.1539054020041883,gwlfe,020401040805,12,020401040805,12,Lower McMichael Creek,PA,14564.48,2019_2019,"14737,14777",nhdhr,NASA_NLDAS_2000_2019
124,10665.8,65012733.021575786,2.0615402404101912,gwlfe,020401040901,12,020401040901,12,Upper Broadhead Creek,PA,26664.65,2019_2019,"14737,14777",nhdhr,NASA_NLDAS_2000_2019
125,11222.8,68706398.61312269,2.178665607975732,gwlfe,020401040902,12,020401040902,12,Paradise Creek,PA,27827.19,2019_2019,"14737,14777",nhdhr,NASA_NLDAS_2000_2019
126,7402.199999999999,45308953.956722274,1.4367375049696307,gwlfe,020401040903,12,020401040903,12,Middle Broadhead Creek,PA,18498.3,2019_2019,"14737,14777",nhdhr,NASA_NLDAS_2000_2019
127,6706.299999999998,40702208.90965037,1.2906585778047428,gwlfe,020401040904,12,020401040904,12,Marshalls Creek,PA,16834.0,2019_2019,"14737,14777",nhdhr,NASA_NLDAS_2000_2019
128,8104.200000000001,48902852.027236685,1.5506992651964957,gwlfe,020401040905,12,020401040905,12,Lower Broadhead Creek,PA,20288.63,2019_2019,"14737,14777",nhdhr,NASA_NLDAS_2000_2019
129,4273.9,20788204.235704813,0.6591896320302135,gwlfe,020401041001,12,020401041001,12,Little Flat Brook,NJ,10572.3,2019_2019,"14734,14737",nhdhr,NASA_NLDAS_2000_2019
130,8329.6,43234984.93810389,1.3709723788084693,gwlfe,020401041002,12,020401041002,12,Big Flat Brook,NJ,20826.65,2019_2019,"14734,14737",nhdhr,NASA_NLDAS_2000_2019
131,4360.000000000001,26295583.147530764,0.8338274716999862,gwlfe,020401041003,12,020401041003,12,Flat Brook,NJ,10799.35,2019_2019,"14737,14777",nhdhr,NASA_NLDAS_2000_2019
132,5392.700000000001,32724498.049425565,1.0376870259203945,gwlfe,020401041004,12,020401041004,12,Cherry Creek,PA,13374.27,2019_2019,"14737,14777",nhdhr,NASA_NLDAS_2000_2019
133,9316.5,99325063.73579738,3.149577109836294,gwlfe,020401041005,12,020401041005,12,Vancampens Brook-Delaware River,"NJ,PA",24255.94,2019_2019,"14737,14777",nhdhr,NASA_NLDAS_2000_2019
134,16195.399999999998,84871462.65384254,2.6912564261111918,gwlfe,020401050101,12,020401050101,12,Headwaters Paulins Kill ,NJ,41265.78,2019_2019,"14734,94728",nhdhr,NASA_NLDAS_2000_2019
135,10586.699999999999,58071925.876246214,1.8414486896323634,gwlfe,020401050102,12,020401050102,12,Upper Paulins Kill ,NJ,27179.43,2019_2019,"14734,14737",nhdhr,NASA_NLDAS_2000_2019
136,8680.5,46388161.13941424,1.4709589402401777,gwlfe,020401050103,12,020401050103,12,Middle Paulins Kill,NJ,21760.3,2019_2019,"14734,14737",nhdhr,NASA_NLDAS_2000_2019
137,9167.900000000001,56384179.75948504,1.7879306113484603,gwlfe,020401050104,12,020401050104,12,Lower Paulins Kill,NJ,23248.7,2019_2019,"14737,14777",nhdhr,NASA_NLDAS_2000_2019
138,9862.999999999996,52010602.82062845,1.6492453963923277,gwlfe,020401050201,12,020401050201,12,Upper Pequest River,NJ,24863.18,2019_2019,"14734,14737",nhdhr,NASA_NLDAS_2000_2019
139,11167.3,47618931.54020294,1.5099864136289618,gwlfe,020401050202,12,020401050202,12,Middle Pequest River,NJ,27861.7,2019_2019,"14734,14737",nhdhr,NASA_NLDAS_2000_2019
140,9348.0,48100522.08722364,1.5252575496963356,gwlfe,020401050203,12,020401050203,12,Beaver Brook,NJ,23286.59,2019_2019,"14734,14737",nhdhr,NASA_NLDAS_2000_2019
141,9715.2,67492745.92698163,2.140180933757662,gwlfe,020401050204,12,020401050204,12,Lower Pequest River,NJ,24190.63,2019_2019,"14734,14737",nhdhr,NASA_NLDAS_2000_2019
142,4529.799999999999,28716487.51417111,0.9105938455787389,gwlfe,020401050301,12,020401050301,12,Little Bushkill Creek,PA,11233.61,2019_2019,"14737,14777",nhdhr,NASA_NLDAS_2000_2019
143,8146.7,49842425.775823094,1.5804929533175764,gwlfe,020401050302,12,020401050302,12,Upper Bushkill Creek,PA,20225.2,2019_2019,"14737,14777",nhdhr,NASA_NLDAS_2000_2019
144,7913.700000000001,52434514.79220145,1.6626875568303352,gwlfe,020401050303,12,020401050303,12,Lower Bushkill Creek,PA,19684.33,2019_2019,"14737,14777",nhdhr,NASA_NLDAS_2000_2019
145,5815.8,27712205.12611716,0.8787482599605898,gwlfe,020401050401,12,020401050401,12,Upper Pohatcong Creek,NJ,14386.8,2019_2019,"14734,14737",nhdhr,NASA_NLDAS_2000_2019
146,8731.3,46919040.48235379,1.4877930137732684,gwlfe,020401050402,12,020401050402,12,Lower Pohatcong Creek,NJ,22267.35,2019_2019,"13739,14737",nhdhr,NASA_NLDAS_2000_2019
147,8270.9,54665266.45988564,1.733424228180037,gwlfe,020401050501,12,020401050501,12,Lake Hopatcong-Musconetcong River,NJ,23277.31,2019_2019,"14734,94728",nhdhr,NASA_NLDAS_2000_2019
148,11473.2,58858384.764415875,1.8663871373800063,gwlfe,020401050502,12,020401050502,12,Lubbers Run-Musconetcong River,NJ,29107.93,2019_2019,"14734,14737",nhdhr,NASA_NLDAS_2000_2019
149,8362.199999999999,43648508.89088422,1.3840851373314378,gwlfe,020401050503,12,020401050503,12,Trout Brook-Musconetcong River,NJ,20688.76,2019_2019,"14734,14737",nhdhr,NASA_NLDAS_2000_2019
150,10744.2,57798193.78996627,1.8327687021171446,gwlfe,020401050504,12,020401050504,12,Outlet Musconetcong River,NJ,26561.39,2019_2019,"13739,14737",nhdhr,NASA_NLDAS_2000_2019
151,12530.7,81143953.37152787,2.5730578821514416,gwlfe,020401050601,12,020401050601,12,Allegheny Creek-Delaware River,"NJ,PA",31980.34,2019_2019,"14737,14777",nhdhr,NASA_NLDAS_2000_2019
152,11475.4,72793025.86292253,2.3082517079820692,gwlfe,020401050602,12,020401050602,12,Martins Creek,PA,28513.24,2019_2019,"14737,14777",nhdhr,NASA_NLDAS_2000_2019
153,14460.5,95177872.06766093,3.018070524722886,gwlfe,020401050603,12,020401050603,12,Buckhorn Creek-Delaware River,"NJ,PA",36742.34,2019_2019,"14737,14777",nhdhr,NASA_NLDAS_2000_2019
154,7653.200000000001,40283192.82923427,1.277371665056896,gwlfe,020401050604,12,020401050604,12,Cooks Creek,PA,18929.21,2019_2019,"13739,14737",nhdhr,NASA_NLDAS_2000_2019
155,9121.300000000001,68113458.33930501,2.159863595234177,gwlfe,020401050605,12,020401050605,12,Lopatcong Creek-Delaware River,"NJ,PA",23131.46,2019_2019,"13739,14737",nhdhr,NASA_NLDAS_2000_2019
156,11361.099999999999,63369104.87487612,2.0094211337796843,gwlfe,020401050701,12,020401050701,12,Upper Tohickon Creek,PA,28239.43,2019_2019,"13739,14737",nhdhr,NASA_NLDAS_2000_2019
157,10169.0,55825717.09191697,1.7702218763291784,gwlfe,020401050702,12,020401050702,12,Middle Tohickon Creek,PA,26516.96,2019_2019,"13739,14737",nhdhr,NASA_NLDAS_2000_2019
158,6834.999999999999,34993529.449756436,1.1096375396295166,gwlfe,020401050703,12,020401050703,12,Lower Tohickon Creek,PA,16921.53,2019_2019,"13739,14737",nhdhr,NASA_NLDAS_2000_2019
159,8959.800000000001,41643220.32408172,1.320497854010709,gwlfe,020401050801,12,020401050801,12,Upper Assunpink Creek,NJ,22764.57,2019_2019,"13739,14734",nhdhr,NASA_NLDAS_2000_2019
160,3411.5,15143172.220675085,0.4801868410919294,gwlfe,020401050802,12,020401050802,12,Miry Run,NJ,8470.65,2019_2019,"13739,14734",nhdhr,NASA_NLDAS_2000_2019
161,11153.3,71027028.03905761,2.2522522843435318,gwlfe,020401050803,12,020401050803,12,Lower Assunpink Creek,NJ,27652.53,2019_2019,"13739,14734",nhdhr,NASA_NLDAS_2000_2019
162,4556.1,23056013.605759922,0.7311013954134933,gwlfe,020401050901,12,020401050901,12,Hakihokake Creek,NJ,11267.23,2019_2019,"13739,14737",nhdhr,NASA_NLDAS_2000_2019
163,3764.7,18732610.02209647,0.5940071671136627,gwlfe,020401050902,12,020401050902,12,Nishisakawick Creek,NJ,9324.39,2019_2019,"13739,14737",nhdhr,NASA_NLDAS_2000_2019
164,6227.299999999999,30845676.603498135,0.9781099886954,gwlfe,020401050903,12,020401050903,12,Tinicum Creek,PA,15410.12,2019_2019,"13739,14737",nhdhr,NASA_NLDAS_2000_2019
165,12454.600000000002,68400691.7544819,2.1689717070802224,gwlfe,020401050904,12,020401050904,12,Harihokake Creek-Delaware River,"NJ,PA",31991.56,2019_2019,"13739,14737",nhdhr,NASA_NLDAS_2000_2019
166,6094.000000000002,28091955.714741703,0.8907900721315862,gwlfe,020401050905,12,020401050905,12,Lockatong Creek,NJ,15086.8,2019_2019,"13739,14737",nhdhr,NASA_NLDAS_2000_2019
167,6912.8,33953874.325590916,1.076670291907373,gwlfe,020401050906,12,020401050906,12,Wickecheoke Creek,NJ,17090.21,2019_2019,"13739,14737",nhdhr,NASA_NLDAS_2000_2019
168,3918.2000000000003,19298885.67363764,0.611963650229504,gwlfe,020401050907,12,020401050907,12,Alexauken Creek,NJ,9751.05,2019_2019,"13739,14737",nhdhr,NASA_NLDAS_2000_2019
169,9303.6,48444533.62281112,1.53616608392983,gwlfe,020401050908,12,020401050908,12,Paunnacussing Creek-Delaware River,"NJ,PA",24113.45,2019_2019,"13739,14737",nhdhr,NASA_NLDAS_2000_2019
170,10186.199999999999,53703834.709975116,1.7029374273837874,gwlfe,020401050909,12,020401050909,12,Pidcock Creek-Delaware River,"NJ,PA",25615.31,2019_2019,"13739,14737",nhdhr,NASA_NLDAS_2000_2019
171,9544.999999999998,49532620.920564786,1.5706691058017752,gwlfe,020401050910,12,020401050910,12,Jacobs Creek-Delaware River,"NJ,PA",23997.98,2019_2019,"13739,14737",nhdhr,NASA_NLDAS_2000_2019
172,5935.1,35498243.99962431,1.1256419330170064,gwlfe,020401050911,12,020401050911,12,Buck Creek-Delaware River,"NJ,PA",15442.85,2019_2019,"13739,14737",nhdhr,NASA_NLDAS_2000_2019
173,6469.200000000001,37893144.26550632,1.2015837222699872,gwlfe,020401060101,12,020401060101,12,Stillwater Lake-Upper Tunkhannock Creek,PA,16763.9,2019_2019,"14737,14777",nhdhr,NASA_NLDAS_2000_2019
174,12564.8,73813846.35309093,2.3406217133780736,gwlfe,020401060102,12,020401060102,12,Pocono Lake Dam-Tobyhanna Creek,PA,32018.98,2019_2019,"14737,14777",nhdhr,NASA_NLDAS_2000_2019
175,8042.4,54269223.30052609,1.7208657819801525,gwlfe,020401060103,12,020401060103,12,Tunkhannock Creek,PA,20262.56,2019_2019,"14737,14777",nhdhr,NASA_NLDAS_2000_2019
176,5407.3,32128276.166657016,1.0187809540416355,gwlfe,020401060104,12,020401060104,12,Tobyhanna Creek-Lehigh River,PA,13538.86,2019_2019,"14737,14777",nhdhr,NASA_NLDAS_2000_2019
177,15242.5,90761624.08746462,2.87803221992214,gwlfe,020401060201,12,020401060201,12,Headwaters Lehigh River,PA,38618.46,2019_2019,"14737,14777",nhdhr,NASA_NLDAS_2000_2019
178,3898.6,22461569.087115336,0.7122516833813843,gwlfe,020401060202,12,020401060202,12,Bradys Lake-Trout Creek,PA,10171.25,2019_2019,"14737,14777",nhdhr,NASA_NLDAS_2000_2019
179,13118.899999999998,80710052.67755608,2.5592989814039853,gwlfe,020401060203,12,020401060203,12,Bear Creek,PA,32836.48,2019_2019,"14737,14777",nhdhr,NASA_NLDAS_2000_2019
180,14126.199999999999,91344354.43379803,2.896510477987,gwlfe,020401060204,12,020401060204,12,Wright Creek-Lehigh River,PA,35341.11,2019_2019,"14737,14777",nhdhr,NASA_NLDAS_2000_2019
181,4477.7,27284828.291430436,0.865196229433994,gwlfe,020401060301,12,020401060301,12,Black Creek,PA,11089.17,2019_2019,"14737,14777",nhdhr,NASA_NLDAS_2000_2019
182,5775.999999999999,37287739.24837795,1.1823864551109193,gwlfe,020401060302,12,020401060302,12,Sandy Run,PA,14387.1,2019_2019,"14737,14777",nhdhr,NASA_NLDAS_2000_2019
183,9829.5,59186096.07078578,1.8767787947357237,gwlfe,020401060303,12,020401060303,12,Mud Run,PA,24565.26,2019_2019,"14737,14777",nhdhr,NASA_NLDAS_2000_2019
184,15774.199999999999,97626071.26249923,3.095702411926028,gwlfe,020401060304,12,020401060304,12,Stony Creek-Lehigh River,PA,39414.17,2019_2019,"14737,14777",nhdhr,NASA_NLDAS_2000_2019
185,5045.400000000001,32835131.236086227,1.0411951812559053,gwlfe,020401060305,12,020401060305,12,Hazle Creek,PA,12648.38,2019_2019,"14737,14777",nhdhr,NASA_NLDAS_2000_2019
186,5910.4,36866712.34238646,1.1690357795023611,gwlfe,020401060306,12,020401060306,12,Quakake Creek,PA,14621.4,2019_2019,"14737,14777",nhdhr,NASA_NLDAS_2000_2019
187,4595.299999999999,30060239.440891687,0.9532039396528312,gwlfe,020401060307,12,020401060307,12,Beaver Creek-Black Creek,PA,11405.13,2019_2019,"14737,14777",nhdhr,NASA_NLDAS_2000_2019
188,8624.0,55528452.62746996,1.7607956819973984,gwlfe,020401060308,12,020401060308,12,Nesquehoning Creek,PA,21732.29,2019_2019,"14737,14777",nhdhr,NASA_NLDAS_2000_2019
189,9925.399999999998,60637944.80204229,1.92281661599576,gwlfe,020401060309,12,020401060309,12,Mahoning Creek,PA,24533.54,2019_2019,"14737,14777",nhdhr,NASA_NLDAS_2000_2019
190,11282.599999999999,73882323.68312764,2.3427931152691412,gwlfe,020401060310,12,020401060310,12,Mauch Chunk Creek-Lehigh River,PA,28742.36,2019_2019,"14737,14777",nhdhr,NASA_NLDAS_2000_2019
191,4787.1,28024096.279127855,0.8886382635441354,gwlfe,020401060401,12,020401060401,12,Middle Creek,PA,11861.95,2019_2019,"14737,14777",nhdhr,NASA_NLDAS_2000_2019
192,8062.4,46463858.54647709,1.4733592892718508,gwlfe,020401060402,12,020401060402,12,Headwaters Pohopoco Creek,PA,19958.69,2019_2019,"14737,14777",nhdhr,NASA_NLDAS_2000_2019
193,5718.499999999999,41540312.27792659,1.317234661273674,gwlfe,020401060403,12,020401060403,12,Wild Creek,PA,14933.7,2019_2019,"14737,14777",nhdhr,NASA_NLDAS_2000_2019
194,9400.199999999999,60547520.40125499,1.9199492770565383,gwlfe,020401060404,12,020401060404,12,Beltzville Lake-Pohopoco Creek,PA,24244.36,2019_2019,"14737,14777",nhdhr,NASA_NLDAS_2000_2019
195,10971.0,65867655.405080624,2.0886496513533936,gwlfe,020401060501,12,020401060501,12,Buckwha Creek,PA,27133.77,2019_2019,"14737,14777",nhdhr,NASA_NLDAS_2000_2019
196,9269.2,57487887.4810181,1.8229289536091484,gwlfe,020401060502,12,020401060502,12,Aquashicola Creek,PA,22981.73,2019_2019,"14737,14777",nhdhr,NASA_NLDAS_2000_2019
197,10949.3,69234442.75849456,2.195409777983719,gwlfe,020401060601,12,020401060601,12,Upper Jordan Creek,PA,27107.46,2019_2019,"14737,14777",nhdhr,NASA_NLDAS_2000_2019
198,10298.2,70243043.20262833,2.2273922882619335,gwlfe,020401060602,12,020401060602,12,Lower Jordan Creek,PA,25584.28,2019_2019,"14737,14777",nhdhr,NASA_NLDAS_2000_2019
199,6121.6,41805740.15507565,1.325651324044763,gwlfe,020401060701,12,020401060701,12,Spring Creek,PA,15182.28,2019_2019,"14737,14777",nhdhr,NASA_NLDAS_2000_2019
200,11566.699999999999,62859144.793014176,1.9932504056638183,gwlfe,020401060702,12,020401060702,12,Little Lehigh Creek,PA,28624.19,2019_2019,"13739,14737",nhdhr,NASA_NLDAS_2000_2019
201,10102.699999999999,56097657.132112406,1.7788450384358323,gwlfe,020401060703,12,020401060703,12,Cedar Creek-Little Lehigh Creek,PA,24988.59,2019_2019,"13739,14737",nhdhr,NASA_NLDAS_2000_2019
202,13320.400000000001,82779352.16058521,2.6249160375629508,gwlfe,020401060801,12,020401060801,12,Lizard Creek,PA,32929.18,2019_2019,"14737,14777",nhdhr,NASA_NLDAS_2000_2019
203,5786.799999999999,36612729.669577874,1.1609820417801202,gwlfe,020401060802,12,020401060802,12,Trout Creek,PA,14341.09,2019_2019,"14737,14777",nhdhr,NASA_NLDAS_2000_2019
204,2508.7999999999997,15594365.750472317,0.4944940940662201,gwlfe,020401060803,12,020401060803,12,Bertsch Creek,PA,6211.64,2019_2019,"14737,14777",nhdhr,NASA_NLDAS_2000_2019
205,9955.399999999998,63891543.915974684,2.025987567097117,gwlfe,020401060804,12,020401060804,12,Fireline Creek-Lehigh River,PA,25256.02,2019_2019,"14737,14777",nhdhr,NASA_NLDAS_2000_2019
206,3989.5,24115855.92541604,0.7647087749053793,gwlfe,020401060805,12,020401060805,12,Indian Creek,PA,9889.64,2019_2019,"14737,14777",nhdhr,NASA_NLDAS_2000_2019
207,6546.8,41589847.46041518,1.318805411606265,gwlfe,020401060806,12,020401060806,12,Hokendauqua Creek,PA,16298.66,2019_2019,"14737,14777",nhdhr,NASA_NLDAS_2000_2019
208,5046.799999999998,32124844.492268447,1.018672136360618,gwlfe,020401060807,12,020401060807,12,Coplay Creek,PA,12720.6,2019_2019,"14737,14777",nhdhr,NASA_NLDAS_2000_2019
209,4058.0,26243003.262397762,0.8321601744798884,gwlfe,020401060808,12,020401060808,12,Catasauqua Creek,PA,10036.17,2019_2019,"14737,14777",nhdhr,NASA_NLDAS_2000_2019
210,4059.2,25424877.46122485,0.8062175755081447,gwlfe,020401060809,12,020401060809,12,East Branch Monocacy Creek,PA,10088.7,2019_2019,"14737,14777",nhdhr,NASA_NLDAS_2000_2019
211,8629.6,56073317.350853235,1.7780732290351735,gwlfe,020401060810,12,020401060810,12,Monocacy Creek,PA,21435.4,2019_2019,"14737,14777",nhdhr,NASA_NLDAS_2000_2019
212,14980.800000000001,92352691.90424836,2.928484649424415,gwlfe,020401060811,12,020401060811,12,Saucon Creek,PA,37057.2,2019_2019,"13739,14737",nhdhr,NASA_NLDAS_2000_2019
213,1572.8000000000002,8983670.253885156,0.2848703150014319,gwlfe,020401060812,12,020401060812,12,Nancy Run,PA,3886.37,2019_2019,"13739,14737",nhdhr,NASA_NLDAS_2000_2019
214,10235.2,106122008.58196878,3.3651068170335106,gwlfe,020401060813,12,020401060813,12,Lehigh River,PA,26031.86,2019_2019,"14737,14777",nhdhr,NASA_NLDAS_2000_2019
215,6668.3,28736826.83940465,0.9112388013509846,gwlfe,020402010101,12,020402010101,12,Jumping Brook,NJ,16596.64,2019_2019,"13739,93730",nhdhr,NASA_NLDAS_2000_2019
216,3972.6000000000004,18701553.69825384,0.5930223775448326,gwlfe,020402010102,12,020402010102,12,Upper Crosswicks Creek,NJ,9864.96,2019_2019,"13739,93730",nhdhr,NASA_NLDAS_2000_2019
217,11262.399999999998,50297767.165346324,1.5949317340609566,gwlfe,020402010103,12,020402010103,12,Middle Crosswicks Creek,NJ,28021.88,2019_2019,"14734,93730",nhdhr,NASA_NLDAS_2000_2019
218,6788.099999999999,31935417.983109616,1.0126654611589807,gwlfe,020402010104,12,020402010104,12,Doctors Creek,NJ,16878.91,2019_2019,"13739,14734",nhdhr,NASA_NLDAS_2000_2019
219,8525.0,53980184.35859347,1.7117004172562618,gwlfe,020402010105,12,020402010105,12,Lower Crosswicks Creek,NJ,21249.19,2019_2019,"13739,93730",nhdhr,NASA_NLDAS_2000_2019
220,8008.500000000001,41099573.12112519,1.303258914292402,gwlfe,020402010201,12,020402010201,12,North Branch Neshaminy Creek,PA,20220.68,2019_2019,"13739,14737",nhdhr,NASA_NLDAS_2000_2019
221,6460.1,46740055.215606,1.4821174281965372,gwlfe,020402010202,12,020402010202,12,West Branch Neshaminy Creek,PA,15964.57,2019_2019,"13739,14737",nhdhr,NASA_NLDAS_2000_2019
222,11150.8,69187834.45676306,2.1939318384310966,gwlfe,020402010203,12,020402010203,12,LIttle Neshaminy Creek,PA,27573.66,2019_2019,"13739,14737",nhdhr,NASA_NLDAS_2000_2019
223,8848.6,53934434.627415985,1.7102497027973105,gwlfe,020402010204,12,020402010204,12,Cooks Run-Neshaminy Creek,PA,21908.7,2019_2019,"13739,14737",nhdhr,NASA_NLDAS_2000_2019
224,8892.0,45386949.62062377,1.4392107312475826,gwlfe,020402010301,12,020402010301,12,Mill Creek-Neshaminy Creek,PA,22072.75,2019_2019,"13739,14737",nhdhr,NASA_NLDAS_2000_2019
225,4415.5,24274710.119334728,0.7697460083502894,gwlfe,020402010302,12,020402010302,12,Ironworks Creek-Mill Creek,PA,11073.66,2019_2019,"13739,14737",nhdhr,NASA_NLDAS_2000_2019
226,11853.099999999999,69354199.63074192,2.1992072434913092,gwlfe,020402010303,12,020402010303,12,Core Creek-Neshaminy Creek,PA,29682.04,2019_2019,"13739,14737",nhdhr,NASA_NLDAS_2000_2019
227,6077.4,31109641.90737101,0.9864802735721401,gwlfe,020402010401,12,020402010401,12,Blacks Creek,NJ,15107.19,2019_2019,"13739,93730",nhdhr,NASA_NLDAS_2000_2019
228,3541.8,16518924.625267548,0.5238116636627204,gwlfe,020402010402,12,020402010402,12,Crafts Creek,NJ,8788.3,2019_2019,"13739,93730",nhdhr,NASA_NLDAS_2000_2019
229,2673.6000000000004,16892380.101719372,0.5356538591362053,gwlfe,020402010403,12,020402010403,12,Martins Creek,PA,7048.29,2019_2019,"13739,93730",nhdhr,NASA_NLDAS_2000_2019
230,5072.799999999999,50490558.2783088,1.6010451001493151,gwlfe,020402010404,12,020402010404,12,Van Sciver Lake-Delaware River,"NJ,PA",16914.25,2019_2019,"13739,93730",nhdhr,NASA_NLDAS_2000_2019
231,5237.400000000001,31498475.00229724,0.9988100901286543,gwlfe,020402010405,12,020402010405,12,Silver Lake-Mill Creek,PA,13018.21,2019_2019,"13739,14737",nhdhr,NASA_NLDAS_2000_2019
232,11927.899999999998,55266034.73212317,1.7524744651231343,gwlfe,020402010406,12,020402010406,12,Assiscunk Creek,NJ,29535.7,2019_2019,"13739,93730",nhdhr,NASA_NLDAS_2000_2019
233,5886.599999999999,58593560.81556778,1.8579896250497139,gwlfe,020402010407,12,020402010407,12,Burlington Island-Delaware River,"NJ,PA",16474.55,2019_2019,"13739,93730",nhdhr,NASA_NLDAS_2000_2019
234,6934.4000000000015,36427873.752402656,1.1551202990995262,gwlfe,020402020101,12,020402020101,12,Headwaters Mount Misery Brook,NJ,17397.78,2019_2019,"13739,93730",nhdhr,NASA_NLDAS_2000_2019
235,12095.300000000001,58561624.73054514,1.8569769384368702,gwlfe,020402020102,12,020402020102,12,Mount Misery Brook,NJ,30502.16,2019_2019,"13739,93730",nhdhr,NASA_NLDAS_2000_2019
236,12785.800000000001,56934231.05959912,1.8053726236554768,gwlfe,020402020103,12,020402020103,12,Gaunts Brook-North Branch Rancocas Creek,NJ,32039.58,2019_2019,"13739,93730",nhdhr,NASA_NLDAS_2000_2019
237,5953.999999999999,34069309.4337205,1.0803307151737855,gwlfe,020402020104,12,020402020104,12,Powells Run-North Branch Rancocas Creek,NJ,14794.68,2019_2019,"13739,93730",nhdhr,NASA_NLDAS_2000_2019
238,8699.099999999999,39955332.76231578,1.2669752905351275,gwlfe,020402020201,12,020402020201,12,Friendship Creek,NJ,21801.4,2019_2019,"13739,93730",nhdhr,NASA_NLDAS_2000_2019
239,11965.199999999999,60627512.150650576,1.9224857987902897,gwlfe,020402020202,12,020402020202,12,Barton Run-Southwest Branch South Branch Rancocas Creek,NJ,30084.97,2019_2019,"13739,93730",nhdhr,NASA_NLDAS_2000_2019
240,7635.900000000001,34771606.93785569,1.1026004229406294,gwlfe,020402020203,12,020402020203,12,Little Creek-Southwest Branch South Branch Rancocas Creek,NJ,18912.7,2019_2019,"13739,93730",nhdhr,NASA_NLDAS_2000_2019
241,14722.400000000001,66396199.30634929,2.1054096685169106,gwlfe,020402020204,12,020402020204,12,Jade Run-South Branch Rancocas Creek,NJ,36678.19,2019_2019,"13739,93730",nhdhr,NASA_NLDAS_2000_2019
242,5593.499999999999,33017589.121644635,1.0469808828527598,gwlfe,020402020301,12,020402020301,12,Poquessing Creek,PA,13826.45,2019_2019,"13739,14737",nhdhr,NASA_NLDAS_2000_2019
243,8150.400000000001,57591955.19330674,1.8262289191180472,gwlfe,020402020302,12,020402020302,12,Rancocas Creek,NJ,20808.36,2019_2019,"13739,93730",nhdhr,NASA_NLDAS_2000_2019
244,7131.1,47252562.30975042,1.4983689215420606,gwlfe,020402020303,12,020402020303,12,Upper Pennypack Creek,PA,17626.49,2019_2019,"13739,14737",nhdhr,NASA_NLDAS_2000_2019
245,7386.400000000001,73241426.69063404,2.322470404954149,gwlfe,020402020304,12,020402020304,12,Lower Pennypack Creek,PA,18272.43,2019_2019,"13739,14737",nhdhr,NASA_NLDAS_2000_2019
246,3374.5,22095562.51294715,0.7006456910498208,gwlfe,020402020305,12,020402020305,12,Swede Run-Delaware River,"NJ,PA",9831.48,2019_2019,"13739,93730",nhdhr,NASA_NLDAS_2000_2019
247,9104.599999999999,58410234.59823242,1.8521763888328393,gwlfe,020402020401,12,020402020401,12,Pennsauken Creek,NJ,22666.35,2019_2019,"13739,93730",nhdhr,NASA_NLDAS_2000_2019
248,8300.4,82750631.32362977,2.624005305797494,gwlfe,020402020402,12,020402020402,12,Tacony Creek-Frankford Creek,PA,20519.2,2019_2019,"13739,13781",nhdhr,NASA_NLDAS_2000_2019
249,6173.5,43427133.556205116,1.3770653715184271,gwlfe,020402020403,12,020402020403,12,Pompeston Creek-Delaware River,"NJ,PA",16980.52,2019_2019,"13739,13781",nhdhr,NASA_NLDAS_2000_2019
250,10391.800000000001,54499575.925664276,1.7281702158061985,gwlfe,020402020404,12,020402020404,12,Cooper River,NJ,26030.17,2019_2019,"13739,93730",nhdhr,NASA_NLDAS_2000_2019
251,10552.800000000001,422539312.1850824,13.398633694351927,gwlfe,020402020405,12,020402020405,12,Petty Island-Delaware River,"NJ,PA",29156.51,2019_2019,"13739,13781",nhdhr,NASA_NLDAS_2000_2019
252,5024.5,23957768.44962404,0.7596958539327765,gwlfe,020402020501,12,020402020501,12,North Branch Big Timber Creek,NJ,12472.16,2019_2019,"13739,93730",nhdhr,NASA_NLDAS_2000_2019
253,6615.4,33335749.539409757,1.0570696835175595,gwlfe,020402020502,12,020402020502,12,South Branch Big Timber Creek,NJ,16525.03,2019_2019,"13739,13781",nhdhr,NASA_NLDAS_2000_2019
254,4717.6,45079976.800607726,1.4294766869802045,gwlfe,020402020503,12,020402020503,12,Big Timber Creek,NJ,11934.93,2019_2019,"13739,13781",nhdhr,NASA_NLDAS_2000_2019
255,5762.1,33236786.07125279,1.0539315725283103,gwlfe,020402020504,12,020402020504,12,Cobbs Creek,PA,14241.01,2019_2019,"13739,13781",nhdhr,NASA_NLDAS_2000_2019
256,13810.5,69743004.94639105,2.211536179172725,gwlfe,020402020505,12,020402020505,12,Darby Creek,PA,34552.16,2019_2019,"13739,13781",nhdhr,NASA_NLDAS_2000_2019
257,12853.7,90886295.1596146,2.8819855136864088,gwlfe,020402020506,12,020402020506,12,Manuta Creek,NJ,32127.49,2019_2019,"13739,13781",nhdhr,NASA_NLDAS_2000_2019
258,7833.799999999999,237054086.3654183,7.5169357675487785,gwlfe,020402020507,12,020402020507,12,Woodbury Creek-Delaware River,"NJ,PA",24920.9,2019_2019,"13739,13781",nhdhr,NASA_NLDAS_2000_2019
259,9806.399999999998,53182301.04401476,1.6863997033236542,gwlfe,020402020601,12,020402020601,12,Crum Creek,PA,24609.16,2019_2019,"13739,13781",nhdhr,NASA_NLDAS_2000_2019
260,9780.1,50536062.28392541,1.6024880227018456,gwlfe,020402020602,12,020402020602,12,Ridley Creek,PA,24193.07,2019_2019,"13739,13781",nhdhr,NASA_NLDAS_2000_2019
261,2984.3,16710069.22179857,0.5298728190575397,gwlfe,020402020603,12,020402020603,12,East Branch Chester Creek,PA,7452.85,2019_2019,"13739,13781",nhdhr,NASA_NLDAS_2000_2019
262,4942.0,25088770.434624948,0.7955596916103801,gwlfe,020402020604,12,020402020604,12,West Branch Chester Creek,PA,12227.75,2019_2019,"13739,13781",nhdhr,NASA_NLDAS_2000_2019
263,9217.5,63137577.99749828,2.0020794646593822,gwlfe,020402020605,12,020402020605,12,Chester Creek,PA,22794.55,2019_2019,"13739,13781",nhdhr,NASA_NLDAS_2000_2019
264,11610.800000000001,60480834.18887661,1.9178346711338345,gwlfe,020402020606,12,020402020606,12,Raccoon Creek,NJ,29214.52,2019_2019,"13739,13781",nhdhr,NASA_NLDAS_2000_2019
265,11048.7,160656269.37701038,5.0943768828326474,gwlfe,020402020607,12,020402020607,12,Repaupo Creek-Delaware River,"DE,NJ,PA",32382.7,2019_2019,"13739,13781",nhdhr,NASA_NLDAS_2000_2019
266,15288.3,89251382.53333019,2.8301427743953003,gwlfe,020402020608,12,020402020608,12,Oldmans Creek-Delaware River,"DE,NJ,PA",39309.22,2019_2019,"13739,13781",nhdhr,NASA_NLDAS_2000_2019
267,11274.800000000001,71359786.15373974,2.2628039749410114,gwlfe,020402030101,12,020402030101,12,Headwaters Little Schuylkill River,PA,28351.06,2019_2019,"14737,14777",nhdhr,NASA_NLDAS_2000_2019
268,14996.9,99114412.26370578,3.1428973954751958,gwlfe,020402030102,12,020402030102,12,Upper Little Schuylkill River,PA,37324.28,2019_2019,"14737,14777",nhdhr,NASA_NLDAS_2000_2019
269,8837.3,54899548.92211442,1.7408532763227555,gwlfe,020402030103,12,020402030103,12,Lower Little Schuylkill River,PA,21934.44,2019_2019,"14737,14777",nhdhr,NASA_NLDAS_2000_2019
270,6490.4,43382203.15189712,1.375640637744074,gwlfe,020402030201,12,020402030201,12,Eisenhuth Reservoir-Mill Creek,PA,16314.08,2019_2019,"14737,14777",nhdhr,NASA_NLDAS_2000_2019
271,4809.299999999999,25654065.82912333,0.813485090979304,gwlfe,020402030202,12,020402030202,12,West West Branch Schuylkill River,PA,11959.83,2019_2019,"14751,14778",nhdhr,NASA_NLDAS_2000_2019
272,9107.2,52322825.69068542,1.6591459186544084,gwlfe,020402030203,12,020402030203,12,West Branch Schuylkill River,PA,22696.82,2019_2019,"14737,14751",nhdhr,NASA_NLDAS_2000_2019
273,11365.2,72811859.52763796,2.3088489195724873,gwlfe,020402030204,12,020402030204,12,Headwaters Schuylkill River,PA,28297.32,2019_2019,"14737,14777",nhdhr,NASA_NLDAS_2000_2019
274,4437.0,27879732.466232378,0.8840605170672368,gwlfe,020402030205,12,020402030205,12,Deer Lake-Pine Creek,PA,11005.54,2019_2019,"14737,14777",nhdhr,NASA_NLDAS_2000_2019
275,4376.2,23811156.692483157,0.7550468256114649,gwlfe,020402030206,12,020402030206,12,Bear Creek,PA,10831.27,2019_2019,"14737,14751",nhdhr,NASA_NLDAS_2000_2019
276,12040.2,67465853.12556383,2.139328168618843,gwlfe,020402030207,12,020402030207,12,Mahannon Creek-Schuylkill River,PA,30265.94,2019_2019,"14737,14751",nhdhr,NASA_NLDAS_2000_2019
277,7281.199999999999,45708130.20201982,1.449395300672876,gwlfe,020402030301,12,020402030301,12,Ontelaunee Creek,PA,18124.4,2019_2019,"14737,14777",nhdhr,NASA_NLDAS_2000_2019
278,4622.700000000002,28825385.02531799,0.9140469630047561,gwlfe,020402030302,12,020402030302,12,Pine Creek,PA,11432.21,2019_2019,"14737,14777",nhdhr,NASA_NLDAS_2000_2019
279,5942.200000000001,37332194.37281887,1.1837961178595533,gwlfe,020402030303,12,020402030303,12,Eagle Point-Mill Creek,PA,14703.16,2019_2019,"14737,14777",nhdhr,NASA_NLDAS_2000_2019
280,8353.9,48262309.01366202,1.5303877794793892,gwlfe,020402030304,12,020402030304,12,Sacony Creek,PA,20671.09,2019_2019,"13739,14737",nhdhr,NASA_NLDAS_2000_2019
281,14223.300000000001,89387649.05891465,2.834463757575934,gwlfe,020402030305,12,020402030305,12,Upper Maiden Creek,PA,35229.84,2019_2019,"14737,14777",nhdhr,NASA_NLDAS_2000_2019
282,5613.7,32161783.823018514,1.019843474854722,gwlfe,020402030306,12,020402030306,12,Willow Creek,PA,13882.74,2019_2019,"13739,14737",nhdhr,NASA_NLDAS_2000_2019
283,9399.399999999998,55319151.38970466,1.7541587832859165,gwlfe,020402030307,12,020402030307,12,Lower Maiden Creek,PA,24282.88,2019_2019,"13739,14737",nhdhr,NASA_NLDAS_2000_2019
284,4178.3,22524000.175132986,0.7142313601957441,gwlfe,020402030401,12,020402030401,12,Mill Creek,PA,10325.81,2019_2019,"14737,14751",nhdhr,NASA_NLDAS_2000_2019
285,10093.099999999999,77518077.08419864,2.4580820993213672,gwlfe,020402030402,12,020402030402,12,Headwaters Tulpehocken Creek,PA,25051.0,2019_2019,"14737,14751",nhdhr,NASA_NLDAS_2000_2019
286,8905.2,44362294.17194109,1.406719120114824,gwlfe,020402030403,12,020402030403,12,Upper Tulpehocken Creek,PA,22032.78,2019_2019,"14737,14751",nhdhr,NASA_NLDAS_2000_2019
287,5701.5,30082782.04670867,0.9539187609940598,gwlfe,020402030404,12,020402030404,12,Little Northkill Creek,PA,14130.31,2019_2019,"14737,14751",nhdhr,NASA_NLDAS_2000_2019
288,5160.499999999999,27650006.105259787,0.8767759419476087,gwlfe,020402030405,12,020402030405,12,Northkill Creek,PA,12768.37,2019_2019,"14737,14751",nhdhr,NASA_NLDAS_2000_2019
289,7988.599999999999,43220429.68938173,1.3705108348992179,gwlfe,020402030406,12,020402030406,12,Spring Creek,PA,19908.65,2019_2019,"14737,14751",nhdhr,NASA_NLDAS_2000_2019
290,3777.7999999999993,22931959.610884562,0.7271676690412405,gwlfe,020402030407,12,020402030407,12,Middle Tulpehocken Creek,PA,10361.61,2019_2019,"14737,14751",nhdhr,NASA_NLDAS_2000_2019
291,5632.2,31532509.450475216,0.9998893154006601,gwlfe,020402030408,12,020402030408,12,Cacoosing Creek,PA,13946.4,2019_2019,"13781,14737",nhdhr,NASA_NLDAS_2000_2019
292,4948.6,28609066.30227024,0.9071875412947185,gwlfe,020402030409,12,020402030409,12,Lower Tulpehocken Creek,PA,12310.76,2019_2019,"13781,14737",nhdhr,NASA_NLDAS_2000_2019
293,6100.400000000001,32246709.71660296,1.02253645727432,gwlfe,020402030501,12,020402030501,12,Upper Manatawny Creek,PA,15087.27,2019_2019,"13739,14737",nhdhr,NASA_NLDAS_2000_2019
294,4020.9,20586075.423555925,0.6527801694430468,gwlfe,020402030502,12,020402030502,12,Ironstone Creek,PA,9945.92,2019_2019,"13739,14737",nhdhr,NASA_NLDAS_2000_2019
295,13547.5,72804159.80143645,2.3086047628563056,gwlfe,020402030503,12,020402030503,12,Lower Manatawny Creek,PA,33572.93,2019_2019,"13739,14737",nhdhr,NASA_NLDAS_2000_2019
296,4536.700000000001,24408433.717130557,0.7739863558197158,gwlfe,020402030601,12,020402030601,12,Hassler Run-Mill Creek,PA,11236.02,2019_2019,"14737,14751",nhdhr,NASA_NLDAS_2000_2019
297,6516.1,34716131.17131357,1.100841297923439,gwlfe,020402030602,12,020402030602,12,Irish Creek,PA,16119.78,2019_2019,"14737,14751",nhdhr,NASA_NLDAS_2000_2019
298,10129.800000000001,64041361.3424157,2.0307382465251047,gwlfe,020402030603,12,020402030603,12,Pigeon Creek-Schuylkill River,PA,25458.64,2019_2019,"14737,14777",nhdhr,NASA_NLDAS_2000_2019
299,6359.4,39565464.305343136,1.2546126428634936,gwlfe,020402030604,12,020402030604,12,Laurel Run-Schuylkill River,PA,16022.1,2019_2019,"13781,14737",nhdhr,NASA_NLDAS_2000_2019
300,4068.0,24621354.14791927,0.7807380183891195,gwlfe,020402030605,12,020402030605,12,Wyomissing Creek,PA,10052.83,2019_2019,"13781,14737",nhdhr,NASA_NLDAS_2000_2019
301,4610.4,23166687.03787931,0.7346108269241283,gwlfe,020402030606,12,020402030606,12,Green Hills Lake-Allegheny Creek,PA,11420.37,2019_2019,"13781,14737",nhdhr,NASA_NLDAS_2000_2019
302,4542.0,25394535.146110956,0.8052554270075772,gwlfe,020402030607,12,020402030607,12,Antietam Creek,PA,11242.09,2019_2019,"13781,14737",nhdhr,NASA_NLDAS_2000_2019
303,5663.3,29397191.16938456,0.9321788168881456,gwlfe,020402030608,12,020402030608,12,Hay Creek,PA,14159.94,2019_2019,"13781,14737",nhdhr,NASA_NLDAS_2000_2019
304,10261.900000000001,82571474.92514649,2.6183242936690285,gwlfe,020402030609,12,020402030609,12,Angelica Creek-Schuylkill River,PA,25727.98,2019_2019,"13781,14737",nhdhr,NASA_NLDAS_2000_2019
305,6654.6,34714754.21026008,1.100797634774863,gwlfe,020402030610,12,020402030610,12,Monocacy Creek,PA,16497.08,2019_2019,"13781,14737",nhdhr,NASA_NLDAS_2000_2019
306,7767.5,43349558.747428246,1.3746054904689322,gwlfe,020402030611,12,020402030611,12,Sixpenny Creek-Schuylkill River,PA,19477.78,2019_2019,"13739,14737",nhdhr,NASA_NLDAS_2000_2019
307,5978.099999999999,31110628.627047997,0.9865115622478436,gwlfe,020402030701,12,020402030701,12,Upper French Creek,PA,14696.99,2019_2019,"13781,14737",nhdhr,NASA_NLDAS_2000_2019
308,12137.300000000001,59562360.275322326,1.8887100543925142,gwlfe,020402030702,12,020402030702,12,Lower French Creek,PA,30047.5,2019_2019,"13739,13781",nhdhr,NASA_NLDAS_2000_2019
309,4648.8,24631396.024715956,0.781056444213469,gwlfe,020402030801,12,020402030801,12,Hosensack Creek,PA,11493.21,2019_2019,"13739,14737",nhdhr,NASA_NLDAS_2000_2019
310,6141.0,32923104.016677886,1.0439847798287,gwlfe,020402030802,12,020402030802,12,West Branch Perkiomen Creek,PA,15241.94,2019_2019,"13739,14737",nhdhr,NASA_NLDAS_2000_2019
311,4498.9,23842789.71635966,0.7560499022184063,gwlfe,020402030803,12,020402030803,12,Macoby Creek,PA,11120.7,2019_2019,"13739,14737",nhdhr,NASA_NLDAS_2000_2019
312,12614.800000000003,67070595.821987525,2.1267946417423746,gwlfe,020402030804,12,020402030804,12,Unami Creek,PA,31245.76,2019_2019,"13739,14737",nhdhr,NASA_NLDAS_2000_2019
313,14346.7,77274117.71969734,2.4503461986205397,gwlfe,020402030805,12,020402030805,12,Swamp Creek,PA,35476.44,2019_2019,"13739,14737",nhdhr,NASA_NLDAS_2000_2019
314,10980.2,61307083.23016835,1.9440348563599807,gwlfe,020402030806,12,020402030806,12,Upper Perkiomen Creek,PA,27912.05,2019_2019,"13739,14737",nhdhr,NASA_NLDAS_2000_2019
315,15771.599999999999,96020082.4582041,3.044776841013575,gwlfe,020402030807,12,020402030807,12,East Branch Perkiomen Creek,PA,39018.48,2019_2019,"13739,14737",nhdhr,NASA_NLDAS_2000_2019
316,14437.900000000001,85435601.49873403,2.709145151532662,gwlfe,020402030808,12,020402030808,12,Skippack Creek,PA,35686.4,2019_2019,"13739,14737",nhdhr,NASA_NLDAS_2000_2019
317,9828.5,63814558.09259514,2.023546362652053,gwlfe,020402030809,12,020402030809,12,Lower Perkiomen Creek,PA,24511.7,2019_2019,"13739,14737",nhdhr,NASA_NLDAS_2000_2019
318,7119.200000000001,46307714.35410898,1.4684079894123854,gwlfe,020402030901,12,020402030901,12,Upper Wissahickon Creek,PA,17611.43,2019_2019,"13739,14737",nhdhr,NASA_NLDAS_2000_2019
319,9361.0,56690284.66117862,1.7976371341063742,gwlfe,020402030902,12,020402030902,12,Lower Wissahickon Creek,PA,23146.21,2019_2019,"13739,13781",nhdhr,NASA_NLDAS_2000_2019
320,3749.6000000000004,18793457.862547792,0.5959366394770356,gwlfe,020402031001,12,020402031001,12,Pigeon Creek,PA,9287.82,2019_2019,"13739,14737",nhdhr,NASA_NLDAS_2000_2019
321,8272.8,56932420.101627834,1.805315198554916,gwlfe,020402031002,12,020402031002,12,Sprogles Run-Schuylkill River,PA,20868.66,2019_2019,"13739,14737",nhdhr,NASA_NLDAS_2000_2019
322,10011.2,49086248.3057942,1.556514723040151,gwlfe,020402031003,12,020402031003,12,Pickering Creek,PA,24862.36,2019_2019,"13739,13781",nhdhr,NASA_NLDAS_2000_2019
323,6015.4,31458663.26012665,0.9975476680659136,gwlfe,020402031004,12,020402031004,12,Little Valley Creek-Valley Creek,PA,14943.02,2019_2019,"13739,13781",nhdhr,NASA_NLDAS_2000_2019
324,5485.000000000001,30676200.34628789,0.9727359318330762,gwlfe,020402031005,12,020402031005,12,Stony Creek,PA,13565.64,2019_2019,"13739,14737",nhdhr,NASA_NLDAS_2000_2019
325,13094.8,85817078.38307837,2.7212417041818355,gwlfe,020402031006,12,020402031006,12,Mingo Creek-Schuylkill River,PA,33177.14,2019_2019,"13739,13781",nhdhr,NASA_NLDAS_2000_2019
326,13642.5,103477137.12181164,3.2812384932081318,gwlfe,020402031007,12,020402031007,12,Plymouth Creek-Schuylkill River,PA,34286.28,2019_2019,"13739,13781",nhdhr,NASA_NLDAS_2000_2019
327,8210.8,73419015.46713646,2.3281017081156916,gwlfe,020402031008,12,020402031008,12,City of Philadelphia-Schuylkill River,PA,21171.69,2019_2019,"13739,13781",nhdhr,NASA_NLDAS_2000_2019
328,120.6,1547494.4190947416,0.04907072612553087,gwlfe,020402040000,12,020402040000,12,Delaware River-Delaware Bay,"DE,NJ",265274.96,2019_2019,"13739,13781",nhdhr,NASA_NLDAS_2000_2019
329,5053.4,25879774.305440646,0.8206422598122985,gwlfe,020402050101,12,020402050101,12,Marsh Creek,PA,12998.93,2019_2019,"13739,13781",nhdhr,NASA_NLDAS_2000_2019
330,4644.9,23180889.13108512,0.7350611723454186,gwlfe,020402050102,12,020402050102,12,Beaver  Creek,PA,11498.53,2019_2019,"13739,13781",nhdhr,NASA_NLDAS_2000_2019
331,11164.599999999999,56313542.80747082,1.7856907282937222,gwlfe,020402050103,12,020402050103,12,Upper East Branch Brandywine Creek,PA,27841.17,2019_2019,"13739,13781",nhdhr,NASA_NLDAS_2000_2019
332,5330.299999999999,27815067.302923303,0.8820099981901098,gwlfe,020402050104,12,020402050104,12,Valley Creek,PA,13227.7,2019_2019,"13739,13781",nhdhr,NASA_NLDAS_2000_2019
333,5410.2,34989314.327929325,1.1095038789931928,gwlfe,020402050105,12,020402050105,12,Lower East Branch Brandywine Creek,PA,13386.18,2019_2019,"13739,13781",nhdhr,NASA_NLDAS_2000_2019
334,1247.3,6729928.002528206,0.21340461702588173,gwlfe,020402050201,12,020402050201,12,Sucker Run,PA,3082.91,2019_2019,"13739,13781",nhdhr,NASA_NLDAS_2000_2019
335,15015.700000000004,79473360.33134373,2.520083724357678,gwlfe,020402050202,12,020402050202,12,Upper West Branch Brandywine Creek,PA,37258.38,2019_2019,"13739,13781",nhdhr,NASA_NLDAS_2000_2019
336,5608.000000000001,24510346.25835806,0.7772179813025768,gwlfe,020402050203,12,020402050203,12,Doe Run,PA,13872.67,2019_2019,"13739,13781",nhdhr,NASA_NLDAS_2000_2019
337,6960.599999999999,32508360.76233689,1.0308333575068775,gwlfe,020402050204,12,020402050204,12,Buck Run,PA,17209.55,2019_2019,"13739,13781",nhdhr,NASA_NLDAS_2000_2019
338,6053.599999999999,28941600.00461149,0.9177321158235505,gwlfe,020402050205,12,020402050205,12,Lower West Branch Brandywine Creek,PA,14964.85,2019_2019,"13739,13781",nhdhr,NASA_NLDAS_2000_2019
339,3530.1,16691122.507375086,0.5292720226843951,gwlfe,020402050301,12,020402050301,12,Middle Branch White Clay Creek,PA,8728.99,2019_2019,"13739,13781",nhdhr,NASA_NLDAS_2000_2019
340,2573.7,11413733.930515047,0.3619271286946679,gwlfe,020402050302,12,020402050302,12,West Branch White Clay Creek,PA,6360.37,2019_2019,"13739,13781",nhdhr,NASA_NLDAS_2000_2019
341,8670.899999999998,41515947.97740413,1.3164620743722772,gwlfe,020402050303,12,020402050303,12,East Branch White Clay Creek,"DE,PA",21476.22,2019_2019,"13739,13781",nhdhr,NASA_NLDAS_2000_2019
342,4534.400000000001,22943062.465166256,0.7275197382409391,gwlfe,020402050304,12,020402050304,12,West Branch Red Clay Creek,PA,11233.48,2019_2019,"13739,13781",nhdhr,NASA_NLDAS_2000_2019
343,2603.7000000000003,14344133.885904115,0.4548495017092883,gwlfe,020402050305,12,020402050305,12,East Branch Red Clay Creek,PA,6447.61,2019_2019,"13739,13781",nhdhr,NASA_NLDAS_2000_2019
344,5654.8,27459063.866529994,0.8707212032765727,gwlfe,020402050306,12,020402050306,12,Upper White Clay Creek,"DE,MD,PA",13982.37,2019_2019,"13739,13781",nhdhr,NASA_NLDAS_2000_2019
345,6886.4,31267411.762261763,0.9914831228520345,gwlfe,020402050307,12,020402050307,12,Red Clay Creek,"DE,PA",17212.38,2019_2019,"13739,13781",nhdhr,NASA_NLDAS_2000_2019
346,7130.299999999999,32737877.55842818,1.0381112873677125,gwlfe,020402050308,12,020402050308,12,Lower White Clay Creek,"DE,PA",17665.02,2019_2019,"13739,13781",nhdhr,NASA_NLDAS_2000_2019
347,7640.6,37175070.38466014,1.1788137488793804,gwlfe,020402050401,12,020402050401,12,Upper Brandywine Creek,PA,18938.1,2019_2019,"13739,13781",nhdhr,NASA_NLDAS_2000_2019
348,6461.6,30038170.086641487,0.9525041250203414,gwlfe,020402050402,12,020402050402,12,Middle Brandywine Creek,"DE,PA",16050.32,2019_2019,"13739,13781",nhdhr,NASA_NLDAS_2000_2019
349,2890.6,15359543.174067039,0.4870479190153171,gwlfe,020402050403,12,020402050403,12,Lower Brandywine Creek,DE,7246.81,2019_2019,"13739,13781",nhdhr,NASA_NLDAS_2000_2019
350,3848.6000000000004,18861733.011138402,0.5981016302365044,gwlfe,020402050501,12,020402050501,12,Muddy Run,"DE,MD",9569.63,2019_2019,"13739,13781",nhdhr,NASA_NLDAS_2000_2019
351,6320.199999999999,32166170.390669372,1.0199825720024533,gwlfe,020402050502,12,020402050502,12,Upper Christina River,"DE,MD,PA",15623.64,2019_2019,"13739,13781",nhdhr,NASA_NLDAS_2000_2019
352,3623.6000000000004,19966920.91488737,0.6331469087673569,gwlfe,020402050503,12,020402050503,12,Middle Christina River,DE,9070.61,2019_2019,"13739,13781",nhdhr,NASA_NLDAS_2000_2019
353,2518.3,13066511.41256637,0.41433635884596554,gwlfe,020402050504,12,020402050504,12,Little Mill Creek,DE,6236.67,2019_2019,"13739,13781",nhdhr,NASA_NLDAS_2000_2019
354,3391.6,21517640.501265395,0.6823199042765536,gwlfe,020402050505,12,020402050505,12,Lower Christina River,DE,8931.59,2019_2019,"13739,13781",nhdhr,NASA_NLDAS_2000_2019
355,1790.1,15154208.558901982,0.48053680108136676,gwlfe,020402050601,12,020402050601,12,Stoney Creek-Frontal Delaware River,DE,4897.01,2019_2019,"13739,13781",nhdhr,NASA_NLDAS_2000_2019
356,2575.8999999999996,14420699.573815651,0.4572773837460569,gwlfe,020402050602,12,020402050602,12,Shellpot Creek-Frontal Delaware River,DE,6525.39,2019_2019,"13739,13781",nhdhr,NASA_NLDAS_2000_2019
357,2028.5,13412788.809980765,0.4253167430866554,gwlfe,020402050701,12,020402050701,12,Broad Dyke Canal-Frontal Delaware River,DE,5828.18,2019_2019,"13739,13781",nhdhr,NASA_NLDAS_2000_2019
358,2787.4,15931642.461304355,0.5051890684076723,gwlfe,020402050702,12,020402050702,12,Army Creek-Frontal Delaware River,DE,7889.14,2019_2019,"13739,13781",nhdhr,NASA_NLDAS_2000_2019
359,3016.3,158811637.51006866,5.035883990045303,gwlfe,020402050703,12,020402050703,12,Red Lion Creek-Frontal Delaware River,DE,8031.29,2019_2019,"13739,13781",nhdhr,NASA_NLDAS_2000_2019
360,2577.3,12076374.950394526,0.3829393375949558,gwlfe,020402050704,12,020402050704,12,Dragon Creek-Frontal Delaware River,DE,6493.14,2019_2019,"13739,13781",nhdhr,NASA_NLDAS_2000_2019
361,7429.900000000001,42910109.1872464,1.3606706363282088,gwlfe,020402050705,12,020402050705,12,Chesapeake and Delaware Canal-Frontal Delaware River,DE,22115.71,2019_2019,"13739,13781",nhdhr,NASA_NLDAS_2000_2019
362,2952.5,15489018.172343008,0.4911535442777463,gwlfe,020402050801,12,020402050801,12,Augustine Creek-Frontal Delaware River,DE,8452.93,2019_2019,"13739,13781",nhdhr,NASA_NLDAS_2000_2019
363,11746.5,61037576.16420826,1.9354888433602315,gwlfe,020402050802,12,020402050802,12,Appoquinimink River-Frontal Delaware River,DE,30742.58,2019_2019,"13739,13781",nhdhr,NASA_NLDAS_2000_2019
364,8259.9,40685510.00859993,1.290129059126076,gwlfe,020402050803,12,020402050803,12,Blackbird Creek-Frontal Delaware River,DE,22397.45,2019_2019,"13739,13781",nhdhr,NASA_NLDAS_2000_2019
365,3728.7000000000007,18357321.771624845,0.5821068547572567,gwlfe,020402060101,12,020402060101,12,Game Creek,NJ,9373.98,2019_2019,"13739,13781",nhdhr,NASA_NLDAS_2000_2019
366,11020.800000000001,57372270.479224525,1.8192627625324875,gwlfe,020402060102,12,020402060102,12,Headwaters Salem River,NJ,27532.21,2019_2019,"13739,13781",nhdhr,NASA_NLDAS_2000_2019
367,3239.1,30444442.183314122,0.9653869286946386,gwlfe,020402060103,12,020402060103,12,Whooping John Creek-Frontal Delaware River,"DE,NJ",10236.17,2019_2019,"13739,13781",nhdhr,NASA_NLDAS_2000_2019
368,4068.5999999999995,19855845.040340498,0.629624715891061,gwlfe,020402060104,12,020402060104,12,Mannington Creek,NJ,10464.99,2019_2019,"13739,13781",nhdhr,NASA_NLDAS_2000_2019
369,3046.7000000000003,17665835.637484062,0.5601799732839948,gwlfe,020402060105,12,020402060105,12,Mill Creek-Frontal Delaware River,"DE,NJ",10062.3,2019_2019,"13739,13781",nhdhr,NASA_NLDAS_2000_2019
370,9580.900000000001,50397901.79829151,1.598106982442019,gwlfe,020402060106,12,020402060106,12,Salem River-Frontal Delaware River,"DE,NJ",28022.92,2019_2019,"13739,13781",nhdhr,NASA_NLDAS_2000_2019
371,8933.599999999999,41672497.99805071,1.3214262429620343,gwlfe,020402060201,12,020402060201,12,Cedar Brook-Alloway Creek,NJ,22394.29,2019_2019,"13739,13781",nhdhr,NASA_NLDAS_2000_2019
372,3178.3000000000006,14286586.085129445,0.4530246729176004,gwlfe,020402060202,12,020402060202,12,Town of Quinton-Alloway Creek,NJ,8074.32,2019_2019,"13739,13781",nhdhr,NASA_NLDAS_2000_2019
373,4977.6,24107407.58469816,0.7644408797786073,gwlfe,020402060203,12,020402060203,12,Alloway Creek-Frontal Delaware River,"DE,NJ",14848.13,2019_2019,"13739,13781",nhdhr,NASA_NLDAS_2000_2019
374,11774.100000000002,65163302.57960741,2.0663147697744613,gwlfe,020402060301,12,020402060301,12,Upper Cohansey River,NJ,29258.05,2019_2019,"13739,13781",nhdhr,NASA_NLDAS_2000_2019
375,9338.300000000003,47925116.03601057,1.5196954602996757,gwlfe,020402060302,12,020402060302,12,Middle Cohansey River,NJ,23716.63,2019_2019,"13739,13781",nhdhr,NASA_NLDAS_2000_2019
376,5634.6,24680234.594624758,0.7826051051060616,gwlfe,020402060303,12,020402060303,12,Lower Cohansey River,NJ,15373.67,2019_2019,"13739,13781",nhdhr,NASA_NLDAS_2000_2019
377,7657.799999999999,34519054.60867081,1.0945920411171617,gwlfe,020402060401,12,020402060401,12,Scotland Run,NJ,19110.13,2019_2019,"13739,93730",nhdhr,NASA_NLDAS_2000_2019
378,11946.500000000002,55486291.42729563,1.7594587591100848,gwlfe,020402060402,12,020402060402,12,Reed Branch-Still Run,NJ,29703.18,2019_2019,"13739,13781",nhdhr,NASA_NLDAS_2000_2019
379,6325.299999999998,30675604.506771035,0.972717037885941,gwlfe,020402060403,12,020402060403,12,Upper Muddy Run,NJ,15746.36,2019_2019,"13739,13781",nhdhr,NASA_NLDAS_2000_2019
380,8509.099999999999,42749368.48802243,1.3555735821924921,gwlfe,020402060404,12,020402060404,12,Lower Muddy Run,NJ,21225.44,2019_2019,"13739,13781",nhdhr,NASA_NLDAS_2000_2019
381,12054.500000000002,64874722.41518324,2.05716395278993,gwlfe,020402060405,12,020402060405,12,Burnt Mill Branch-Maurice River,NJ,29916.31,2019_2019,"13739,93730",nhdhr,NASA_NLDAS_2000_2019
382,4918.0,24931823.04063839,0.7905829223946724,gwlfe,020402060501,12,020402060501,12,Mill Creek,NJ,12159.12,2019_2019,"13739,13781",nhdhr,NASA_NLDAS_2000_2019
383,3760.7999999999993,20295498.58968054,0.6435660384855575,gwlfe,020402060502,12,020402060502,12,Union Lake-Maurice River,NJ,10162.42,2019_2019,"13739,93730",nhdhr,NASA_NLDAS_2000_2019
384,10029.0,49490869.22875755,1.5693451683395976,gwlfe,020402060503,12,020402060503,12,Manantico Creek,NJ,25084.76,2019_2019,"13739,93730",nhdhr,NASA_NLDAS_2000_2019
385,4967.400000000001,23430756.54548729,0.7429844160796324,gwlfe,020402060504,12,020402060504,12,Buckshutem Creek,NJ,12455.48,2019_2019,"13739,93730",nhdhr,NASA_NLDAS_2000_2019
386,6351.2,33805241.36266889,1.0719571715711849,gwlfe,020402060505,12,020402060505,12,White Marsh Run-Maurice River,NJ,16178.1,2019_2019,"13739,93730",nhdhr,NASA_NLDAS_2000_2019
387,9266.3,44835849.7958305,1.4217354704410992,gwlfe,020402060506,12,020402060506,12,Manumuskin River,NJ,23167.31,2019_2019,"13739,93730",nhdhr,NASA_NLDAS_2000_2019
388,11263.800000000001,51578984.76351241,1.6355588775847416,gwlfe,020402060507,12,020402060507,12,Muskee Creek-Maurice River,NJ,31439.36,2019_2019,"13739,93730",nhdhr,NASA_NLDAS_2000_2019
389,4040.5999999999995,20772187.460913263,0.6586817434333226,gwlfe,020402060601,12,020402060601,12,Sarah Run-Stow Creek,NJ,10115.68,2019_2019,"13739,13781",nhdhr,NASA_NLDAS_2000_2019
390,7076.300000000001,44004032.011386424,1.3953587015279816,gwlfe,020402060602,12,020402060602,12,Mad Horse Creek-Frontal Delaware Bay,"DE,NJ",24735.24,2019_2019,"13739,13781",nhdhr,NASA_NLDAS_2000_2019
391,4723.2,30599484.412142526,0.9703032855194865,gwlfe,020402060603,12,020402060603,12,Stow Creek-Frontal Delaware Bay,NJ,17296.84,2019_2019,"13739,13781",nhdhr,NASA_NLDAS_2000_2019
392,14175.9,82223886.7632534,2.60730234535938,gwlfe,020402060604,12,020402060604,12,Back Creek-Frontal Delaware Bay,NJ,51679.62,2019_2019,"13739,13781",nhdhr,NASA_NLDAS_2000_2019
393,11825.100000000004,88045162.10327072,2.7918937754715474,gwlfe,020402060605,12,020402060605,12,Oranoaken Creek-Frontal Delware Bay,NJ,66733.88,2019_2019,"13781,93730",nhdhr,NASA_NLDAS_2000_2019
394,7870.6,49836975.64397528,1.5803201307703982,gwlfe,020402060701,12,020402060701,12,Fishing Creek-Frontal Delaware Bay,NJ,27580.99,2019_2019,"13739,93730",nhdhr,NASA_NLDAS_2000_2019
395,17086.3,86843632.78609793,2.7537935307616035,gwlfe,020402060702,12,020402060702,12,Dennis Creek-Frontal Delaware Bay,NJ,54580.79,2019_2019,"13739,93730",nhdhr,NASA_NLDAS_2000_2019
396,8072.399999999999,69000298.12642188,2.1879851004065793,gwlfe,020402060703,12,020402060703,12,West Creek-Frontal Delaware Bay,NJ,56203.41,2019_2019,"13739,93730",nhdhr,NASA_NLDAS_2000_2019
397,9183.2,46517924.52394046,1.4750737101706133,gwlfe,020402070101,12,020402070101,12,Duck Creek,DE,22878.11,2019_2019,"13739,13781",nhdhr,NASA_NLDAS_2000_2019
398,7039.5,29541931.778491963,0.9367685114945448,gwlfe,020402070102,12,020402070102,12,Smryna River,DE,17673.16,2019_2019,"13739,13781",nhdhr,NASA_NLDAS_2000_2019
399,1877.3999999999999,11393072.35558055,0.361271954451438,gwlfe,020402070103,12,020402070103,12,Cedar Swamp-Frontal Delaware Bay,DE,7056.6,2019_2019,"13739,13781",nhdhr,NASA_NLDAS_2000_2019
400,7301.2,35123822.57334785,1.1137691074755154,gwlfe,020402070201,12,020402070201,12,Upper Leipsic River,DE,18272.33,2019_2019,"13739,13781",nhdhr,NASA_NLDAS_2000_2019
401,5478.0,23029913.695121326,0.7302737726763485,gwlfe,020402070202,12,020402070202,12,Lower Lepsic River,DE,14284.39,2019_2019,"13739,13781",nhdhr,NASA_NLDAS_2000_2019
402,6240.999999999999,42929236.11429808,1.3612771472063065,gwlfe,020402070203,12,020402070203,12,Duck Creek-Frontal Delaware Bay,DE,29397.0,2019_2019,"13739,13781",nhdhr,NASA_NLDAS_2000_2019
403,6401.4,37347904.84682284,1.1842942937221856,gwlfe,020402070204,12,020402070204,12,Simons River-Frontal Delaware Bay,DE,23039.83,2019_2019,"13739,13781",nhdhr,NASA_NLDAS_2000_2019
404,5796.200000000001,45144907.439252384,1.4315356240249995,gwlfe,020402070205,12,020402070205,12,Little River-Frontal Delaware Bay,DE,28105.38,2019_2019,"13739,13781",nhdhr,NASA_NLDAS_2000_2019
405,9814.0,46799178.511453226,1.4839922156092473,gwlfe,020402070301,12,020402070301,12,Upper Saint Jones River,DE,24556.58,2019_2019,"13739,13781",nhdhr,NASA_NLDAS_2000_2019
406,3623.3999999999996,18149517.50385582,0.5755174246529624,gwlfe,020402070302,12,020402070302,12,Issac Branch,DE,9037.37,2019_2019,"13739,13781",nhdhr,NASA_NLDAS_2000_2019
407,2528.7999999999997,12422885.170196936,0.39392710458513874,gwlfe,020402070303,12,020402070303,12,Tidbury Creek,DE,6290.2,2019_2019,"13739,13781",nhdhr,NASA_NLDAS_2000_2019
408,6338.799999999999,28456619.871482763,0.9023534966857801,gwlfe,020402070304,12,020402070304,12,Lower Saint Jones River,DE,23532.17,2019_2019,"13739,13781",nhdhr,NASA_NLDAS_2000_2019
409,5348.5,26735422.486882214,0.8477746856570971,gwlfe,020402070401,12,020402070401,12,Spring Branch-Murderkill River,DE,13348.68,2019_2019,"13739,13781",nhdhr,NASA_NLDAS_2000_2019
410,5003.200000000001,25256740.979750045,0.8008860026556965,gwlfe,020402070402,12,020402070402,12,Browns Branch,DE,12514.82,2019_2019,"13739,13781",nhdhr,NASA_NLDAS_2000_2019
411,7208.4,35384715.02457613,1.1220419528340984,gwlfe,020402070403,12,020402070403,12,Spring Creek,DE,17914.36,2019_2019,"13739,13781",nhdhr,NASA_NLDAS_2000_2019
412,3306.0000000000005,16764725.999970276,0.5316059741238672,gwlfe,020402070404,12,020402070404,12,Ash Gut-Murderkill River,DE,8373.33,2019_2019,"13739,13781",nhdhr,NASA_NLDAS_2000_2019
413,4122.099999999999,32955822.800046626,1.0450222856432847,gwlfe,020402070405,12,020402070405,12,Murderkill River-Frontal Delaware Bay,DE,10535.17,2019_2019,"13739,13781",nhdhr,NASA_NLDAS_2000_2019
414,1640.5,16949271.555340458,0.5374578752961839,gwlfe,020402070406,12,020402070406,12,Brockonbridge Gut-Frontal Delaware Bay,DE,14668.65,2019_2019,"13739,13781",nhdhr,NASA_NLDAS_2000_2019
415,6923.5,35034428.33673217,1.1109344348278847,gwlfe,020402070501,12,020402070501,12,Upper Mispillion River,DE,17305.58,2019_2019,"13739,13781",nhdhr,NASA_NLDAS_2000_2019
416,4480.099999999999,21859304.587006267,0.6931540013637197,gwlfe,020402070502,12,020402070502,12,Upper Cedar Creek,DE,11177.2,2019_2019,"13781,93730",nhdhr,NASA_NLDAS_2000_2019
417,6495.9,33700146.02117781,1.0686246201540404,gwlfe,020402070503,12,020402070503,12,Middle Mispillion River,DE,16179.13,2019_2019,"13739,13781",nhdhr,NASA_NLDAS_2000_2019
418,3859.7999999999997,15520574.512007976,0.4921541892442915,gwlfe,020402070504,12,020402070504,12,Slaughter Creek-Frontal Delaware Bay,DE,10494.78,2019_2019,"13781,93730",nhdhr,NASA_NLDAS_2000_2019
419,4329.1,15731726.90047325,0.49884978755940035,gwlfe,020402070505,12,020402070505,12,Lower Cedar Creek,DE,10932.41,2019_2019,"13781,93730",nhdhr,NASA_NLDAS_2000_2019
420,4154.900000000001,11706075.070660869,0.3711972054369885,gwlfe,020402070506,12,020402070506,12,Lower Missipillion River,DE,10541.3,2019_2019,"13781,93730",nhdhr,NASA_NLDAS_2000_2019
421,1552.6999999999998,16478734.168428114,0.5225372326366093,gwlfe,020402070507,12,020402070507,12,Grecos Canal-Delaware Bay,DE,28454.97,2019_2019,"13781,93730",nhdhr,NASA_NLDAS_2000_2019
422,7423.099999999999,36593024.868590124,1.1603572066397172,gwlfe,020402070601,12,020402070601,12,Round Pole Branch-Broadkill River,DE,18489.18,2019_2019,"13781,93730",nhdhr,NASA_NLDAS_2000_2019
423,7626.300000000001,30758609.26789093,0.9753491015947149,gwlfe,020402070602,12,020402070602,12,Primehook Creek,DE,20111.23,2019_2019,"13781,93730",nhdhr,NASA_NLDAS_2000_2019
424,6031.800000000001,22887111.231965195,0.7257455362748984,gwlfe,020402070603,12,020402070603,12,Beaverdam Creek-Broadkill River,DE,15170.54,2019_2019,"13781,93730",nhdhr,NASA_NLDAS_2000_2019
425,5248.199999999999,20415972.502963252,0.6473862412152224,gwlfe,020402070604,12,020402070604,12,Canary Creek-Broadkill River,DE,13413.88,2019_2019,"13781,93730",nhdhr,NASA_NLDAS_2000_2019
426,218.20000000000002,2590991.7534245653,0.08215980953274243,gwlfe,020402070605,12,020402070605,12,Breakwater Harbor-Delaware Bay,DE,12238.11,2019_2019,"13781,93730",nhdhr,NASA_NLDAS_2000_2019
427,5625.400000000001,26644189.04820861,0.8448816922947936,gwlfe,020403010101,12,020403010101,12,Upper Manasquan River,NJ,13920.12,2019_2019,"14734,94728",nhdhr,NASA_NLDAS_2000_2019
428,10470.5,52368418.91001126,1.660591670155101,gwlfe,020403010102,12,020403010102,12,Middle Manasquan River,NJ,26631.28,2019_2019,"14734,94728",nhdhr,NASA_NLDAS_2000_2019
429,6473.1,37561644.06812695,1.1910719199685105,gwlfe,020403010103,12,020403010103,12,Poplar Brook-Frontal Atlantic Ocean,NJ,14705.41,2019_2019,"14734,94728",nhdhr,NASA_NLDAS_2000_2019
430,9641.300000000001,53023571.50829173,1.6813664227641973,gwlfe,020403010104,12,020403010104,12,Shark River-Frontal Atlantic Ocean,NJ,24903.35,2019_2019,"14734,94728",nhdhr,NASA_NLDAS_2000_2019
431,4239.400000000001,25179461.104915526,0.7984354739001626,gwlfe,020403010105,12,020403010105,12,Lower Manasquan River,NJ,11711.79,2019_2019,"14734,94728",nhdhr,NASA_NLDAS_2000_2019
432,10006.400000000001,50216613.44793412,1.5923583665631063,gwlfe,020403010201,12,020403010201,12,North Branch Metedeconk River,NJ,24767.67,2019_2019,"14734,94728",nhdhr,NASA_NLDAS_2000_2019
433,7923.200000000001,39836576.51410991,1.263209554607747,gwlfe,020403010202,12,020403010202,12,South Branch Metedeconk River,NJ,19725.07,2019_2019,"14734,94728",nhdhr,NASA_NLDAS_2000_2019
434,4720.5,31073822.519023776,0.9853444482186636,gwlfe,020403010203,12,020403010203,12,Cedar Bridge Branch-Metedeconk River,NJ,13493.07,2019_2019,"14734,94728",nhdhr,NASA_NLDAS_2000_2019
435,8985.5,40791203.273903355,1.2934805705829324,gwlfe,020403010301,12,020403010301,12,Upper Toms River,NJ,22505.28,2019_2019,"14734,93730",nhdhr,NASA_NLDAS_2000_2019
436,8594.6,39764701.66099936,1.2609304179667478,gwlfe,020403010302,12,020403010302,12,Ridgeway Branch,NJ,21488.39,2019_2019,"14734,93730",nhdhr,NASA_NLDAS_2000_2019
437,7547.900000000001,37025646.68564724,1.1740755544662367,gwlfe,020403010303,12,020403010303,12,Union Branch,NJ,18915.47,2019_2019,"14734,93730",nhdhr,NASA_NLDAS_2000_2019
438,8814.1,46089252.4372708,1.461480607473072,gwlfe,020403010304,12,020403010304,12,Wrangle Brook,NJ,21984.33,2019_2019,"14734,93730",nhdhr,NASA_NLDAS_2000_2019
439,7614.6,38880042.31598692,1.2328780541599098,gwlfe,020403010305,12,020403010305,12,Middle Toms River,NJ,18871.84,2019_2019,"14734,93730",nhdhr,NASA_NLDAS_2000_2019
440,6928.799999999999,37443605.43927632,1.1873289396016085,gwlfe,020403010306,12,020403010306,12,Lower Toms River,NJ,19046.24,2019_2019,"14734,93730",nhdhr,NASA_NLDAS_2000_2019
441,3691.4,20465940.012839083,0.6489707005593316,gwlfe,020403010401,12,020403010401,12,Kettle Creek,NJ,9803.19,2019_2019,"14734,93730",nhdhr,NASA_NLDAS_2000_2019
442,6639.5,29943948.68412807,0.9495163839462224,gwlfe,020403010402,12,020403010402,12,Upper Cedar Creek,NJ,16491.86,2019_2019,"14734,93730",nhdhr,NASA_NLDAS_2000_2019
443,7323.299999999999,33437538.95257925,1.0602974046353135,gwlfe,020403010403,12,020403010403,12,Lower Cedar Creek,NJ,18595.2,2019_2019,"14734,93730",nhdhr,NASA_NLDAS_2000_2019
444,7728.200000000001,55972675.079499535,1.7748818835457743,gwlfe,020403010404,12,020403010404,12,Silver Bay-Barnegat Bay,NJ,34568.86,2019_2019,"14734,93730",nhdhr,NASA_NLDAS_2000_2019
445,8235.2,52798155.947302975,1.6742185422153404,gwlfe,020403010405,12,020403010405,12,Forked River-Barnegat Bay,NJ,29955.81,2019_2019,"14734,93730",nhdhr,NASA_NLDAS_2000_2019
446,4125.900000000001,26546938.21162714,0.8417978884965481,gwlfe,020403010406,12,020403010406,12,Gunning River-Barnegat Bay,NJ,19068.88,2019_2019,"14734,93730",nhdhr,NASA_NLDAS_2000_2019
447,6024.4,40366564.22099026,1.2800153545468753,gwlfe,020403010407,12,020403010407,12,Oyster Creek-Barnegat Bay,NJ,22649.9,2019_2019,"14734,93730",nhdhr,NASA_NLDAS_2000_2019
448,9415.599999999999,45256190.658085145,1.4350643917454702,gwlfe,020403010501,12,020403010501,12,Upper Oswego River,NJ,23681.76,2019_2019,"13739,93730",nhdhr,NASA_NLDAS_2000_2019
449,8979.7,38656008.869344965,1.2257740001694877,gwlfe,020403010502,12,020403010502,12,Lower Oswego River,NJ,22584.7,2019_2019,"13739,93730",nhdhr,NASA_NLDAS_2000_2019
450,11392.3,50427683.12635478,1.5990513421599053,gwlfe,020403010503,12,020403010503,12,Headwaters West Branch Wading River,NJ,28603.65,2019_2019,"13739,93730",nhdhr,NASA_NLDAS_2000_2019
451,10935.2,53141620.57992242,1.6851097342694832,gwlfe,020403010504,12,020403010504,12,Tulpehocken Creek-West Branch Wading River,NJ,27299.21,2019_2019,"13739,93730",nhdhr,NASA_NLDAS_2000_2019
452,7193.000000000001,17142355.83465959,0.5435805376287288,gwlfe,020403010505,12,020403010505,12,Wading River,NJ,18436.55,2019_2019,"13739,93730",nhdhr,NASA_NLDAS_2000_2019
453,5477.500000000001,24040774.154106006,0.7623279475553655,gwlfe,020403010601,12,020403010601,12,Springers Brook,NJ,13520.83,2019_2019,"13739,93730",nhdhr,NASA_NLDAS_2000_2019
454,9124.499999999998,41731354.93113377,1.3232925840669003,gwlfe,020403010602,12,020403010602,12,Sleeper Branch,NJ,22615.9,2019_2019,"13739,93730",nhdhr,NASA_NLDAS_2000_2019
455,12310.9,56633850.24691098,1.7958476105692218,gwlfe,020403010603,12,020403010603,12,Upper Mullica River,NJ,30589.2,2019_2019,"13739,93730",nhdhr,NASA_NLDAS_2000_2019
456,11243.800000000001,53243369.961639754,1.6883361859982164,gwlfe,020403010604,12,020403010604,12,Nescochague Creek,NJ,27975.34,2019_2019,"13739,93730",nhdhr,NASA_NLDAS_2000_2019
457,12722.4,55538190.32159733,1.7611044622525789,gwlfe,020403010605,12,020403010605,12,Batsto River,NJ,31691.05,2019_2019,"13739,93730",nhdhr,NASA_NLDAS_2000_2019
458,14522.999999999998,56596889.404185526,1.794675589934853,gwlfe,020403010606,12,020403010606,12,Middle Mullica River,NJ,36561.78,2019_2019,"13739,93730",nhdhr,NASA_NLDAS_2000_2019
459,8273.5,35207243.07679608,1.1164143542870395,gwlfe,020403010607,12,020403010607,12,Landing Creek,NJ,20528.19,2019_2019,"13739,93730",nhdhr,NASA_NLDAS_2000_2019
460,5586.5,24312346.04376591,0.7709394356851189,gwlfe,020403010608,12,020403010608,12,Bass River,NJ,14104.76,2019_2019,"13739,93730",nhdhr,NASA_NLDAS_2000_2019
461,7640.3,33969082.20357122,1.077152530554643,gwlfe,020403010609,12,020403010609,12,Nacote Creek,NJ,19215.64,2019_2019,"13739,93730",nhdhr,NASA_NLDAS_2000_2019
462,8818.600000000004,35960794.122456565,1.140309301194082,gwlfe,020403010610,12,020403010610,12,Lower Mullica River,NJ,25118.32,2019_2019,"13739,93730",nhdhr,NASA_NLDAS_2000_2019
463,8306.400000000001,45505084.756579734,1.44295677183472,gwlfe,020403010701,12,020403010701,12,Mill Creek-Manahawkin Bay,NJ,23980.41,2019_2019,"13739,93730",nhdhr,NASA_NLDAS_2000_2019
464,6426.0,39309569.786254525,1.2464982808934084,gwlfe,020403010702,12,020403010702,12,Westecunk Creek,NJ,16171.87,2019_2019,"13739,93730",nhdhr,NASA_NLDAS_2000_2019
465,4495.0,31083046.211630445,0.9856369295925432,gwlfe,020403010703,12,020403010703,12,Cedar Run-Manahawkin Bay,NJ,18143.44,2019_2019,"13739,93730",nhdhr,NASA_NLDAS_2000_2019
466,7727.4,52700783.47147457,1.6711308812618777,gwlfe,020403010704,12,020403010704,12,Tuckerton Creek-Little Egg Harbor,NJ,31918.72,2019_2019,"13739,93730",nhdhr,NASA_NLDAS_2000_2019
467,7635.599999999999,50743303.17386188,1.6090595882122616,gwlfe,020403010705,12,020403010705,12,Great Bay-Frontal Atlantic Ocean,NJ,36293.69,2019_2019,"13739,93730",nhdhr,NASA_NLDAS_2000_2019
468,1036.8999999999999,12835854.55701497,0.40702227793680146,gwlfe,020403010800,12,020403010800,12,020403010800-Atlantic Ocean,"NJ,NY",191221.05,2019_2019,"93730,94728",nhdhr,NASA_NLDAS_2000_2019
469,8022.599999999999,35638425.74564124,1.130087067023124,gwlfe,020403020101,12,020403020101,12,Fourmile Branch-Great Egg Harbor River,NJ,19920.06,2019_2019,"13739,93730",nhdhr,NASA_NLDAS_2000_2019
470,3631.2999999999997,17734511.624208458,0.5623576745373052,gwlfe,020403020102,12,020403020102,12,Upper Hospitality Branch,NJ,9198.24,2019_2019,"13739,93730",nhdhr,NASA_NLDAS_2000_2019
471,4484.700000000001,20889107.207756393,0.6623892442845127,gwlfe,020403020103,12,020403020103,12,Marsh Lake Branch,NJ,11333.96,2019_2019,"13739,93730",nhdhr,NASA_NLDAS_2000_2019
472,5756.8,27056276.989533156,0.8579489151932127,gwlfe,020403020104,12,020403020104,12,Lower Hospitality Branch,NJ,14376.94,2019_2019,"13739,93730",nhdhr,NASA_NLDAS_2000_2019
473,3167.1999999999994,14343146.863572745,0.45481820343647716,gwlfe,020403020105,12,020403020105,12,Penny Pot Stream,NJ,7862.02,2019_2019,"13739,93730",nhdhr,NASA_NLDAS_2000_2019
474,7102.7,32788484.492478985,1.0397160227193996,gwlfe,020403020106,12,020403020106,12,Squankum Branch-Great Egg Harbor River,NJ,17625.72,2019_2019,"13739,93730",nhdhr,NASA_NLDAS_2000_2019
475,5197.300000000001,22765773.687034585,0.721897947965328,gwlfe,020403020107,12,020403020107,12,Deep Run,NJ,12861.53,2019_2019,"13739,93730",nhdhr,NASA_NLDAS_2000_2019
476,7457.0999999999985,34576575.910339385,1.0964160296277075,gwlfe,020403020108,12,020403020108,12,Indian Branch-Great Egg Harbor River,NJ,18501.25,2019_2019,"13739,93730",nhdhr,NASA_NLDAS_2000_2019
477,7687.2,33865353.261210404,1.0738633073696855,gwlfe,020403020201,12,020403020201,12,Makepeace Stream-Great Egg Harbor River,NJ,19540.29,2019_2019,"13739,93730",nhdhr,NASA_NLDAS_2000_2019
478,11390.800000000001,52295234.96865016,1.6582710225979884,gwlfe,020403020202,12,020403020202,12,Babcock Creek-Great Egg Harbor River,NJ,28635.02,2019_2019,"13739,93730",nhdhr,NASA_NLDAS_2000_2019
479,7812.0999999999985,36509637.37616476,1.1577130066008612,gwlfe,020403020203,12,020403020203,12,Headwaters South River,NJ,19338.5,2019_2019,"13739,93730",nhdhr,NASA_NLDAS_2000_2019
480,8932.800000000001,39750162.38337712,1.2604693804977525,gwlfe,020403020204,12,020403020204,12,Stephen Creek-Great Egg Harbor River,NJ,22638.68,2019_2019,"13739,93730",nhdhr,NASA_NLDAS_2000_2019
481,7787.599999999999,28483307.345631413,0.9031997509396059,gwlfe,020403020205,12,020403020205,12,English Creek-Great Egg Harbor River,NJ,20766.5,2019_2019,"13739,93730",nhdhr,NASA_NLDAS_2000_2019
482,7917.400000000001,35783371.7823936,1.1346832756974123,gwlfe,020403020301,12,020403020301,12,Upper Tuckahoe River,NJ,19585.27,2019_2019,"13739,93730",nhdhr,NASA_NLDAS_2000_2019
483,7583.700000000001,32972876.595377438,1.0455630579457584,gwlfe,020403020302,12,020403020302,12,Middle Tuckahoe River,NJ,18908.56,2019_2019,"13739,93730",nhdhr,NASA_NLDAS_2000_2019
484,6373.3,28895734.640824456,0.916277734678604,gwlfe,020403020303,12,020403020303,12,Lower Tuckahoe River,NJ,16560.49,2019_2019,"13739,93730",nhdhr,NASA_NLDAS_2000_2019
485,3794.6000000000004,13452204.157965692,0.42656659557222515,gwlfe,020403020304,12,020403020304,12,Cedar Swamp Creek-Tuckahoe River,NJ,10294.28,2019_2019,"13739,93730",nhdhr,NASA_NLDAS_2000_2019
486,6677.799999999999,24984304.50564212,0.792247098732944,gwlfe,020403020401,12,020403020401,12,Absecon Creek,NJ,16885.86,2019_2019,"13739,93730",nhdhr,NASA_NLDAS_2000_2019
487,7384.700000000001,32163271.016019236,1.0198906334354148,gwlfe,020403020402,12,020403020402,12,Patcong Creek,NJ,18565.11,2019_2019,"13739,93730",nhdhr,NASA_NLDAS_2000_2019
488,6715.300000000001,41635398.099218324,1.3202498128874405,gwlfe,020403020403,12,020403020403,12,Absecon Bay,NJ,26836.83,2019_2019,"13739,93730",nhdhr,NASA_NLDAS_2000_2019
489,4442.0,21781634.283887308,0.6906910922085017,gwlfe,020403020404,12,020403020404,12,Cape May Harbor-Cape May Inlet,NJ,13361.71,2019_2019,"13739,93730",nhdhr,NASA_NLDAS_2000_2019
490,6420.9000000000015,34906496.365719065,1.106877738638986,gwlfe,020403020405,12,020403020405,12,Great Channel-Hereford Inlet,NJ,22579.47,2019_2019,"13739,93730",nhdhr,NASA_NLDAS_2000_2019
491,5413.999999999999,25346873.936665684,0.803744099970373,gwlfe,020403020406,12,020403020406,12,Townsend Channel-Townsends Inlet,NJ,17283.92,2019_2019,"13739,93730",nhdhr,NASA_NLDAS_2000_2019
492,3960.7,17705828.075977013,0.5614481251895298,gwlfe,020403020407,12,020403020407,12,Corson Inlet-Ludlam Bay,NJ,12097.26,2019_2019,"13739,93730",nhdhr,NASA_NLDAS_2000_2019
493,6769.9,44166411.88855608,1.4005077336553804,gwlfe,020403020408,12,020403020408,12,Great Egg Harbor Bay-Great Egg Harbor Inlet,NJ,27184.6,2019_2019,"13739,93730",nhdhr,NASA_NLDAS_2000_2019
494,3061.7999999999997,36352774.13237436,1.1527389057703692,gwlfe,020403020500,12,020403020500,12,Great Egg Harbor Inlet-Atlantic Ocean,NJ,121363.62,2019_2019,"13739,93730",nhdhr,NASA_NLDAS_2000_2019
495,2434.7999999999997,11969298.576603113,0.37954396805565427,gwlfe,020403030101,12,020403030101,12,Wolfe Glade-Lewes and Rehoboth Canal,DE,6408.81,2019_2019,"13781,93730",nhdhr,NASA_NLDAS_2000_2019
496,8520.599999999999,36633411.99436124,1.1616378739967415,gwlfe,020403030102,12,020403030102,12,Herring Creek-Frontal Rehoboth Bay,DE,23018.79,2019_2019,"13781,93730",nhdhr,USEPA_1960_1990
497,6182.599999999999,32948251.00042889,1.0447821854524635,gwlfe,020403030103,12,020403030103,12,Love Creek-Frontal Rehoboth Bay,DE,18527.95,2019_2019,"13781,93730",nhdhr,USEPA_1960_1990
498,2766.3999999999996,17054003.85387347,0.5407789146966473,gwlfe,020403030104,12,020403030104,12,Lewes and Rehoboth Canal-Frontal Rehoboth Bay,DE,11592.53,2019_2019,"13781,93730",nhdhr,USEPA_1960_1990
499,4476.099999999999,17425395.174897812,0.5525556562309047,gwlfe,020403030201,12,020403030201,12,Long Drain Ditch-Betts Pond,DE,11248.16,2019_2019,"13781,93730",nhdhr,USEPA_1960_1990
500,11484.499999999998,46125949.76510859,1.4626442721051685,gwlfe,020403030202,12,020403030202,12,Cow Bridge Branch-Indian River,DE,28699.16,2019_2019,"13781,93730",nhdhr,USEPA_1960_1990
501,7424.500000000001,30554403.202669032,0.9688737697447055,gwlfe,020403030203,12,020403030203,12,Swan Creek-Indian River,DE,18835.52,2019_2019,"13781,93730",nhdhr,USEPA_1960_1990
502,9111.499999999998,37507997.168127455,1.1893707879289528,gwlfe,020403030204,12,020403030204,12,Vines Creek-Indian River,DE,23440.65,2019_2019,"13781,93730",nhdhr,USEPA_1960_1990
503,6691.4,32830455.353868287,1.0410469100034339,gwlfe,020403030205,12,020403030205,12,White Creek-Frontal Indian River Bay,DE,20787.21,2019_2019,"13781,93730",nhdhr,USEPA_1960_1990
504,4213.799999999999,22301207.000296853,0.7071666349662878,gwlfe,020403030206,12,020403030206,12,Indian River-Frontal Indian River Bay,DE,14918.79,2019_2019,"13781,93730",nhdhr,USEPA_1960_1990
505,7764.9,36354987.33835066,1.1528090860714948,gwlfe,020403030301,12,020403030301,12,Little Assawoman Bay,DE,21986.39,2019_2019,"13781,93730",nhdhr,USEPA_1960_1990
506,10556.199999999999,43401487.92827978,1.3762521539916217,gwlfe,020403030302,12,020403030302,12,Saint Martin River,"DE,MD",28148.18,2019_2019,"13781,93730",nhdhr,USEPA_1960_1990
507,4430.1,26902379.47739092,0.8530688570963635,gwlfe,020403030303,12,020403030303,12,Assawoman Bay,"DE,MD",17256.73,2019_2019,"13781,93730",nhdhr,USEPA_1960_1990
508,4929.299999999999,25329269.99432338,0.8031858826206044,gwlfe,020403030304,12,020403030304,12,Isle of Wight Bay,MD,17512.4,2019_2019,"13781,93730",nhdhr,USEPA_1960_1990
509,10776.6,41821636.104257345,1.326155381286699,gwlfe,020403030401,12,020403030401,12,Newport Bay,MD,32236.48,2019_2019,"13781,93730",nhdhr,USEPA_1960_1990
510,2752.3999999999996,17116219.602091637,0.5427517631307597,gwlfe,020403030402,12,020403030402,12,Sinepuxent Bay,MD,12914.32,2019_2019,"13781,93730",nhdhr,USEPA_1960_1990
511,6774.2,46845491.44620343,1.485460789136334,gwlfe,020403030403,12,020403030403,12,Robins Creek-Chincoteague Bay,MD,41604.58,2019_2019,"13737,93730",nhdhr,USEPA_1960_1990
512,6371.8,41332270.567678854,1.310637701917772,gwlfe,020403030501,12,020403030501,12,Calfpen Bay-Chincoteague Bay,"MD,VA",38493.64,2019_2019,"13737,93730",nhdhr,USEPA_1960_1990
513,7212.5,40345074.0557473,1.2793339058773243,gwlfe,020403030502,12,020403030502,12,Swans Gut Creek-Chincoteague Bay,"MD,VA",28361.26,2019_2019,"13737,93730",nhdhr,USEPA_1960_1990
514,3716.1999999999994,21610681.209799223,0.6852702057901834,gwlfe,020403030503,12,020403030503,12,Assateague Channel,VA,17215.38,2019_2019,"13737,93730",nhdhr,USEPA_1960_1990
515,9113.1,48365213.51158727,1.5336508597027927,gwlfe,020403030504,12,020403030504,12,Chincoteague Inlet-Chincoteague Bay,VA,38106.54,2019_2019,"13737,93730",nhdhr,USEPA_1960_1990
516,830.8,7996700.299066976,0.2535737030399219,gwlfe,020403030601,12,020403030601,12,Delaware Seashore State Park-Atlantic Ocean,"DE,NJ",54578.57,2019_2019,"13781,93730",nhdhr,USEPA_1960_1990
517,0.5,5153.932408637204,0.00016343012457626854,gwlfe,020403030602,12,020403030602,12,Fenwick Island-Atlantic Ocean,"DE,MD",48312.21,2019_2019,"13781,93730",nhdhr,USEPA_1960_1990
518,918.8,9736074.058845479,0.3087288831445167,gwlfe,020403030603,12,020403030603,12,Assateague Island-Atlantic Ocean,"MD,VA",34409.0,2019_2019,"13737,93730",nhdhr,USEPA_1960_1990
519,4844.800000000001,18403213.73375943,0.583562079330271,gwlfe,020403040101,12,020403040101,12,Assawoman Inlet,VA,12869.25,2019_2019,"13737,93721",nhdhr,USEPA_1960_1990
520,4312.3,16942148.254012305,0.5372319968928306,gwlfe,020403040102,12,020403040102,12,Gargathy Inlet,VA,11794.4,2019_2019,"13737,93721",nhdhr,USEPA_1960_1990
521,8339.5,37603763.72319774,1.1924075254692335,gwlfe,020403040103,12,020403040103,12,Metompkin Inlet,VA,24821.34,2019_2019,"13737,13740",nhdhr,USEPA_1960_1990
522,10433.299999999997,48031022.96562756,1.5230537470074694,gwlfe,020403040104,12,020403040104,12,Wachapreague Inlet,VA,37629.95,2019_2019,"13737,13740",nhdhr,USEPA_1960_1990
523,4968.2,33347297.621073123,1.0574358707849163,gwlfe,020403040201,12,020403040201,12,Quinby Inlet,VA,32065.46,2019_2019,"13737,13740",nhdhr,USEPA_1960_1990
524,12389.4,43496479.738856524,1.3792643245451714,gwlfe,020403040202,12,020403040202,12,Machipongo River,VA,33393.41,2019_2019,"13737,13740",nhdhr,USEPA_1960_1990
525,4469.999999999999,37574441.902102016,1.1914777366217026,gwlfe,020403040203,12,020403040203,12,Great Machipongo Inlet,VA,40377.2,2019_2019,"13737,13740",nhdhr,USEPA_1960_1990
526,6013.199999999999,30816948.046810586,0.9771990121388441,gwlfe,020403040301,12,020403040301,12,Mockhorn Bay-The Thorofare,VA,22549.06,2019_2019,"13737,13740",nhdhr,USEPA_1960_1990
527,2619.3,21448850.376130175,0.6801385837179786,gwlfe,020403040302,12,020403040302,12,Sand Shoal Channel,VA,25163.84,2019_2019,"13737,13740",nhdhr,USEPA_1960_1990
528,4116.0,24044333.350346994,0.7624408089277966,gwlfe,020403040303,12,020403040303,12,South Bay,VA,20932.11,2019_2019,"13737,13740",nhdhr,USEPA_1960_1990
529,5223.500000000001,30488217.618270367,0.9667750386310999,gwlfe,020403040304,12,020403040304,12,Smith Island Inlet-The Thorofare,VA,23570.12,2019_2019,"13737,13740",nhdhr,USEPA_1960_1990
530,120.10000000000001,1340112.172909573,0.04249467823787332,gwlfe,020403040401,12,020403040401,12,Metompkin Island-Atlantic Ocean,VA,26366.71,2019_2019,"13737,13740",nhdhr,USEPA_1960_1990
531,135.8,1515697.4371510884,0.04806245044238611,gwlfe,020403040402,12,020403040402,12,Parramore Island-Atlantic Ocean,VA,27585.24,2019_2019,"13737,13740",nhdhr,USEPA_1960_1990
532,368.0,4087564.836716573,0.12961583069243318,gwlfe,020403040404,12,020403040404,12,Sand Shoal Inlet-Atlantic Ocean,VA,64328.86,2019_2019,"13737,13740",nhdhr,USEPA_1960_1990
533,1658.6000000000001,14356808.47003385,0.4552514101355229,gwlfe,020403040501,12,020403040501,12,Rudee Inlet-Atlantic Ocean,VA,14370.76,2019_2019,"13737,13740",nhdhr,USEPA_1960_1990
