fa_name_phase,catchment_hectares,tn_load,tp_load,tss_load,tn_load_ps,tp_load_ps,tn_load_avoid,tp_load_avoid,tss_load_avoid,tn_load_xsnps,tp_load_xsnps,tss_load_xsnps,tn_load_red1,tp_load_red1,tss_load_red1,tn_load_red2,tp_load_red2,tss_load_red2,tn_load_red3,tp_load_red3,tss_load_red3,tn_load_rem1,tp_load_rem1,tss_load_rem1,tn_load_rem2,tp_load_rem2,tss_load_rem2,tn_load_rem3,tp_load_rem3,tss_load_rem3,cluster,phase,fa_name
Phase 2 White Clay Creek,4603.0793,103565.31107656946,6284.845077397979,3561901.1988895014,2699.2844725517502,106.30700788569011,0.0,0.0,0.0,22291.462953017704,4751.583486512289,-690423.4584504983,2758.7361372625037,1207.4859700076,701836.9008485356,2758.7361372625037,1207.4859700076,701836.9008485356,2856.6147926605017,1283.3686081636,715315.0607709982,19532.7268157552,3544.0975165046893,-1392260.3592990339,19532.7268157552,3544.0975165046893,-1392260.3592990339,19434.8481603572,3468.214878348689,-1405738.5192214965,Brandywine and Christina,Phase 2,White Clay Creek
Phase 1 Upper East Branch/Marsh Creek,3851.6422000000002,72248.62367743818,3747.841008986615,1636306.5175104514,5296.12537601059,479.422439382867,0.0,0.0,0.0,1204.9659474275861,2074.409487603748,-1921840.5468495484,0.0,0.0,0.0,0.0,0.0,0.0,30.05994989380107,27.584492513598963,2633.079272267685,1204.9659474275861,2074.409487603748,-1921840.5468495484,1204.9659474275861,2074.409487603748,-1921840.5468495484,1174.9059975337855,2046.824995090149,-1924473.6261218162,Brandywine and Christina,Phase 1,Upper East Branch/Marsh Creek
Phase 1 Sharitz Run,967.838,16371.29738474913,995.6438468361835,507668.7972549725,0.0,0.0,0.0,0.0,0.0,-149.6972752508704,695.6140668361834,-386419.94714502746,0.0,0.0,0.0,0.0,0.0,0.0,41.29049378159971,32.62129410779998,5894.0418114446875,-149.6972752508704,695.6140668361834,-386419.94714502746,-149.6972752508704,695.6140668361834,-386419.94714502746,-190.98776903247028,662.9927727283834,-392313.98895647214,Brandywine and Christina,Phase 1,Sharitz Run
Phase 2 Plum Run,982.1697,13970.47875777672,545.1590169479534,1020729.3319909817,298.117553605031,36.3678011441652,0.0,0.0,0.0,-3093.2755748283116,204.3186088037882,113400.9631309818,824.6788104365,457.4752785263995,173014.83075096592,824.6788104365,457.4752785263995,173014.83075096592,830.9937474396094,463.9154240597995,173262.26477050906,-3917.9543852648117,-253.15666972261127,-59613.867619984136,-3917.9543852648117,-253.15666972261127,-59613.867619984136,-3924.269322267921,-259.59681525601127,-59861.30163952725,Brandywine and Christina,Phase 2,Plum Run
Phase 2 Red Clay Creek,2794.9628,61291.84046902052,3261.282720705508,1892075.3806187399,0.0,0.0,0.0,0.0,0.0,13581.825473020523,2394.8442527055076,-689911.25402126,2599.0502073484017,1119.1213671442003,663207.9745918129,2599.0502073484017,1119.1213671442003,663207.9745918129,2676.724376399503,1173.8088169906014,689676.7780475013,10982.775265672119,1275.7228855613073,-1353119.2286130728,10982.775265672119,1275.7228855613073,-1353119.2286130728,10905.10109662102,1221.0354357149063,-1379588.0320687613,Brandywine and Christina,Phase 2,Red Clay Creek
Phase 1 Little Buck Run,950.862,16701.02912430902,1298.7746923870036,959186.0034454707,0.0,0.0,0.0,0.0,0.0,469.8147843090236,1004.0074723870038,80779.68784547073,102.79128911120006,55.973067915000414,17122.54101184501,102.79128911120006,55.973067915000414,17122.54101184501,302.8669608609001,202.09607005280031,123462.6035781574,367.02349519782354,948.0344044720033,63657.14683362572,367.02349519782354,948.0344044720033,63657.14683362572,166.94782344812344,801.9114023342033,-42682.915732686684,Brandywine and Christina,Phase 1,Little Buck Run
Phase 2 Brandywine Creek Headwaters,4724.0821,148362.51321248777,8571.673757164552,4323587.341679608,381.438200030133,60.629472485492805,0.0,0.0,0.0,67340.99356545764,7046.57883367906,-40519.7023003909,7576.864221974917,2132.862343082997,4029948.532546989,7576.864221974917,2132.862343082997,4029948.532546989,7719.528065523222,2197.9315652459973,4046885.177787123,59764.129343482724,4913.716490596063,-4070468.23484738,59764.129343482724,4913.716490596063,-4070468.23484738,59621.46549993442,4848.647268433062,-4087404.8800875135,Brandywine and Christina,Phase 2,Brandywine Creek Headwaters
Phase 1 Rancocas Creek,8971.4573,40101.630134306426,3437.871639623493,5680576.910715138,16861.8553274668,1447.40332968048,4.483793220420068,38.54602580331989,1595.7017862974171,-129903.00130416038,-790.6834530569871,-2607255.3430248615,0.0,0.0,0.0,0.0,0.0,0.0,3.368190046401219,0.5757629260000401,269.4554793643306,-129903.00130416038,-790.6834530569871,-2607255.3430248615,-129903.00130416038,-790.6834530569871,-2607255.3430248615,-129906.36949420678,-791.2592159829871,-2607524.798504226,Kirkwood - Cohansey Aquifer,Phase 1,Rancocas Creek
Phase 1 Cohansey-Maurice,79845.4069,1191380.5512110349,61579.56775053094,30377229.18754508,484802.4110117072,40900.217900144395,0.0,0.0,0.0,-656382.9555836725,-4072.726288613451,-43383957.70667492,434.64865522901624,44.39598205739998,52946.97379639369,434.64865522901624,44.39598205739998,52946.97379639369,465.57882881201925,51.18542641320008,55536.0832790681,-656817.6042389015,-4117.12227067085,-43436904.68047131,-656817.6042389015,-4117.12227067085,-43436904.68047131,-656848.5344124845,-4123.911715026651,-43439493.789953984,Kirkwood - Cohansey Aquifer,Phase 1,Cohansey-Maurice
Phase 2 Menantico,7822.2106,68729.4203657388,1623.1243400647968,2790809.2142195515,0.0,0.0,9.396347168580728,82.63983377585994,3197.017438593559,-64795.7145762612,-801.7609459352032,-4435348.9380604485,129.71813322810004,11.432193683399955,14482.30729995403,129.71813322810004,11.432193683399955,14482.30729995403,134.12216475958783,12.176399266999985,14886.374426438098,-64925.432709489294,-813.1931396186031,-4449831.245360402,-64925.432709489294,-813.1931396186031,-4449831.245360402,-64929.83674102079,-813.9373452022031,-4450235.312486886,Kirkwood - Cohansey Aquifer,Phase 2,Menantico
Phase 1 Salem River,16061.2579,125288.88853062158,15660.43587634314,13246031.81765384,3683.233459329441,3687.2199597161584,0.0,0.0,0.0,-152560.01728170787,6994.22596762698,-1591358.2303661592,69.70316943309876,21.449196864999998,15472.131086279605,144.86192088849896,63.472840100599996,32000.861912710403,167.81906097819981,79.94783417140015,33878.54238849247,-152629.72045114095,6972.77677076198,-1606830.3614524386,-152704.87920259638,6930.753127526379,-1623359.0922788696,-152727.83634268606,6914.278133455579,-1625236.7727546517,Kirkwood - Cohansey Aquifer,Phase 1,Salem River
Phase 1 Western Cape May,11868.1874,187314.35943821887,14268.619337442498,9351882.281496435,153162.6275318326,11899.000945756206,0.0,0.0,0.0,-168438.22701161372,-1309.5197023137068,-1611949.2386235641,0.13506563999999344,0.02265215999999981,18.123367879976286,0.13506563999999344,0.02265215999999981,18.123367879976286,2.68240489769855,0.41413757740104495,259.36106231689973,-168438.36207725373,-1309.5423544737068,-1611967.3619914441,-168438.36207725373,-1309.5423544737068,-1611967.3619914441,-168440.90941651142,-1309.933839891108,-1612208.599685881,Kirkwood - Cohansey Aquifer,Phase 1,Western Cape May
Phase 2 Muddy Run,3662.5238,60319.42876237704,2770.1809872593353,2004343.566549618,810.440268656421,68.47634154169191,0.0,0.0,0.0,-3010.2927722793756,1566.3222677176434,-1379095.9198903819,12.45396486189793,5.4641852039999605,5241.920770452984,12.45396486189793,5.4641852039999605,5241.920770452984,19.73469599590112,9.612827175400035,5664.962707769755,-3022.746737141273,1560.8580825136435,-1384337.840660835,-3022.746737141273,1560.8580825136435,-1384337.840660835,-3030.0274682752765,1556.7094405422436,-1384760.882598152,Kirkwood - Cohansey Aquifer,Phase 2,Muddy Run
Phase 2 Upper Salem River,8402.0393,194054.29572595592,8885.140269740743,6054298.670940635,9664.69750579924,93.8010414922868,0.0,0.0,0.0,40966.78736915666,6186.707045248456,-1707505.2343993653,325.18363612628815,170.8038020744012,103316.00913557966,524.7561409527874,279.13461614680125,163641.99569398855,566.7457495460975,310.4946452712003,167034.0593858748,40641.60373303037,6015.903243174054,-1810821.2435349447,40442.03122820387,5907.572429101654,-1871147.2300933537,40400.041619610565,5876.212399977256,-1874539.29378524,Kirkwood - Cohansey Aquifer,Phase 2,Upper Salem River
Phase 1 Core Pine Barrens,131694.8683,236675.1274676482,13593.768324142779,22619754.135141976,4983.03909383591,424.775993679416,24.210280336539952,212.8359291978001,8666.089475440853,-2016339.3135071876,-27656.416842536637,-99039965.20039801,0.0,0.0,0.0,0.0,0.0,0.0,3.9256879988011635,0.6460928636009824,350.5278743584706,-2016339.3135071876,-27656.416842536637,-99039965.20039801,-2016339.3135071876,-27656.416842536637,-99039965.20039801,-2016343.2391951866,-27657.062935400238,-99040315.72827238,Kirkwood - Cohansey Aquifer,Phase 1,Core Pine Barrens
Phase 2 Rancocas,24933.2558,66876.6260718813,4449.060764061508,6631396.2654930195,19564.8790922414,1448.8951207911,4.264387776550262,36.261055787680014,1649.661328052463,-378298.9295263601,-4729.143654729592,-16401945.442546979,0.03613071390003597,0.008174675599999404,51.35401046319748,0.03613071390003597,0.008174675599999404,51.35401046319748,1.4389453725998251,0.24787355720004944,166.7584420970379,-378298.965657074,-4729.151829405192,-16401996.796557441,-378298.965657074,-4729.151829405192,-16401996.796557441,-378300.3684717327,-4729.391528286792,-16402112.200989075,Kirkwood - Cohansey Aquifer,Phase 2,Rancocas
Phase 1 Greater Hammonton,13335.2687,180864.57100272295,4986.0992699363505,5090291.425972519,0.0,0.0,0.0,0.0,0.0,-46768.46570627705,852.1659729363504,-7228829.799087481,0.09510129950012924,0.021658750999989707,7.294864995987155,0.09510129950012924,0.021658750999989707,7.294864995987155,2.1393655285906377,0.3889434112000103,190.78123910500403,-46768.56080757655,852.1443141853504,-7228837.093952476,-46768.56080757655,852.1443141853504,-7228837.093952476,-46770.60507180564,851.7770295251503,-7229020.580326585,Kirkwood - Cohansey Aquifer,Phase 1,Greater Hammonton
Phase 2 Cohansey River,10229.169,419038.80908888543,26269.663217903602,8473437.324336033,226371.03250263468,19355.89929730205,0.0,0.0,0.0,18055.861756250768,3742.721530601552,-976268.9978639672,278.76450175688774,89.94899177620073,75906.89133175797,278.76450175688774,89.94899177620073,75906.89133175797,280.8337076134815,90.5912227434004,76079.42345696631,17777.097254493878,3652.772538825351,-1052175.889195725,17777.097254493878,3652.772538825351,-1052175.889195725,17775.028048637287,3652.130307858152,-1052348.4213209334,Kirkwood - Cohansey Aquifer,Phase 2,Cohansey River
Phase 2 Lower Salem River,5512.8523000000005,74808.21172032603,6553.681921059642,4811872.632783213,0.0,0.0,0.0,0.0,0.0,-19296.177040673978,4844.697708059642,-280900.3219567867,63.46852503720038,15.25436967180002,13971.93856712099,63.46852503720038,15.25436967180002,13971.93856712099,73.05848946541248,22.90304305900077,14816.48509680066,-19359.64556571118,4829.443338387841,-294872.26052390767,-19359.64556571118,4829.443338387841,-294872.26052390767,-19369.23553013939,4821.794665000641,-295716.80705358734,Kirkwood - Cohansey Aquifer,Phase 2,Lower Salem River
Phase 2 Lower Maiden Cr Trib 3,648.4733,15656.3027879591,2078.98261284486,666682.817108614,0.0,0.0,0.0,0.0,0.0,4586.863556959101,1877.9558898448597,67623.18256861412,807.6976670512013,335.8582268803998,87754.64350070502,807.6976670512013,335.8582268803998,87754.64350070502,835.2773562380007,370.69255168559994,89084.10836168204,3779.1658899079,1542.09766296446,-20131.460932090897,3779.1658899079,1542.09766296446,-20131.460932090897,3751.5862007211003,1507.2633381592598,-21460.92579306792,Middle Schuylkill,Phase 2,Lower Maiden Cr Trib 3
Phase 2 Little Manatawny Trib 4,291.2169,6555.31886918036,1035.67547822253,440214.837217635,0.0,0.0,0.0,0.0,0.0,1584.2463861803594,945.39823922253,171188.664997635,2.1723762677002014,1.0624059798001326,571.3239627460134,2.1723762677002014,1.0624059798001326,571.3239627460134,13.586075373099447,14.919831945800071,1434.445184635988,1582.074009912659,944.3358332427299,170617.341034889,1582.074009912659,944.3358332427299,170617.341034889,1570.66031080726,930.47840727673,169754.219812999,Middle Schuylkill,Phase 2,Little Manatawny Trib 4
Phase 2 Hosensack Cr,3655.6405,47296.87811385086,4767.458643234584,2792443.9592607976,20.1263966372989,1.72325992492585,0.0,0.0,0.0,-15125.031617786446,3632.486828309658,-584636.7346392024,0.0,0.0,0.0,0.0,0.0,0.0,36.24767508229962,41.54674359919703,15348.60929412486,-15125.031617786446,3632.486828309658,-584636.7346392024,-15125.031617786446,3632.486828309658,-584636.7346392024,-15161.279292868745,3590.9400847104607,-599985.3439333271,Middle Schuylkill,Phase 2,Hosensack Cr
Phase 2 Lower Maiden Cr Trib 1,656.8399,19980.791505790483,1193.6751668616998,421278.2553809468,6.61886132942118,0.122041345925279,0.0,0.0,0.0,8761.91555146106,989.9327565157746,-185510.44423905318,0.0,0.0,0.0,0.0,0.0,0.0,8.832383119600763,9.96860855420006,1924.502121457008,8761.91555146106,989.9327565157746,-185510.44423905318,8761.91555146106,989.9327565157746,-185510.44423905318,8753.083168341458,979.9641479615746,-187434.9463605102,Middle Schuylkill,Phase 2,Lower Maiden Cr Trib 1
Phase 2 Lower Maiden Cr Trib 2,488.9183,12726.326284644,1437.25581963979,454968.048797957,0.0,0.0,0.0,0.0,0.0,4380.4909036439985,1285.6911466397898,3305.3232579570563,15.126709758298603,15.769498587599857,4280.533381115005,15.126709758298603,15.769498587599857,4280.533381115005,19.71193648589906,23.174297127000045,5285.933938199014,4365.3641938857,1269.92164805219,-975.2101231579483,4365.3641938857,1269.92164805219,-975.2101231579483,4360.7789671580995,1262.51684951279,-1980.6106802419579,Middle Schuylkill,Phase 2,Lower Maiden Cr Trib 2
Phase 2 Licking Cr,861.7725,15696.092241795439,1083.86779774057,391576.4940324846,0.0,0.0,0.0,0.0,0.0,985.63566679544,816.71832274057,-404528.9414675153,227.91625017100978,69.23039759159997,45400.28775924002,227.91625017100978,69.23039759159997,45400.28775924002,236.47303945400972,77.93092162319994,47221.26996656481,757.7194166244302,747.48792514897,-449929.2292267553,757.7194166244302,747.48792514897,-449929.2292267553,749.1626273414305,738.78740111737,-451750.21143408015,Middle Schuylkill,Phase 2,Licking Cr
Phase 2 Saucony Cr Trib 2,3068.1779,61016.54756799743,6977.133220018795,2538434.642556405,1069.99937020976,1030.41235233273,0.0,0.0,0.0,7572.751444787671,4995.585718686066,-295948.1014635948,182.89032615720043,137.98354833039957,51378.98145260906,182.89032615720043,137.98354833039957,51378.98145260906,275.9919828007014,249.33925692859992,55301.74441335094,7389.861118630471,4857.602170355666,-347327.0829162038,7389.861118630471,4857.602170355666,-347327.0829162038,7296.75946198697,4746.246461757466,-351249.8458769458,Middle Schuylkill,Phase 2,Saucony Cr Trib 2
Phase 2 Manatawny Trib 3,395.2749,9536.34722460867,1585.41547281547,561683.707346531,0.0,0.0,0.0,0.0,0.0,2789.0046816086697,1462.88025381547,196528.75472653095,0.0,0.0,0.0,0.0,0.0,0.0,6.970805411699985,8.968415726999865,835.1963206479559,2789.0046816086697,1462.88025381547,196528.75472653095,2789.0046816086697,1462.88025381547,196528.75472653095,2782.0338761969697,1453.9118380884702,195693.558405883,Middle Schuylkill,Phase 2,Manatawny Trib 3
Phase 2 Tulpehocken Trib 2,990.2396,25555.10773128335,1630.60039446235,622761.031923539,0.0,0.0,0.0,0.0,0.0,8651.71775928335,1323.62611846235,-292022.3105564609,293.0161623456015,129.79749387520013,37512.57491437503,293.0161623456015,129.79749387520013,37512.57491437503,300.4208184097997,135.9994584854,39225.17421348402,8358.701596937748,1193.82862458715,-329534.88547083596,8358.701596937748,1193.82862458715,-329534.88547083596,8351.296940873552,1187.6266599769501,-331247.484769945,Middle Schuylkill,Phase 2,Tulpehocken Trib 2
Phase 2 Mill Cr Trib 2,1285.9594,55538.54755140734,3270.9643871400835,1626436.5258266954,0.0,0.0,0.0,0.0,0.0,33587.22059340734,2872.3169731400835,438467.23210669553,221.033964165998,84.97865932899995,66995.28167447983,221.033964165998,84.97865932899995,66995.28167447983,241.17756007269872,97.72582401760013,71560.96953714988,33366.186629241354,2787.338313811084,371471.95043221576,33366.186629241354,2787.338313811084,371471.95043221576,33346.04303333465,2774.5911491224833,366906.26256954565,Middle Schuylkill,Phase 2,Mill Cr Trib 2
Phase 2 Moselem Cr,3101.973,93432.10772762966,12409.283333088373,4374449.282841807,0.0,0.0,0.0,0.0,0.0,40481.428617629645,11447.671703088372,1508846.6254418073,1274.3766055019978,534.8308430879997,87573.69988281967,1274.3766055019978,534.8308430879997,87573.69988281967,1322.344033108406,604.4918275415996,94166.98667939099,39207.05201212765,10912.840860000373,1421272.9255589878,39207.05201212765,10912.840860000373,1421272.9255589878,39159.08458452124,10843.179875546772,1414679.6387624166,Middle Schuylkill,Phase 2,Moselem Cr
Phase 2 Northkill,4451.1752,81618.51581791663,5215.335191319499,2027630.8264200739,5.57988279253577,9.96888350119942,0.0,0.0,0.0,5631.375271124091,3825.5019958182993,-2084364.823339926,2761.733445726702,802.7497920383998,394847.43888503674,2761.733445726702,802.7497920383998,394847.43888503674,2815.4909239482035,854.7377846793999,400599.55468560493,2869.6418253973898,3022.7522037798994,-2479212.262224963,2869.6418253973898,3022.7522037798994,-2479212.262224963,2815.8843471758896,2970.7642111388996,-2484964.378025531,Middle Schuylkill,Phase 2,Northkill
Phase 2 Tulpehocken Trib 3,307.2604,8813.41616560965,537.83240787981,176578.5393188485,0.0,0.0,0.0,0.0,0.0,3568.4811376096504,442.58168387981,-107268.61820115149,0.0,0.0,0.0,0.0,0.0,0.0,5.387909023799693,5.081112221800055,656.6151304059968,3568.4811376096504,442.58168387981,-107268.61820115149,3568.4811376096504,442.58168387981,-107268.61820115149,3563.0932285858507,437.50057165801,-107925.23333155748,Middle Schuylkill,Phase 2,Tulpehocken Trib 3
Phase 2 Saucony Cr Trib 1,2966.2969,92987.85311843,10817.5900846217,4508293.96270543,982.316947249864,946.212670524246,0.0,0.0,0.0,41370.84808818014,8951.825375097453,1768028.88648543,4563.637678499988,2105.4031602120394,112520.11505833922,4563.637678499988,2105.4031602120394,112520.11505833922,4602.032781850794,2154.5863302240396,118220.6980586499,36807.21040968015,6846.422214885414,1655508.7714270905,36807.21040968015,6846.422214885414,1655508.7714270905,36768.81530632934,6797.239044873413,1649808.18842678,Middle Schuylkill,Phase 2,Saucony Cr Trib 1
Phase 2 Manatawny Trib 2,235.6339,5664.81039716988,866.209656762704,293227.714673371,0.0,0.0,0.0,0.0,0.0,1642.5397241698797,793.1631477627039,75549.11785337102,294.7303751115005,77.34010840559995,650.4495673530037,294.7303751115005,77.34010840559995,650.4495673530037,302.88075070620016,87.35653061639994,1187.1216573899728,1347.8093490583792,715.823039357104,74898.668286018,1347.8093490583792,715.823039357104,74898.668286018,1339.6589734636798,705.806617146304,74361.99619598105,Middle Schuylkill,Phase 2,Manatawny Trib 2
Phase 2 Manor Cr,1761.2097,31047.6719389611,1854.55976020916,674217.430836776,0.0,0.0,0.0,0.0,0.0,983.8223599610952,1308.5847532091598,-952788.090023224,365.29679957970075,130.41236375819994,53280.018182887,365.29679957970075,130.41236375819994,53280.018182887,378.7461405296999,145.61525735279997,56212.38568443002,618.5255603813945,1178.1723894509598,-1006068.1082061109,618.5255603813945,1178.1723894509598,-1006068.1082061109,605.0762194313952,1162.9694958563598,-1009000.4757076539,Middle Schuylkill,Phase 2,Manor Cr
Phase 2 Furnace Cr,948.615,13131.77718175921,773.1791009910993,421621.6103965527,2104.62950757356,38.787225749408,0.0,0.0,0.0,-5165.710375814351,440.32122524169125,-454708.92660344724,249.19669575359876,58.63089169860007,2603.15165134304,249.19669575359876,58.63089169860007,2603.15165134304,253.52096100929884,63.497241072000065,3543.7736622890225,-5414.90707156795,381.6903335430911,-457312.0782547903,-5414.90707156795,381.6903335430911,-457312.0782547903,-5419.23133682365,376.8239841696912,-458252.70026573626,Middle Schuylkill,Phase 2,Furnace Cr
Phase 1 Manatawny Creek,282.40160000000003,6466.921948984564,979.6687645003847,378835.79948035907,0.0,0.0,0.0,0.0,0.0,1646.3266369845637,892.1242685003847,117953.2014003591,0.0,0.0,0.0,0.0,0.0,0.0,2.2062348012000257,3.0819081333999208,661.5324819560046,1646.3266369845637,892.1242685003847,117953.2014003591,1646.3266369845637,892.1242685003847,117953.2014003591,1644.120402183364,889.0423603669848,117291.66891840307,Middle Schuylkill,Phase 1,Manatawny Creek
Phase 1 Tributary to Maiden Creek,493.23159999999996,10914.26395548707,744.173618963754,269930.1830512953,0.0,0.0,0.0,0.0,0.0,2494.8005434870693,591.271822963754,-185717.16902870464,481.9354801513,135.33088245880003,215.74617054100963,481.9354801513,135.33088245880003,215.74617054100963,486.6709162717,140.9551898674,1261.086590875515,2012.8650633357695,455.9409405049539,-185932.91519924565,2012.8650633357695,455.9409405049539,-185932.91519924565,2008.1296272153695,450.31663309635394,-186978.25561958016,Middle Schuylkill,Phase 1,Tributary to Maiden Creek
Phase 1 Spring Creek,1845.0875,48159.971718765555,3188.391931532644,1283198.3656866674,0.0,0.0,0.0,0.0,0.0,16664.328093765555,2616.414806532644,-421293.4668133325,0.0,0.0,0.0,0.0,0.0,0.0,13.892545140699568,11.592016134399127,3206.245189908891,16664.328093765555,2616.414806532644,-421293.4668133325,16664.328093765555,2616.414806532644,-421293.4668133325,16650.435548624857,2604.8227903982447,-424499.7120032414,Middle Schuylkill,Phase 1,Spring Creek
Phase 1 Upper Perkiomen Creek,2038.1456,25425.060095647692,2611.280692453184,1263221.351302588,0.0,0.0,0.0,0.0,0.0,-9366.085296352305,1979.4555564531838,-619617.553977412,0.0,0.0,0.0,0.0,0.0,0.0,64.81087473429943,73.94882168480099,8054.247605879021,-9366.085296352305,1979.4555564531838,-619617.553977412,-9366.085296352305,1979.4555564531838,-619617.553977412,-9430.896171086606,1905.506734768383,-627671.8015832911,Middle Schuylkill,Phase 1,Upper Perkiomen Creek
Phase 2 Upper Musconetcong,9168.7891,40981.02968699723,2655.1577684784565,5268608.633786421,0.0,0.0,11.153484670129906,100.46557660519899,4247.635380378419,-115530.20025000277,-187.16685252154366,-3201518.736793578,0.0,0.0,0.0,0.0,0.0,0.0,2.0364783306995955,0.34105392939982043,180.50518427061564,-115530.20025000277,-187.16685252154366,-3201518.736793578,-115530.20025000277,-187.16685252154366,-3201518.736793578,-115532.23672833346,-187.5079064509434,-3201699.2419778486,New Jersey Highlands,Phase 2,Upper Musconetcong
Phase 2 Lopatcong Creek,3876.8102,89674.41492164439,10948.975665149195,3796236.27062556,23458.5660490991,6741.59211718239,0.0,0.0,0.0,38.698758545293,3005.572385966805,214839.0078655603,748.4173409911982,415.27375024960065,170541.9329296531,1005.9291662505966,565.8816248720004,218583.74845428608,1010.6400283724997,567.4207981632004,219025.17294052296,-709.7185824459052,2590.298635717204,44297.07493590715,-967.2304077053032,2439.690761094804,-3744.7405887257773,-971.9412698272063,2438.151587803605,-4186.165074962657,New Jersey Highlands,Phase 2,Lopatcong Creek
Phase 1 Upper Paulins Kill,5301.7882,27460.374879352523,1879.4884973035937,2614261.604784774,0.0,0.0,0.39689787477004757,3.602841463659999,149.96821365349751,-63041.14969464748,235.93415530359374,-2283530.334375226,0.0,0.0,0.0,0.0,0.0,0.0,3.715765499499831,0.62163312999993,326.2159420193584,-63041.14969464748,235.93415530359374,-2283530.334375226,-63041.14969464748,235.93415530359374,-2283530.334375226,-63044.86546014698,235.3125221735938,-2283856.550317245,New Jersey Highlands,Phase 1,Upper Paulins Kill
Phase 1 Lower Musconetcong,4612.059,56636.591205269,3756.38214141909,2688775.82563764,273.965742788543,15.3552637631755,0.0,0.0,0.0,-22365.221667519552,2311.288587655915,-1571844.2785623597,543.7739994023941,250.8572191968001,141704.74695109017,543.7739994023941,250.8572191968001,141704.74695109017,546.0885456623946,252.69655363920037,142025.46269393014,-22908.99566692195,2060.4313684591148,-1713549.02551345,-22908.99566692195,2060.4313684591148,-1713549.02551345,-22911.310213181947,2058.5920340167145,-1713869.7412562899,New Jersey Highlands,Phase 1,Lower Musconetcong
Phase 2 Lower Middle Musconetcong,11985.5305,254834.20132319385,11667.887693254417,7831234.937507508,90198.77001724148,1431.8527253859534,0.0,0.0,0.0,-39957.57432904761,6520.520512868464,-3240998.1383924913,4827.276635744897,2413.2228206917985,1955688.8354308696,4849.635068360497,2426.3340441021983,1959397.6255816787,4856.897932963307,2431.576351698397,1960149.264961177,-44784.85096479251,4107.297692176665,-5196686.973823361,-44807.20939740811,4094.186468766265,-5200395.76397417,-44814.47226201092,4088.9441611700663,-5201147.403353668,New Jersey Highlands,Phase 2,Lower Middle Musconetcong
Phase 1 Upper Musconetcong,11881.8297,140288.90189677084,5334.356037093353,7641712.691014466,77039.03040939594,1034.7347580752166,16.33357468559916,150.20529044967998,6888.554750540061,-139572.96149162512,616.2540720181369,-3334721.585845533,17.924830635099603,2.4608867115999873,1184.6954477391014,27.436685780099175,3.691125861599976,1805.862898499127,31.087449541011523,4.341885596600055,2126.555629863833,-139590.88632226022,613.7931853065369,-3335906.281293272,-139600.3981774052,612.5629461565369,-3336527.448744032,-139604.04894116614,611.9121864215367,-3336848.1414753967,New Jersey Highlands,Phase 1,Upper Musconetcong
Phase 1 Lopatcong Creek,2906.3133,96708.53453976335,20183.24527622075,2623188.949338001,62312.9412603947,17693.97299405846,0.0,0.0,0.0,-15215.174751631352,1588.3151591622905,-61663.27720199825,92.9597482173991,48.26607574720025,20202.332337064603,92.9597482173991,48.26607574720025,20202.332337064603,104.86663539149794,60.60301755819983,20389.323157697534,-15308.134499848751,1540.0490834150903,-81865.60953906286,-15308.134499848751,1540.0490834150903,-81865.60953906286,-15320.041387022851,1527.7121416040907,-82052.6003596958,New Jersey Highlands,Phase 1,Lopatcong Creek
Phase 2 Paulinskill,27100.2757,151008.0151132969,9992.761570412686,9362697.565492474,3712.666934996373,571.111993043482,25.77979247840006,231.51896802632018,10219.80988863038,-315306.35802069947,1020.564110369203,-15672537.126167525,12212.015784702198,2473.59388985328,1234245.5468665664,12256.414447894598,2487.58020381628,1239651.4454902634,12260.480680267689,2488.5444155286805,1239979.9360000666,-327518.3738054017,-1453.0297794840774,-16906782.67303409,-327562.7724685941,-1467.0160934470775,-16912188.571657788,-327566.8387009672,-1467.9803051594772,-16912517.062167592,New Jersey Highlands,Phase 2,Paulinskill
Phase 2 Beaver Brook,3859.9874,13214.422327063492,1111.726944075362,622616.1065484205,0.0,0.0,0.0,0.0,0.0,-52675.56259093651,-84.86914992463785,-2943240.253571579,0.20833206189999487,0.06536255199999985,17.631706102802127,0.20833206189999487,0.06536255199999985,17.631706102802127,2.5640778277001273,1.9223318166000434,61.13018732417936,-52675.77092299841,-84.93451247663785,-2943257.885277682,-52675.77092299841,-84.93451247663785,-2943257.885277682,-52678.126668764206,-86.79148174123787,-2943301.3837589035,New Jersey Highlands,Phase 2,Beaver Brook
Phase 2 Lower Neversink,7687.3978,43150.592054133704,2308.4353258762358,2150495.8107914436,0.0,0.0,0.0293537536200148,0.26290539580000116,11.10806425679857,-88073.2883918663,-74.65799212376412,-4951122.2768485565,0.0,0.0,0.0,0.0,0.0,0.0,0.0,0.0,0.0,-88073.2883918663,-74.65799212376412,-4951122.2768485565,-88073.2883918663,-74.65799212376412,-4951122.2768485565,-88073.2883918663,-74.65799212376412,-4951122.2768485565,Poconos and Kittatinny,Phase 2,Lower Neversink
Phase 1 Neversink River,21653.0347,112208.01335906112,3812.8253827923804,3222629.3773783883,0.0,0.0,0.0,0.0,0.0,-257409.28896993888,-2899.6153742076194,-16780444.07848161,0.0,0.0,0.0,0.0,0.0,0.0,0.034474996699614735,0.005609681199984173,3.3914878197119833,-257409.28896993888,-2899.6153742076194,-16780444.07848161,-257409.28896993888,-2899.6153742076194,-16780444.07848161,-257409.32344493558,-2899.6209838888194,-16780447.46996943,Poconos and Kittatinny,Phase 1,Neversink River
Phase 1 Upper Delaware River Corridor,30652.9123,72280.1320783955,4051.737673035824,5623968.292180092,1957.7310525296748,228.4088486198149,1.2086113232000173,11.167542511360004,475.1490986236022,-452922.8119351342,-5679.07398858399,-22693192.090559907,0.0,0.0,0.0,0.0,0.0,0.0,72.38977463910088,82.71210222919991,377.04653818828365,-452922.8119351342,-5679.07398858399,-22693192.090559907,-452922.8119351342,-5679.07398858399,-22693192.090559907,-452995.2017097733,-5761.786090813191,-22693569.137098096,Poconos and Kittatinny,Phase 1,Upper Delaware River Corridor
Phase 2 Little Bushkill,7330.3924,10015.603938684219,506.6079526210895,664708.0330512653,111.58478487652101,0.426180749013192,29.331797943049903,258.1507861175,11845.6099394172,-115225.77911419231,-1766.2398721279237,-6107108.466068734,0.0,0.0,0.0,0.0,0.0,0.0,0.14543751129983917,0.02690082239999647,12.895747635423277,-115225.77911419231,-1766.2398721279237,-6107108.466068734,-115225.77911419231,-1766.2398721279237,-6107108.466068734,-115225.9245517036,-1766.2667729503237,-6107121.36181637,Poconos and Kittatinny,Phase 2,Little Bushkill
Phase 2 Lower Bashakill,2202.8559999999998,7728.4296533038005,567.6592210797814,300431.6923123828,0.0,0.0,0.0,0.0,0.0,-29874.3222666962,-115.2261389202185,-1734566.680487617,0.0,0.0,0.0,0.0,0.0,0.0,0.0,0.0,0.0,-29874.3222666962,-115.2261389202185,-1734566.680487617,-29874.3222666962,-115.2261389202185,-1734566.680487617,-29874.3222666962,-115.2261389202185,-1734566.680487617,Poconos and Kittatinny,Phase 2,Lower Bashakill
Phase 2 Rattlesnake Creek,4346.7706,6004.603062490746,571.2753156107144,410567.4342684342,0.0,0.0,0.0,0.0,0.0,-68194.77107950926,-776.2235703892856,-3604979.2460115654,0.0,0.0,0.0,0.0,0.0,0.0,7.829649547300093,6.021332633201003,765.8552255445957,-68194.77107950926,-776.2235703892856,-3604979.2460115654,-68194.77107950926,-776.2235703892856,-3604979.2460115654,-68202.60072905656,-782.2449030224866,-3605745.1012371103,Poconos and Kittatinny,Phase 2,Rattlesnake Creek
Phase 1 Bush Kill/Hornbecks Creek,44484.944,100550.75350761364,6145.360357896742,6595344.634087968,2875.8782441775857,393.81674219063854,114.55646115239031,1024.495783758201,47687.57826648332,-661683.118816564,-8038.789024293897,-34499846.63311203,0.0,0.0,0.0,0.0,0.0,0.0,55.808113435099465,60.45419342400094,667.2486882967364,-661683.118816564,-8038.789024293897,-34499846.63311203,-661683.118816564,-8038.789024293897,-34499846.63311203,-661738.926929999,-8099.243217717897,-34500513.88180032,Poconos and Kittatinny,Phase 1,Bush Kill/Hornbecks Creek
Phase 2 Eastern Mongaup,9145.5409,23446.511831955493,1172.2824327589485,856052.0450177601,0.0,0.0,0.05953505294974093,0.5494988188999912,22.780558736994863,-132667.8713310445,-1662.8352462410514,-7592598.638402239,0.0,0.0,0.0,0.0,0.0,0.0,0.0,0.0,0.0,-132667.8713310445,-1662.8352462410514,-7592598.638402239,-132667.8713310445,-1662.8352462410514,-7592598.638402239,-132667.8713310445,-1662.8352462410514,-7592598.638402239,Poconos and Kittatinny,Phase 2,Eastern Mongaup
Phase 2 Cherry Valley,5411.197700000001,21522.475520820095,2263.350087486936,1028577.8327958541,8513.21954110113,723.016198538536,32.65268213078937,297.0506372830007,13594.817864926074,-79359.88875928104,-137.13739805160012,-3970286.602464146,0.0,0.0,0.0,0.0,0.0,0.0,25.045566769300095,21.874085126599915,7061.416449414734,-79359.88875928104,-137.13739805160012,-3970286.602464146,-79359.88875928104,-137.13739805160012,-3970286.602464146,-79384.93432605034,-159.01148317820002,-3977348.0189135605,Poconos and Kittatinny,Phase 2,Cherry Valley
Phase 2 Upper Neversink,8649.9809,23873.173334839757,965.9015299669218,731311.4796840468,556.3008093368935,67.2613002235131,0.0,0.0,0.0,-124338.30143749714,-1782.8538492565913,-7259540.8757359525,0.0,0.0,0.0,0.0,0.0,0.0,0.0,0.0,0.0,-124338.30143749714,-1782.8538492565913,-7259540.8757359525,-124338.30143749714,-1782.8538492565913,-7259540.8757359525,-124338.30143749714,-1782.8538492565913,-7259540.8757359525,Poconos and Kittatinny,Phase 2,Upper Neversink
Phase 2 Brodhead,18263.0412,40355.60640780966,2577.6685091856507,2901587.5309319515,1495.956289391462,273.9938667767525,28.18308065317069,264.2205691608802,13180.044464305667,-272890.4631655818,-3357.868129591102,-13969809.929628048,0.0,0.0,0.0,0.0,0.0,0.0,7.796801013300517,8.336304829399943,277.64067900550117,-272890.4631655818,-3357.868129591102,-13969809.929628048,-272890.4631655818,-3357.868129591102,-13969809.929628048,-272898.2599665951,-3366.204434420502,-13970087.570307054,Poconos and Kittatinny,Phase 2,Brodhead
Phase 1 French Creek Headwaters,4599.8253,64849.15640726643,3183.6619042552975,2002315.6928937836,1.94968214095746,38.0247610417223,2.653647170260456,24.39560423991999,1068.8019907463022,-13671.811145874526,1719.6913002135752,-2247002.9192462163,45.53764786649981,23.15946181619998,776.4782198729954,45.53764786649981,23.15946181619998,776.4782198729954,84.41965551409064,59.109662416000056,4040.5427792326013,-13717.348793741026,1696.5318383973752,-2247779.3974660896,-13717.348793741026,1696.5318383973752,-2247779.3974660896,-13756.230801388616,1660.5816377975752,-2251043.4620254487,Schuylkill Highlands,Phase 1,French Creek Headwaters
Phase 2 Beaver Run/Hay Creek,1758.9563,14270.538047944994,1155.859646723837,341237.167294189,0.0,0.0,4.186022580540339,38.68560728348001,1678.9140566120038,-15754.845993055007,610.5831937238369,-1283686.662645811,0.0,0.0,0.0,0.0,0.0,0.0,34.37411513890072,39.59702967599997,663.9660228673883,-15754.845993055007,610.5831937238369,-1283686.662645811,-15754.845993055007,610.5831937238369,-1283686.662645811,-15789.22010819391,570.986164047837,-1284350.6286686785,Schuylkill Highlands,Phase 2,Beaver Run/Hay Creek
Phase 2 Pine Creek/Pickering Creek,316.5701,5113.63481784,207.861322022161,403978.02422369,0.0,0.0,0.0,0.0,0.0,-290.2167891599997,109.72459102216101,111530.56584368997,9.235837805400479,2.6560482828000147,7926.747755546996,9.235837805400479,2.6560482828000147,7926.747755546996,15.479726768400722,9.652511648400008,7980.186310077959,-299.45262696540016,107.06854273936099,103603.81808814299,-299.45262696540016,107.06854273936099,103603.81808814299,-305.69651592840046,100.072079373761,103550.37953361202,Schuylkill Highlands,Phase 2,Pine Creek/Pickering Creek
Phase 2 Pine Creek/French Creek,1186.8289,9626.52717482966,762.419540454362,296869.957700981,0.0,0.0,0.0,0.0,0.0,-10632.64214817034,394.502581454362,-799522.5801190189,0.0,0.0,0.0,0.0,0.0,0.0,1.709034451700063,1.7063265094000144,637.2708077260177,-10632.64214817034,394.502581454362,-799522.5801190189,-10632.64214817034,394.502581454362,-799522.5801190189,-10634.351182622042,392.7962549449619,-800159.8509267449,Schuylkill Highlands,Phase 2,Pine Creek/French Creek
Phase 2 Pigeon Run,592.0328,8740.66269023181,378.53313399203,185705.5763950443,0.0,0.0,0.0,0.0,0.0,-1365.3372057681909,195.00296599203,-361214.3242449557,24.583791996799846,11.004103219200005,8086.511119728006,24.583791996799846,11.004103219200005,8086.511119728006,31.735824481989766,17.789709570399992,8509.407169040802,-1389.9209977649907,183.99886277283002,-369300.83536468365,-1389.9209977649907,183.99886277283002,-369300.83536468365,-1397.0730302501806,177.21325642163004,-369723.73141399643,Schuylkill Highlands,Phase 2,Pigeon Run
Phase 2 Rock Run,874.2686,7180.21537382446,483.865020038099,140300.095784511,0.0,0.0,0.0,0.0,0.0,-7743.54962817554,212.84175403809903,-667349.2368954889,205.4789727439993,74.68407336959996,3058.707681906002,205.4789727439993,74.68407336959996,3058.707681906002,207.0622641494001,75.98494745879998,3291.691791153018,-7949.02860091954,138.1576806684991,-670407.944577395,-7949.02860091954,138.1576806684991,-670407.944577395,-7950.6118923249405,136.85680657929908,-670640.928686642,Schuylkill Highlands,Phase 2,Rock Run
Phase 1 Pigeon Creek,2697.5104,34202.6675577797,1874.5024279250943,945448.1634863891,0.0,0.0,0.0,0.0,0.0,-11843.834970220301,1038.2742039250943,-1546511.9440336106,1.3968177857996125,0.5374011287999849,523.6228190640104,1.3968177857996125,0.5374011287999849,523.6228190640104,34.259606311400574,31.893370903999966,4176.337936505127,-11845.2317880061,1037.7368027962943,-1547035.5668526748,-11845.2317880061,1037.7368027962943,-1547035.5668526748,-11878.094576531701,1006.3808330210945,-1550688.2819701158,Schuylkill Highlands,Phase 1,Pigeon Creek
Phase 1 Schuylkill River,24.4618,108.7227840520178,4.14533043077417,8141.867759347363,0.0,0.0,0.0,0.0,0.0,-308.8401419479822,-3.437827569225831,-14455.943080652638,0.0,0.0,0.0,0.0,0.0,0.0,0.002290323899998725,0.0017241474000000423,0.24262713119969703,-308.8401419479822,-3.437827569225831,-14455.943080652638,-308.8401419479822,-3.437827569225831,-14455.943080652638,-308.8424322718822,-3.439551716625831,-14456.185707783838,Schuylkill Highlands,Phase 1,Schuylkill River
Phase 2 Sixpenny,645.2163,664.185228295303,84.9018078323515,146610.804812699,0.0,0.0,0.0,0.0,0.0,-10349.657012704698,-115.11524516764851,-449440.013127301,0.0,0.0,0.0,0.0,0.0,0.0,0.07318704360000083,0.0742098969999887,24.534837484010495,-10349.657012704698,-115.11524516764851,-449440.013127301,-10349.657012704698,-115.11524516764851,-449440.013127301,-10349.730199748297,-115.1894550646485,-449464.547964785,Schuylkill Highlands,Phase 2,Sixpenny
Phase 1 Sixpenny/Hay Creek,3332.0867,29868.166448328713,2578.7393088633107,999227.2820313831,8.90491235597112,26.3558417374856,0.0005296984300002805,0.004986784100992736,0.24628876950009726,-27019.45843302726,1519.4365901258254,-2078954.4114286168,0.0,0.0,0.0,0.0,0.0,0.0,15.087899799399942,16.383738530599196,1271.392826962485,-27019.45843302726,1519.4365901258254,-2078954.4114286168,-27019.45843302726,1519.4365901258254,-2078954.4114286168,-27034.54633282666,1503.052851595226,-2080225.8042555791,Schuylkill Highlands,Phase 1,Sixpenny/Hay Creek
Phase 2 Bryn Coed,653.2818,18080.22129454287,1013.157574547375,420150.51839827467,0.0,0.0,0.4127995277303853,3.788682027560015,158.49818905699067,6928.700968542869,810.6402165473748,-183351.2084417253,0.33104338189968985,0.031680368400031966,17.11804028597544,0.33104338189968985,0.031680368400031966,17.11804028597544,7.5016020144094,5.550239318199999,864.0604824267793,6928.36992516097,810.6085361789749,-183368.32648201124,6928.36992516097,810.6085361789749,-183368.32648201124,6921.19936652846,805.089977229175,-184215.26892415207,Schuylkill Highlands,Phase 2,Bryn Coed
Phase 1 Stony Creek,1468.5201,26195.5737495932,2034.69036015791,1756512.47065988,0.0,0.0,0.0,0.0,0.0,1127.9356425932021,1579.4491291579097,399893.60227987997,0.0,0.0,0.0,0.0,0.0,0.0,45.90256204800244,42.71287547520001,2127.447521809954,1127.9356425932021,1579.4491291579097,399893.60227987997,1127.9356425932021,1579.4491291579097,399893.60227987997,1082.0330805451997,1536.7362536827097,397766.1547580701,Schuylkill Highlands,Phase 1,Stony Creek
Phase 2 South Branch French Creek,3516.2009000000003,63524.56907702208,3306.5882084968543,1781036.356553572,0.0,0.0,4.846795277479032,46.08567593018043,2147.988765201997,3503.0197140220816,2216.565929496854,-1467230.034866428,126.4237084123979,34.3255450491998,5373.693936005904,126.4237084123979,34.3255450491998,5373.693936005904,200.1145702440985,109.40548020819953,9165.77324388005,3376.596005609682,2182.2403844476544,-1472603.7288024342,3376.596005609682,2182.2403844476544,-1472603.7288024342,3302.9051437779817,2107.1604492886545,-1476395.8081103081,Schuylkill Highlands,Phase 2,South Branch French Creek
Phase 2 Upper French Creek,767.1606,9834.02645900258,855.311974869554,281526.909603065,28.148454283362,13.7752059812076,0.0,0.0,0.0,-3289.553437280783,603.7169828883465,-427176.05267693504,0.0,0.0,0.0,0.0,0.0,0.0,2.262476532800065,1.8547014160000117,332.5629288459895,-3289.553437280783,603.7169828883465,-427176.05267693504,-3289.553437280783,603.7169828883465,-427176.05267693504,-3291.815913813583,601.8622814723464,-427508.615605781,Schuylkill Highlands,Phase 2,Upper French Creek
Phase 2 Welkinweir/Beaver Run,165.6616,2084.0114877458277,103.09411635236755,49937.18469708012,0.0,0.0,0.25203321826006686,2.285113130840003,97.89075970019621,-743.8320242541721,51.73902035236755,-103101.00138291986,176.57002071889997,68.8807880732002,25806.3673628094,176.57002071889997,68.8807880732002,25806.3673628094,179.97255908449984,72.41801718240022,25951.976551857904,-920.4020449730721,-17.141767720832647,-128907.36874572925,-920.4020449730721,-17.141767720832647,-128907.36874572925,-923.8045833386719,-20.678996830032666,-129052.97793477777,Schuylkill Highlands,Phase 2,Welkinweir/Beaver Run
Phase 2 Upper Birch Run,1695.1867,29128.931846744723,1185.2524786146935,672101.3504034557,0.0,0.0,0.0,0.0,0.0,192.09487774472046,659.7446016146934,-893912.1230565443,4.308483597700956,1.2295764013999841,781.2779509537113,4.308483597700956,1.2295764013999841,781.2779509537113,23.658315190700165,19.305067337600924,2296.7419844832925,187.7863941470194,658.5150252132935,-894693.401007498,187.7863941470194,658.5150252132935,-894693.401007498,168.43656255402072,640.4395342770924,-896208.8650410275,Schuylkill Highlands,Phase 2,Upper Birch Run
Phase 1 Lehigh River Headwaters,1049.9669,2193.175576394106,179.75864419928845,183180.75352906654,0.0,0.0,3.027703654420008,26.81695083498,1184.2745496374396,-15729.759406605894,-145.73109480071153,-786778.6686909334,0.0,0.0,0.0,0.0,0.0,0.0,0.01908092640002934,0.01584766999999898,2.26720310069868,-15729.759406605894,-145.73109480071153,-786778.6686909334,-15729.759406605894,-145.73109480071153,-786778.6686909334,-15729.778487532294,-145.74694247071153,-786780.9358940341,Upper Lehigh,Phase 1,Lehigh River Headwaters
Phase 2 Thornhurst,2002.9027,4289.924551549476,408.18219785764836,399259.4199829227,0.0,0.0,0.0,0.0,0.0,-29899.624537450523,-212.71763914235166,-1451022.0942770774,0.0,0.0,0.0,0.0,0.0,0.0,0.05900665900009017,0.04469659499999956,6.720066337297794,-29899.624537450523,-212.71763914235166,-1451022.0942770774,-29899.624537450523,-212.71763914235166,-1451022.0942770774,-29899.683544109525,-212.76233573735166,-1451028.8143434147,Upper Lehigh,Phase 2,Thornhurst
Phase 2 Tobyhanna Tunkhannock,6814.3685000000005,14945.252732661116,990.3709936699378,1240653.0306327124,522.547597510868,2.74401167501507,2.1558883548000267,20.025269805600402,910.5194168140006,-101898.56515984975,-1124.8272530050772,-5054460.589667288,0.0,0.0,0.0,0.0,0.0,0.0,17.393236969300098,19.124145666799983,163.54684846491,-101898.56515984975,-1124.8272530050772,-5054460.589667288,-101898.56515984975,-1124.8272530050772,-5054460.589667288,-101915.95839681906,-1143.9513986718773,-5054624.136515752,Upper Lehigh,Phase 2,Tobyhanna Tunkhannock
Phase 1 Kittatinny Ridge,5625.4573,15978.13946071505,1980.4110188597945,1359945.8019030858,586.454657099514,121.4331429375458,5.067131597759726,47.08178953776007,1885.2786775399582,-80634.87130738446,115.08611292224867,-3836851.651836914,0.0,0.0,0.0,0.0,0.0,0.0,23.331221808100146,21.43398123579989,4427.973990861252,-80634.87130738446,115.08611292224867,-3836851.651836914,-80634.87130738446,115.08611292224867,-3836851.651836914,-80658.20252919257,93.65213168644883,-3841279.6258277753,Upper Lehigh,Phase 1,Kittatinny Ridge
Phase 2 Bear Creek,3263.8812,4942.638542037257,416.37958566809846,535128.1375878719,0.0,0.0,14.276463063430025,130.62871056716034,6235.338580135505,-50771.81354196274,-595.4235863319016,-2480045.314972128,0.0,0.0,0.0,0.0,0.0,0.0,0.03066004630015584,0.006125256200000706,2.7365821419843996,-50771.81354196274,-595.4235863319016,-2480045.314972128,-50771.81354196274,-595.4235863319016,-2480045.314972128,-50771.844202009044,-595.4297115881016,-2480048.05155427,Upper Lehigh,Phase 2,Bear Creek
Phase 1 Bear Creek,7167.2606,22667.42266329326,1578.9047901851698,1456949.658186637,0.0,0.0,8.193425007739876,72.60732099237997,3299.2122491310274,-99677.71577870674,-642.9459958148303,-5164165.684093363,0.0,0.0,0.0,0.0,0.0,0.0,0.3436697047005026,0.2444720931998159,38.40359742287728,-99677.71577870674,-642.9459958148303,-5164165.684093363,-99677.71577870674,-642.9459958148303,-5164165.684093363,-99678.05944841144,-643.1904679080302,-5164204.0876907855,Upper Lehigh,Phase 1,Bear Creek
Phase 2 Blue Ridge,8838.3985,24289.029825183126,1270.2930035117397,887012.6226780466,1.37988683337655,0.139587333906431,0.0,0.0,0.0,-126583.81245665025,-1469.7501188221665,-7277899.911621953,0.0,0.0,0.0,0.0,0.0,0.0,1.0669879623995868,1.1369558209999746,18.609501477426647,-126583.81245665025,-1469.7501188221665,-7277899.911621953,-126583.81245665025,-1469.7501188221665,-7277899.911621953,-126584.87944461266,-1470.8870746431664,-7277918.521123431,Upper Lehigh,Phase 2,Blue Ridge
Phase 1 Wild Creek,720.6362,333.36097644917606,37.97560820549459,48500.16560811455,0.0,0.0,0.0,0.0,0.0,-11967.898957550824,-185.4216137945054,-617223.5559518854,0.0,0.0,0.0,0.0,0.0,0.0,0.1734636368000917,0.1585763979999999,43.63429687056896,-11967.898957550824,-185.4216137945054,-617223.5559518854,-11967.898957550824,-185.4216137945054,-617223.5559518854,-11968.072421187626,-185.58019019250543,-617267.190248756,Upper Lehigh,Phase 1,Wild Creek
Phase 2 Clifton,2540.5009999999997,5391.238589842024,489.7046997372296,702496.2794183884,0.0,0.0,0.0,0.0,0.0,-37975.113480157976,-297.8506102627704,-1644418.5443816115,0.0,0.0,0.0,0.0,0.0,0.0,0.2858500192998008,0.06965246239997569,24.33435355410984,-37975.113480157976,-297.8506102627704,-1644418.5443816115,-37975.113480157976,-297.8506102627704,-1644418.5443816115,-37975.39933017727,-297.92026272517035,-1644442.8787351656,Upper Lehigh,Phase 2,Clifton
Phase 2 Fogal Smith,2534.8466,6193.673321350586,364.8331324983249,336194.6040527541,17.0027536700907,16.851296933756,1.0957766139999876,9.929449425959998,474.9078926949005,-37093.1608943195,-437.820610435431,-2005496.6850272457,0.0,0.0,0.0,0.0,0.0,0.0,0.2616818003997565,0.263341123999993,52.530856834691804,-37093.1608943195,-437.820610435431,-2005496.6850272457,-37093.1608943195,-437.820610435431,-2005496.6850272457,-37093.422576119905,-438.08395155943106,-2005549.2158840804,Upper Lehigh,Phase 2,Fogal Smith
Phase 1 Tobyhanna/Tunkhannock Creek,1228.2051,1758.4140185712815,112.370266581859,154353.11866462705,0.0,0.0,0.0,0.0,0.0,-19207.04703842872,-268.373314418141,-980262.752715373,0.0,0.0,0.0,0.0,0.0,0.0,0.03685262640001952,0.016469529200001887,4.713831459199355,-19207.04703842872,-268.373314418141,-980262.752715373,-19207.04703842872,-268.373314418141,-980262.752715373,-19207.083891055117,-268.38978394734096,-980267.466546832,Upper Lehigh,Phase 1,Tobyhanna/Tunkhannock Creek
Phase 2 Kittatinny Ridge East,3670.2171000000003,14499.040358211738,1425.1804219816013,468310.91143544036,9378.59672500101,828.090960621573,65.68335880993011,610.8620322525602,24565.780718274265,-57530.16226378927,-540.6778396399717,-2922235.6455445597,0.0,0.0,0.0,0.0,0.0,0.0,4.949508904998886,4.347225452999907,1015.2843995763101,-57530.16226378927,-540.6778396399717,-2922235.6455445597,-57530.16226378927,-540.6778396399717,-2922235.6455445597,-57535.111772694276,-545.0250650929717,-2923250.9299441357,Upper Lehigh,Phase 2,Kittatinny Ridge East
Phase 1 Mud Run,2672.608,3823.5395623834806,256.23307979164895,251861.47296995975,0.0,0.0,0.0,0.0,0.0,-41797.87899761652,-572.275400208351,-2217093.79743004,0.0,0.0,0.0,0.0,0.0,0.0,0.3299562796998998,0.3272312146000047,42.609060202899855,-41797.87899761652,-572.275400208351,-2217093.79743004,-41797.87899761652,-572.275400208351,-2217093.79743004,-41798.20895389622,-572.602631422951,-2217136.406490243,Upper Lehigh,Phase 1,Mud Run
Phase 2 Jim Thorpe,7196.427,10378.370147079264,1043.729661637314,1325421.2586909002,0.0,0.0,0.0,0.0,0.0,-112464.63874292074,-1187.162708362686,-5322638.0039091,0.0,0.0,0.0,0.0,0.0,0.0,11.607215061799316,12.59941575479999,645.4602483731187,-112464.63874292074,-1187.162708362686,-5322638.0039091,-112464.63874292074,-1187.162708362686,-5322638.0039091,-112476.24595798254,-1199.762124117486,-5323283.464157472,Upper Lehigh,Phase 2,Jim Thorpe
Phase 2 Jenkintown,479.4072,8039.93654687868,193.422928403838,296510.1283036077,0.0,0.0,0.0,0.0,0.0,-143.54435712132022,44.80669640383799,-146366.2430563923,145.97538524400034,40.03885589159998,44028.365388247,145.97538524400034,40.03885589159998,44028.365388247,146.5845463592002,40.14343266339999,44080.40501767601,-289.51974236532055,4.76784051223801,-190394.6084446393,-289.51974236532055,4.76784051223801,-190394.6084446393,-290.1289034805204,4.663263740437996,-190446.6480740683,Upstream Suburban Philadelphia,Phase 2,Jenkintown
Phase 1 Indian Creek,210.70409999999998,4551.591650935323,86.39062293630678,122817.07902032274,0.0,0.0,0.0,0.0,0.0,954.8726639353225,21.07235193630679,-71831.36855967726,0.0,0.0,0.0,0.0,0.0,0.0,5.365600000000086,5.226100000000002,91.85529999999562,954.8726639353225,21.07235193630679,-71831.36855967726,954.8726639353225,21.07235193630679,-71831.36855967726,949.5070639353224,15.84625193630679,-71923.22385967725,Upstream Suburban Philadelphia,Phase 1,Indian Creek
Phase 1 Wissahickon Creek,1882.8479,14693.84351537158,1338.7870943808448,1987109.8591046701,6283.16693780022,372.555382449266,0.0,0.0,0.0,-23729.53707542864,382.54886293157887,247734.96908467024,164.7430747694998,98.76668541300386,53390.979939260054,164.7430747694998,98.76668541300386,53390.979939260054,176.05221800279978,108.97672354000419,54166.43851672512,-23894.280150198138,283.78217751857505,194343.98914541025,-23894.280150198138,283.78217751857505,194343.98914541025,-23905.58929343144,273.5721393915747,193568.53056794516,Upstream Suburban Philadelphia,Phase 1,Wissahickon Creek
Phase 1 Sandy/Rapp Run,2844.0778,71015.2928936451,5587.7430843361835,2649995.137830512,49922.59052833219,4468.14538716022,0.0,0.0,0.0,-27455.705680687097,237.93357917596418,22636.066190512323,315.5318333375035,42.92515643500019,77281.43787065009,315.5318333375035,42.92515643500019,77281.43787065009,324.1678050706043,49.233732589000425,77715.92998787561,-27771.2375140246,195.008422740964,-54645.37168013776,-27771.2375140246,195.008422740964,-54645.37168013776,-27779.8734857577,188.69984658696376,-55079.86379736329,Upstream Suburban Philadelphia,Phase 1,Sandy/Rapp Run
Phase 1 Pennypack Creek,977.6112,6912.165746357774,583.6166066699487,806470.9060222607,0.0,0.0,0.0,0.0,0.0,-9775.657437642229,280.5571346699487,-96646.32053773936,57.693823035199784,28.545603322400034,35557.52286968605,57.693823035199784,28.545603322400034,35557.52286968605,62.09601256639928,32.53082320320002,35718.742917928204,-9833.351260677427,252.01153134754867,-132203.84340742542,-9833.351260677427,252.01153134754867,-132203.84340742542,-9837.753450208627,248.02631146674867,-132365.06345566758,Upstream Suburban Philadelphia,Phase 1,Pennypack Creek
Phase 2 Sandy Run,230.3062,2882.63264051986,114.522277486862,253743.9922269,0.0,0.0,0.0,0.0,0.0,-1048.6941934801396,43.127355486861994,40987.12466690005,5.4519655553999655,2.832318090000001,2801.5200539370126,5.4519655553999655,2.832318090000001,2801.5200539370126,5.475764532000085,2.8364142113999975,2803.761593186995,-1054.1461590355395,40.29503739686199,38185.60461296304,-1054.1461590355395,40.29503739686199,38185.60461296304,-1054.1699580121397,40.290941275461996,38183.36307371305,Upstream Suburban Philadelphia,Phase 2,Sandy Run
Phase 1 Tookany Creek,3940.2992,149725.7786401419,2323.3156613382657,3207339.235711807,0.0,0.0,0.0,0.0,0.0,82464.87129614192,1101.8229093382656,-432709.16524819273,131.80091404500126,78.35912260679993,29860.286169040017,131.80091404500126,78.35912260679993,29860.286169040017,157.31005846580436,98.72659771340011,30688.43725864312,82333.07038209692,1023.4637867314658,-462569.45141723275,82333.07038209692,1023.4637867314658,-462569.45141723275,82307.56123767611,1003.0963116248656,-463397.6025068358,Upstream Suburban Philadelphia,Phase 1,Tookany Creek
Phase 2 Muddy Run,3662.5238,60319.42876237704,2770.1809872593353,2004343.566549618,810.440268656421,68.47634154169191,0.0,0.0,0.0,-3010.2927722793756,1566.3222677176434,-1379095.9198903819,12.45396486189793,5.4641852039999605,5241.920770452984,12.45396486189793,5.4641852039999605,5241.920770452984,19.73469599590112,9.612827175400035,5664.962707769755,-3022.746737141273,1560.8580825136435,-1384337.840660835,-3022.746737141273,1560.8580825136435,-1384337.840660835,-3030.0274682752765,1556.7094405422436,-1384760.882598152,drb,Phase 2,Muddy Run
