huc10,huc10_name,comid,nord,in_drb,huc08,catchment_hectares,tn_load,tp_load,tss_load,tn_load_ps,tp_load_ps,tn_load_avoid,tp_load_avoid,tss_load_avoid,tn_load_xsnps,tp_load_xsnps,tss_load_xsnps,tn_load_red1,tp_load_red1,tss_load_red1,tn_load_red2,tp_load_red2,tss_load_red2,tn_load_red3,tp_load_red3,tss_load_red3,tn_load_rem1,tp_load_rem1,tss_load_rem1,tn_load_rem2,tp_load_rem2,tss_load_rem2,tn_load_rem3,tp_load_rem3,tss_load_rem3
0204010101,Upper West Branch Delaware River,2612826,74277,True,02040101,51001.7886,156151.71908884746,11983.746298324519,7735084.330855546,0.0,0.0,0.0,0.0,0.0,-714448.8123131525,-3826.8081676754814,-39380367.97782445,0.0,0.0,0.0,0.0,0.0,0.0,0.0,0.0,0.0,-714448.8123131525,-3826.8081676754814,-39380367.97782445,-714448.8123131525,-3826.8081676754814,-39380367.97782445,-714448.8123131525,-3826.8081676754814,-39380367.97782445
0204010102,Middle West Branch Delaware River,2614138,74141,True,02040101,66948.2854,270226.96465598047,17310.924691301207,10698522.523435626,44066.49973770357,393.45470613050554,0.0,0.0,0.0,-916646.7668597231,-3836.4984888292984,-51148303.52908437,0.0,0.0,0.0,0.0,0.0,0.0,0.0,0.0,0.0,-916646.7668597231,-3836.4984888292984,-51148303.52908437,-916646.7668597231,-3836.4984888292984,-51148303.52908437,-916646.7668597231,-3836.4984888292984,-51148303.52908437
0204010103,Lower West Branch Delaware River,2617290,73934,True,02040101,54778.443,183366.64518320997,14383.009423514859,6922482.621528971,2201.523762904062,291.8120563873261,0.0,0.0,0.0,-753902.9005896942,-2890.119962872467,-43681843.02187103,27.285398478099975,16.2665940262,3289.5119161691,27.285398478099975,16.2665940262,3289.5119161691,66.90940531570102,50.25704609119995,6774.195425205699,-753930.1859881722,-2906.386556898667,-43685132.5337872,-753930.1859881722,-2906.386556898667,-43685132.5337872,-753969.8099950098,-2940.3770089636673,-43688617.217296235
0204010104,Upper Delaware River,2616816,73702,True,02040101,42273.9588,105670.94561801292,9799.261443964235,5376243.024494096,8437.564612656537,976.4229407058161,0.0,0.0,0.0,-624383.0957106437,-4282.088724741582,-33676440.1149459,0.0,0.0,0.0,0.0,0.0,0.0,87.44809603789898,67.36685471679972,7323.10035280182,-624383.0957106437,-4282.088724741582,-33676440.1149459,-624383.0957106437,-4282.088724741582,-33676440.1149459,-624470.5438066815,-4349.455579458382,-33683763.215298705
0204010105,Middle Delaware River,2617486,73565,True,02040101,46119.2838,105524.56890873991,11408.344809246208,7077805.593388075,1969.75860665487,168.533912595569,0.0,0.0,0.0,-683701.3641639149,-3057.1670813493615,-35527188.78105193,0.0,0.0,0.0,0.0,0.0,0.0,54.2861381867004,40.27021344239997,3997.992896164101,-683701.3641639149,-3057.1670813493615,-35527188.78105193,-683701.3641639149,-3057.1670813493615,-35527188.78105193,-683755.6503021017,-3097.437294791762,-35531186.77394809
0204010106,Lower Delaware River,2619256,73297,True,02040101,46981.6186,110645.81527457971,10769.49510125802,7316000.034178817,3610.763520369052,281.5111370445484,0.0,0.0,0.0,-694941.1777477893,-4076.3178017865284,-36085619.22850118,0.0,0.0,0.0,0.0,0.0,0.0,248.27109670740006,187.28046201940091,20306.866546012352,-694941.1777477893,-4076.3178017865284,-36085619.22850118,-694941.1777477893,-4076.3178017865284,-36085619.22850118,-695189.4488444967,-4263.5982638059295,-36105926.09504719
0204010201,Willowemoc Creek,1750427,74638,True,02040102,33835.5105,71538.19491150501,5559.2784202739595,4314082.52271477,4977.76900098225,1144.23088441825,0.0,0.0,0.0,-511011.7383244773,-6073.960719144291,-26943162.07718523,0.0,0.0,0.0,0.0,0.0,0.0,0.0,0.0,0.0,-511011.7383244773,-6073.960719144291,-26943162.07718523,-511011.7383244773,-6073.960719144291,-26943162.07718523,-511011.7383244773,-6073.960719144291,-26943162.07718523
0204010202,Beaver Kill,1752843,74589,True,02040102,43599.6765,92533.28147422495,5933.833100909397,4198463.775345311,0.0,0.0,0.0,0.0,0.0,-651713.1963807751,-7582.066614090602,-36078917.375354685,0.0,0.0,0.0,0.0,0.0,0.0,0.0,0.0,0.0,-651713.1963807751,-7582.066614090602,-36078917.375354685,-651713.1963807751,-7582.066614090602,-36078917.375354685,-651713.1963807751,-7582.066614090602,-36078917.375354685
0204010203,Upper East Branch Delaware River,1748587,74889,True,02040102,55061.1569,109729.90715641664,10079.975144586524,8159314.79287693,0.0,0.0,0.0,0.0,0.0,-830164.0411265834,-6988.9834944134755,-42706181.95134307,0.0,0.0,0.0,0.0,0.0,0.0,0.0,0.0,0.0,-830164.0411265834,-6988.9834944134755,-42706181.95134307,-830164.0411265834,-6988.9834944134755,-42706181.95134307,-830164.0411265834,-6988.9834944134755,-42706181.95134307
0204010204,Middle East Branch Delaware River,1748773,74873,True,02040102,41029.0663,88763.04908175301,7406.355908443945,4690351.677477456,0.0,0.0,0.0,0.0,0.0,-611603.112659247,-5312.654644556055,-33212299.770462543,0.0,0.0,0.0,0.0,0.0,0.0,0.0,0.0,0.0,-611603.112659247,-5312.654644556055,-33212299.770462543,-611603.112659247,-5312.654644556055,-33212299.770462543,-611603.112659247,-5312.654644556055,-33212299.770462543
0204010205,Lower East Branch Delaware River,1752159,74523,True,02040102,43946.4611,122659.2526717524,7635.030243319107,3784729.033111251,0.0,0.0,0.0,0.0,0.0,-627506.8383052476,-5988.372697680892,-36813011.731068745,0.0,0.0,0.0,0.0,0.0,0.0,0.0,0.0,0.0,-627506.8383052476,-5988.372697680892,-36813011.731068745,-627506.8383052476,-5988.372697680892,-36813011.731068745,-627506.8383052476,-5988.372697680892,-36813011.731068745
0204010301,West Branch Lackawaxen River,2739836,72986,True,02040103,23880.087,117487.68277416166,13158.299291612677,3769167.042081145,60933.89474138348,5702.731162809201,0.0,0.0,0.0,-351079.2970572218,52.74115880347672,-18291257.328518853,0.0,0.0,0.0,0.0,0.0,0.0,368.3346342002976,289.9470398685993,27831.101614567815,-351079.2970572218,52.74115880347672,-18291257.328518853,-351079.2970572218,52.74115880347672,-18291257.328518853,-351447.63169142214,-237.20588106512255,-18319088.43013342
0204010302,Dyberry Creek,2739540,73127,True,02040103,18119.5018,41915.655229811186,4540.884361311428,1920798.4640335827,590.177497135353,50.2202981101092,0.0,0.0,0.0,-267974.41799332417,-1126.3814947986816,-14817997.298806416,0.0,0.0,0.0,0.0,0.0,0.0,137.48871374770403,102.92564468939992,10354.97918752087,-267974.41799332417,-1126.3814947986816,-14817997.298806416,-267974.41799332417,-1126.3814947986816,-14817997.298806416,-268111.9067070719,-1229.3071394880815,-14828352.277993938
0204010303,Middle Creek,2743080,72880,True,02040103,21286.1586,52289.675370781086,7139.459382994522,3555152.7991841906,5.52676492903517,22.5173937934356,0.0,0.0,0.0,-311070.57869614795,518.2328232010856,-16109000.515495809,0.0,0.0,0.0,0.0,0.0,0.0,198.45649095539653,193.02902178980028,17616.12453032439,-311070.57869614795,518.2328232010856,-16109000.515495809,-311070.57869614795,518.2328232010856,-16109000.515495809,-311269.0351871033,325.2038014112854,-16126616.640026134
0204010304,West Branch Wallenpaupack Creek,2742850,72653,True,02040103,17474.6647,44198.52227477238,5904.054281917412,4968571.25347843,6.21925979060789,1.93500256038949,0.0,0.0,0.0,-254100.22341401823,484.9732223570219,-11174523.99638157,0.0,0.0,0.0,0.0,0.0,0.0,82.78845301859992,80.36789700980104,8464.443597014722,-254100.22341401823,484.9732223570219,-11174523.99638157,-254100.22341401823,484.9732223570219,-11174523.99638157,-254183.01186703684,404.6053253472208,-11182988.439978585
0204010305,Wallenpaupack Creek,2743218,72535,True,02040103,41057.9557,119512.0275176309,10966.478984028983,12070237.493994717,5646.20134710946,482.5497540075385,0.0,0.0,0.0,-586993.4776284785,-2244.037036978556,-25859101.981665283,0.0,0.0,0.0,0.0,0.0,0.0,55.569223684000434,54.834689913199746,7328.296576072629,-586993.4776284785,-2244.037036978556,-25859101.981665283,-586993.4776284785,-2244.037036978556,-25859101.981665283,-587049.0468521626,-2298.8717268917558,-25866430.278241355
0204010306,Lackawaxen River,2741462,72447,True,02040103,32938.8929,82321.35966710252,9523.766676185254,7809564.4923450975,5503.97372549071,2110.360947369789,0.0,0.0,0.0,-485449.5158613882,-2797.651070184535,-22619384.7686749,0.0,0.0,0.0,0.0,0.0,0.0,186.8751642313895,161.48823057919958,13693.698365925136,-485449.5158613882,-2797.651070184535,-22619384.7686749,-485449.5158613882,-2797.651070184535,-22619384.7686749,-485636.3910256196,-2959.1393007637344,-22633078.467040826
0204010401,Mongaup River,4151446,71800,True,02040104,53969.192,115883.49131632081,9260.499039740282,8809432.672031859,5715.144592710723,229.7018157403077,0.0,0.0,0.0,-811085.76071639,-7699.652296000026,-41047306.89756814,0.0,0.0,0.0,0.0,0.0,0.0,0.0,0.0,0.0,-811085.76071639,-7699.652296000026,-41047306.89756814,-811085.76071639,-7699.652296000026,-41047306.89756814,-811085.76071639,-7699.652296000026,-41047306.89756814
0204010402,Basher Kill,4147706,71472,True,02040104,18760.1414,51895.23662316743,2782.3694857330433,2083760.537720816,0.0,0.0,0.0,0.0,0.0,-268340.37707483256,-3033.2743482669566,-15246858.087599183,0.0,0.0,0.0,0.0,0.0,0.0,0.0,0.0,0.0,-268340.37707483256,-3033.2743482669566,-15246858.087599183,-268340.37707483256,-3033.2743482669566,-15246858.087599183,-268340.37707483256,-3033.2743482669566,-15246858.087599183
0204010403,Neversink River,4151522,71291,True,02040104,71595.0978,287989.3215411862,25220.879120976846,13085347.809340699,25224.385312055034,12336.13721170759,0.0293537536200148,0.26290539580000116,11.10806425679857,-959363.3832168689,-9309.738408730746,-53054203.5382993,0.0,0.0,0.0,0.0,0.0,0.0,0.034474996699614735,0.005609681199984173,3.3914878197119833,-959363.3832168689,-9309.738408730746,-53054203.5382993,-959363.3832168689,-9309.738408730746,-53054203.5382993,-959363.4176918656,-9309.744018411946,-53054206.929787114
0204010404,Shahola Creek,4151396,72197,True,02040104,22104.0546,45190.072103454964,2726.73903139301,3016486.9848282654,505.213183805744,506.85604241187104,0.0,0.0,0.0,-332631.3531023508,-4632.373937018861,-17403238.654651735,0.0,0.0,0.0,0.0,0.0,0.0,3.2380489240992434,2.890029826800064,124.98248500185935,-332631.3531023508,-4632.373937018861,-17403238.654651735,-332631.3531023508,-4632.373937018861,-17403238.654651735,-332634.5911512749,-4635.263966845661,-17403363.637136735
0204010405,Halfway Brook-Delaware River,4158256,71290,True,02040104,40053.3299,166093.15306814353,5562.873817626244,5069894.546840411,15.8841794527917,119.68668347250599,0.20873989731978781,1.9093834561999916,79.52920836623434,-517633.0725043093,-6973.345134846262,-31931371.614779588,0.0,0.0,0.0,0.0,0.0,0.0,29.82798154360056,34.620315110600046,50.030700860560785,-517633.0725043093,-6973.345134846262,-31931371.614779588,-517633.0725043093,-6973.345134846262,-31931371.614779588,-517662.9004858529,-7007.965449956862,-31931421.645480447
0204010406,Bush Kill,4151824,70788,True,02040104,40870.4553,83686.84610865978,4136.260498678738,4152252.2981345966,2987.4630290541063,394.24292293965175,94.70893295736998,837.3400581287401,38885.69318356782,-616959.2888913944,-8927.823567260913,-33603874.3080054,0.0,0.0,0.0,0.0,0.0,0.0,29.519743436199228,31.606381227600945,241.03721143255177,-616959.2888913944,-8927.823567260913,-33603874.3080054,-616959.2888913944,-8927.823567260913,-33603874.3080054,-616988.8086348305,-8959.429948488514,-33604115.34521683
0204010407,Raymondskill Creek-Delaware River,4151822,71000,True,02040104,41914.9747,109006.35865877297,7772.91208322882,10383554.559816435,850.2548234096713,60.33605617463896,51.099083500220374,462.9304088435608,21412.280174804262,-607332.5142936367,-5281.066129945819,-28337499.068043564,0.0,0.0,0.0,0.0,0.0,0.0,83.21543375611284,92.89661665219992,845.425282375912,-607332.5142936367,-5281.066129945819,-28337499.068043564,-607332.5142936367,-5281.066129945819,-28337499.068043564,-607415.7297273928,-5373.962746598018,-28338344.49332594
0204010408,Pocono Creek,4154498,70293,True,02040104,29797.8669,109738.43222770888,12730.620582646274,12002086.854316136,27393.572645292512,2907.569601736167,0.0,0.0,0.0,-426304.7284005836,585.7122419101061,-15525182.587903863,0.0,0.0,0.0,0.0,0.0,0.0,196.71618696720012,174.9301540678001,39315.00120347212,-426304.7284005836,585.7122419101061,-15525182.587903863,-426304.7284005836,585.7122419101061,-15525182.587903863,-426501.4445875508,410.78208784230594,-15564497.589107335
0204010409,Broadhead Creek,4154494,70249,True,02040104,44523.7228,123699.2845822349,10060.881506646308,12036938.900446929,9411.533472800098,1713.9008159729995,28.18308065317069,264.2205691608802,13180.044464305667,-645732.1970865652,-5455.373377326692,-29094076.22219307,0.0,0.0,0.0,0.0,0.0,0.0,117.48872669219725,119.92227335759955,2575.523340399146,-645732.1970865652,-5455.373377326692,-29094076.22219307,-645732.1970865652,-5455.373377326692,-29094076.22219307,-645849.6858132574,-5575.295650684291,-29096651.74553347
0204010410,Flat Brook-Delaware River,4154510,70222,True,02040104,32287.8564,164054.3374682268,10926.2923246129,4793072.631357108,51045.88691767333,3875.8353179296355,38.49136479877926,349.42002195894065,16073.048338023007,-438145.2581974466,-2958.7784773167355,-25034449.11096289,0.0,0.0,0.0,0.0,0.0,0.0,25.98367984569368,22.41775042560017,7187.261482926918,-438145.2581974466,-2958.7784773167355,-25034449.11096289,-438145.2581974466,-2958.7784773167355,-25034449.11096289,-438171.2418772922,-2981.1962277423354,-25041636.372445818
0204010501,Paulins Kill River-Delaware River,2586995,69706,True,02040105,45844.4292,348667.145032125,18739.79432791386,14888242.703026688,50347.11337260919,2205.4956639073644,28.3471151266802,254.4375683136602,11262.289355509825,-484244.3747844842,2322.525612006495,-27462840.99193331,12225.801247653199,2476.5392239074804,1236037.6043121875,12270.199910845598,2490.5255378704805,1241443.5029358845,12282.292688668986,2495.3446487046804,1242216.891565394,-496470.1760321374,-154.01361190098524,-28698878.596245497,-496514.5746953298,-167.9999258639854,-28704284.494869195,-496526.6674731532,-172.81903669818493,-28705057.883498702
0204010502,Pequest River-Delaware River,2587861,69673,True,02040105,40558.144,307347.79496756673,17844.063669681203,10343295.01429089,88542.92009903812,3321.095084838043,0.0,0.0,0.0,-473522.6432114714,1949.943944843161,-27124318.41290911,83.2637697791101,23.485982753800013,257.30117403977056,83.2637697791101,23.485982753800013,257.30117403977056,99.26496000381093,35.298288208200205,692.8536623666535,-473605.9069812505,1926.457962089361,-27124575.71408315,-473605.9069812505,1926.457962089361,-27124575.71408315,-473621.9081714752,1914.645656634961,-27125011.266571477
0204010503,Bushkill Creek-Delaware River,2588259,69534,True,02040105,20683.5795,299933.72156313295,32138.631234329783,13534720.74160822,27937.08740738497,10617.958313494688,5.483225031301572,51.047293837660135,2037.348167899996,-81072.06790925203,15108.763275835094,-5572770.00049178,0.0,0.0,0.0,0.0,0.0,0.0,505.69284711389713,509.35932529820775,16859.621001688203,-81072.06790925203,15108.763275835094,-5572770.00049178,-81072.06790925203,15108.763275835094,-5572770.00049178,-81577.76075636593,14599.403950536886,-5589629.621493468
0204010504,Pohatcong Creek-Delaware River,2588067,69479,True,02040105,14819.6167,199104.2234345052,15623.72081939077,9434677.45708646,10747.516679095752,1892.8470569992178,0.0,0.0,0.0,-64614.150313590566,9136.792585391553,-4255684.450373538,571.5900507003029,294.10031891500023,132785.7922768988,571.5900507003029,294.10031891500023,132785.7922768988,579.4801951156888,299.95591904900016,133242.48983390094,-65185.74036429086,8842.692266476552,-4388470.242650437,-65185.74036429086,8842.692266476552,-4388470.242650437,-65193.63050870626,8836.836666342551,-4388926.940207439
0204010505,Musconetcong River,2588261,69326,True,02040105,40285.8985,526651.341796024,24538.213146935625,24714275.33070064,179592.33561462886,2669.5012191772585,29.38361587422896,268.6325187413994,11963.545489466505,-340621.28121360485,9380.083392758366,-12501837.70359936,5399.606927721292,2672.6461512885985,2101100.7788125994,5431.477215481891,2686.9876138489985,2105430.7364141685,5447.496740109303,2695.5018309391985,2107046.781034233,-346020.88814132614,6707.437241469767,-14602938.482411958,-346052.75842908677,6693.095778909367,-14607268.440013528,-346068.7779537142,6684.581561819167,-14608884.484633593
0204010506,Upper Delaware River,2588483,69309,True,02040105,56325.0289,899494.159393696,80767.45599400924,31722269.63262525,185638.3985372737,37851.655927821106,14.96981863774181,138.34384420599957,5653.5079849470785,-247612.4824665777,25455.041107188143,-20310792.065194752,974.740622022498,531.8938139248022,218958.87230602122,1232.2524472818964,682.5016885472021,267000.6878306542,1661.287385178685,1116.9101829918034,290558.66864769405,-248587.22308860018,24923.14729326334,-20529750.93750077,-248844.73491385957,24772.53941864094,-20577792.753025405,-249273.76985175637,24338.13092419634,-20601350.733842444
0204010507,Tohickon Creek-Delaware River,2591253,69085,True,02040105,28982.1581,214621.0340106301,22030.79173286961,12279472.606952282,69114.29968217966,2148.0340458467062,0.0,0.0,0.0,-349218.7044385496,10898.288676022903,-14494245.045827717,0.0,0.0,0.0,0.0,0.0,0.0,738.0762531586893,809.5630550351998,27164.64922630309,-349218.7044385496,10898.288676022903,-14494245.045827717,-349218.7044385496,10898.288676022903,-14494245.045827717,-349956.78069170826,10088.725620987703,-14521409.695054019
0204010508,Assunpink Creek-Delaware River,2590137,68820,True,02040105,23812.6822,437723.86659580586,45565.97970642208,29168354.34971634,189682.06059175293,30482.78672309219,0.0,0.0,0.0,-158440.6791499471,7701.261501329885,7170198.533356341,0.0,0.0,0.0,0.0,0.0,0.0,40.932039163009094,6.9493252247996455,3554.2225055440695,-158440.6791499471,7701.261501329885,7170198.533356341,-158440.6791499471,7701.261501329885,7170198.533356341,-158481.6111891101,7694.312176105084,7166644.310850796
0204010509,Lower Delaware River,4481949,68818,True,02040105,80403.2553,510239.8538687217,54748.07373101822,44638930.179539114,23437.933160827324,3968.226640295594,0.0,0.0,0.0,-885681.6472631056,25854.837947722634,-29637597.066600885,123.69012363360025,42.640035319599036,6203.8204983430915,123.69012363360025,42.640035319599036,6203.8204983430915,933.6645530760973,859.0937825525998,68468.0102050905,-885805.3373867392,25812.197912403033,-29643800.88709923,-885805.3373867392,25812.197912403033,-29643800.88709923,-886615.3118161818,24995.744165170032,-29706065.076805975
0204010601,Tobyhanna Creek,4185711,75896,True,02040106,33390.0289,95536.49955048278,8893.761918710275,7576673.413206598,16573.666509564948,3392.2305854335605,4.504410393740045,40.978644044880404,1871.6250870197982,-491004.9602820822,-4849.377625723285,-23269035.2846134,0.0,0.0,0.0,0.0,0.0,0.0,72.7733490101982,77.01280956979885,1339.7658163541419,-491004.9602820822,-4849.377625723285,-23269035.2846134,-491004.9602820822,-4849.377625723285,-23269035.2846134,-491077.73363109236,-4926.390435293084,-23270375.050429754
0204010602,Upper Lehigh River,4186549,75819,True,02040106,47297.2402,120225.37520209768,10776.056547369166,9356807.002371425,18354.33275430325,3127.9390513012786,27.472711921701038,247.05368910246034,11481.269508554924,-705492.8477662056,-7014.026965932113,-34336383.49438857,0.0,0.0,0.0,0.0,0.0,0.0,1.5730688923991512,0.6055912928000593,135.40880115220534,-705492.8477662056,-7014.026965932113,-34336383.49438857,-705492.8477662056,-7014.026965932113,-34336383.49438857,-705494.420835098,-7014.632557224913,-34336518.903189726
0204010603,Middle Lehigh River,4188171,75528,True,02040106,82154.5679,313397.7819885449,28567.65556920095,16267952.28852025,31334.620902162515,7450.398128676108,1.1251927133700974,10.186972765800004,487.45110440588905,-1120315.3129666175,-4350.658608475159,-59626437.53749975,0.0,0.0,0.0,0.0,0.0,0.0,260.6884586505882,248.32144891440106,36526.040648231276,-1120315.3129666175,-4350.658608475159,-59626437.53749975,-1120315.3129666175,-4350.658608475159,-59626437.53749975,-1120576.0014252681,-4598.980057389561,-59662963.57814798
0204010604,Pohopoco Creek,4187389,75395,True,02040106,28715.2626,96632.02147648751,11634.315064405493,9606471.470293237,118.1949500433778,55.98166573877437,0.0,0.0,0.0,-393655.70605555584,2676.6019926667186,-16920688.119586762,0.0,0.0,0.0,0.0,0.0,0.0,319.2387695726983,289.7495586024007,73327.4185052027,-393655.70605555584,2676.6019926667186,-16920688.119586762,-393655.70605555584,2676.6019926667186,-16920688.119586762,-393974.9448251286,2386.852434064318,-16994015.538091965
0204010605,Aquashicola Creek,4187957,75288,True,02040106,20265.0684,95849.8026172683,11809.733101093263,6700714.154605014,28151.094573358216,2482.8317970778826,70.75049040768984,657.9438217903203,26451.059395814224,-278226.0095440899,3044.7301000153802,-12020156.033314984,0.0,0.0,0.0,0.0,0.0,0.0,268.9406149332019,243.42531591319988,59471.74312204528,-278226.0095440899,3044.7301000153802,-12020156.033314984,-278226.0095440899,3044.7301000153802,-12020156.033314984,-278494.9501590231,2801.3047841021803,-12079627.77643703
0204010606,Jordan Creek,4188007,75134,True,02040106,21306.5299,337454.3084521321,31021.461660809953,19631729.329822235,12717.188643854342,5703.176796606675,0.0,0.0,0.0,-38965.345584722265,18713.26059520328,-51242.99179776275,0.0,0.0,0.0,250.22016828579945,25.74244359199997,12197.987025176059,730.8203610746951,504.2067687706002,109468.10851735268,-38965.345584722265,18713.26059520328,-51242.99179776275,-39215.565753008064,18687.51815161128,-63440.97882293892,-39696.16594579696,18209.05382643268,-160711.10031511556
0204010607,Little Lehigh Creek,4187747,75049,True,02040106,27825.5915,416853.9773508186,32732.451825423308,25589730.101444647,14259.421902002156,459.08031302522147,0.0,0.0,0.0,-72388.29145618361,23647.438147398087,-115551.32625535171,429.0820939971984,207.40346193260027,112063.64479314668,429.0820939971984,207.40346193260027,112063.64479314668,757.0048715285892,511.62036467760436,165438.06280694169,-72817.3735501808,23440.034685465485,-227614.9710484984,-72817.3735501808,23440.034685465485,-227614.9710484984,-73145.29632771219,23135.81778272048,-280989.3890622932
0204010608,Lower Lehigh River,4188251,74985,True,02040106,91460.669,2313367.8701243345,276577.98129252763,71987689.85546187,1289034.996780155,187151.53452039254,0.0,0.0,0.0,-536900.7464858209,61073.6393821351,-12503676.166738125,0.0,0.0,0.0,0.0,0.0,0.0,1258.380603297213,1253.958109913814,142872.83526190848,-536900.7464858209,61073.6393821351,-12503676.166738125,-536900.7464858209,61073.6393821351,-12503676.166738125,-538159.1270891181,59819.68127222129,-12646549.002000032
0204020101,Crosswicks Creek,4481793,68604,True,02040201,37448.986,738530.9848496157,70511.18474405279,33314406.144542903,380372.3763452416,50844.879367880974,0.0,0.0,0.0,-281095.582515626,8057.119716171819,-1280967.1222570974,0.0,0.0,0.0,0.0,0.0,0.0,40.84679558963376,7.499357001593052,3549.133600496127,-281095.582515626,8057.119716171819,-1280967.1222570974,-281095.582515626,8057.119716171819,-1280967.1222570974,-281136.4293112156,8049.620359170226,-1284516.2558575936
0204020102,Upper Neshaminy Creek,4483005,68350,True,02040201,34642.3524,365707.1061552844,43261.29295516845,35889711.04229664,158563.32975935895,18630.58081070917,0.0,0.0,0.0,-384201.1790720746,13891.58290045928,3887105.8951766435,0.0,0.0,0.0,0.0,0.0,0.0,755.4539372605037,765.3001445659996,27829.76026762374,-384201.1790720746,13891.58290045928,3887105.8951766435,-384201.1790720746,13891.58290045928,3887105.8951766435,-384956.6330093351,13126.282755893279,3859276.1349090203
0204020103,Lower Neshaminy Creek,4481917,68275,True,02040201,25430.2205,187785.74581526898,16258.433419198202,23057961.39750908,10277.998434069605,1116.5043454851325,0.0,0.0,0.0,-256586.11655380062,7258.56071871307,-434476.30039091816,0.0,0.0,0.0,0.0,0.0,0.0,460.21070032859916,461.35072274000055,13989.878559197365,-256586.11655380062,7258.56071871307,-434476.30039091816,-256586.11655380062,7258.56071871307,-434476.30039091816,-257046.32725412922,6797.209995973069,-448466.17895011563
0204020104,Assiscunk Creek-Delaware River,4485575,68274,True,02040201,42654.1381,1052586.5917269979,135720.1414351185,33238103.033739444,736480.3569796496,116851.27710390101,0.0,0.0,0.0,-411999.9026196519,5646.0815202174945,-6165789.743040554,0.0,0.0,0.0,0.0,0.0,0.0,376.5121203263813,338.95054384469785,6901.494938139804,-411999.9026196519,5646.0815202174945,-6165789.743040554,-411999.9026196519,5646.0815202174945,-6165789.743040554,-412376.41473997827,5307.130976372797,-6172691.237978695
0204020201,North Branch Rancocas Creek,932040307,68018,True,02040202,38317.7132,196086.91035693677,20638.46132989159,17709777.906692296,83506.85063419909,13266.162937628349,0.9323446094699648,7.524523657079996,306.2055725349055,-541503.3046012623,-4506.19269973676,-17688125.5474677,0.0,0.0,0.0,0.0,0.0,0.0,8.966481839379489,1.5600188862000561,758.8320813951045,-541503.3046012623,-4506.19269973676,-17688125.5474677,-541503.3046012623,-4506.19269973676,-17688125.5474677,-541512.2710831017,-4507.75271862296,-17688884.379549097
0204020202,South Branch Rancocas Creek,4492218,67694,True,02040202,43425.8511,243313.17461911705,18752.924581102987,29185551.98096986,80016.07415418036,5436.45657432994,10.107070368910552,85.7021323907397,3705.6366802003045,-577982.1778120633,-145.54583422695362,-10931249.265210137,0.03613071390003597,0.008174675599999404,51.35401046319748,0.03613071390003597,0.008174675599999404,51.35401046319748,17.263772938704808,3.018264575400037,1520.0327696615332,-577982.2139427772,-145.55400890255362,-10931300.6192206,-577982.2139427772,-145.55400890255362,-10931300.6192206,-577999.441585002,-148.56409880235367,-10932769.297979798
0204020203,Pennypack Creek-Rancocas Creek,4488286,67672,True,02040202,33062.7962,635084.1294840701,28195.04000332637,36393910.99989966,178592.72406132394,10206.569097322516,0.0,0.0,0.0,-107890.52571125384,7739.004084003852,5850499.870339666,155.05605189139987,39.70857363920003,42895.410573293026,155.05605189139987,39.70857363920003,42895.410573293026,359.91414075810155,198.46828493059036,50307.30669097267,-108045.58176314524,7699.295510364652,5807604.459766373,-108045.58176314524,7699.295510364652,5807604.459766373,-108250.43985201193,7540.535799073262,5800192.563648693
0204020204,Cooper River-Delaware River,4495990,67538,True,02040202,46729.7256,7509056.984034414,282582.9965824217,58180762.577786356,6266723.892973351,255456.46222567323,0.0,0.0,0.0,444656.67506906355,12640.3194207485,15011842.06850636,277.7762992890016,118.39797849839991,73888.65155728701,277.7762992890016,118.39797849839991,73888.65155728701,485.1670820866678,249.91729632259919,82485.7116817169,444378.89876977453,12521.921442250099,14937953.416949073,444378.89876977453,12521.921442250099,14937953.416949073,444171.5079869769,12390.4021244259,14929356.356824642
0204020205,Darby Creek-Mantua Creek,4496226,65319,True,02040202,59485.851,7391917.65330739,229240.4736471554,90443488.44683377,6825188.456569935,199095.57949620404,0.0,0.0,0.0,-448694.27983254497,11704.28034095135,35490459.29303377,242.18314803699923,43.772467266799936,29081.111054078327,447.4420571829987,65.47776717599993,46642.633019638364,630.5005695823929,168.0014688630027,56519.59866211568,-448936.462980582,11660.507873684552,35461378.18197969,-449141.721889728,11638.80257377535,35443816.66001414,-449324.78040212736,11536.278872088349,35433939.694371656
0204020206,Raccoon Creek-Delaware River,24903452,65081,True,02040202,77945.9757,1886146.6133567793,393563.9731872124,94911981.3831071,922273.4853240782,343794.95785671606,0.0,0.0,0.0,-366664.67716629896,25605.762863496308,22905489.031447094,19.27074075029941,8.464338061799992,5011.038532685023,19.27074075029941,8.464338061799992,5011.038532685023,569.8607165387565,531.5141383229997,24413.8378132849,-366683.94790704927,25597.298525434508,22900477.99291441,-366683.94790704927,25597.298525434508,22900477.99291441,-367234.5378828377,25074.248725173307,22881075.19363381
0204020301,Little Schuylkill River,4779719,67010,True,02040203,35453.0885,430116.1808401949,34243.44229476187,11786706.39524116,82240.59951149698,13483.681169393503,0.0,0.0,0.0,-257308.63936630206,9769.303690368373,-20964856.76105884,0.0,0.0,0.0,0.0,0.0,0.0,134.4876900168955,122.23082197079813,31943.394579134612,-257308.63936630206,9769.303690368373,-20964856.76105884,-257308.63936630206,9769.303690368373,-20964856.76105884,-257443.12705631895,9647.072868397576,-20996800.155637976
0204020302,Upper Schuylkill River,4779859,67162,True,02040203,53123.7998,433685.8192423084,35543.32726048384,14624050.118379943,83076.25274506018,12311.726241073417,0.0,0.0,0.0,-556213.6960887519,6763.223081410424,-34451716.13686006,0.0,0.0,0.0,0.0,0.0,0.0,376.739952369114,340.50617688739754,69425.4839012161,-556213.6960887519,6763.223081410424,-34451716.13686006,-556213.6960887519,6763.223081410424,-34451716.13686006,-556590.4360411209,6422.716904523027,-34521141.620761275
0204020303,Maiden Creek,4782267,66753,True,02040203,55932.546800000004,1194847.4560667048,106008.85651248216,39349733.37647629,34390.769715914124,4700.5785817192855,0.0,0.0,0.0,205688.11247479077,83969.18842276288,-12320753.357363708,9641.131766730276,4013.756289175438,479317.1067904103,9641.131766730276,4013.756289175438,479317.1067904103,10447.418501739598,4936.608677817438,596536.2282355152,196046.98070806047,79955.43213358744,-12800070.464154119,196046.98070806047,79955.43213358744,-12800070.464154119,195240.69397305115,79032.57974494544,-12917289.585599223
0204020304,Tulpehocken Creek,4782309,66496,True,02040203,56959.1943,2464074.8368112743,172031.7674543318,46401039.25386631,928662.1580905772,81424.97101683637,0.0,0.0,0.0,563119.2320196971,72949.44620449543,-6217864.4404736925,11055.257293966511,3324.8378090266006,1933309.0566311083,11055.257293966511,3324.8378090266006,1933309.0566311083,12067.22550876022,4249.339725406695,2091371.3434005058,552063.9747257306,69624.60839546882,-8151173.4971048,552063.9747257306,69624.60839546882,-8151173.4971048,551052.0065109369,68700.10647908872,-8309235.783874199
0204020305,Manatawny Creek,4782395,66215,True,02040203,23696.0735,306655.93764683907,31708.74208058082,14910628.073639873,3401.8766548797034,1165.1896015623956,0.0,0.0,0.0,-101237.91365304061,23197.769694018425,-6979804.625660124,649.3919446308007,158.05773938579978,2975.470213107037,649.3919446308007,158.05773938579978,2975.470213107037,865.4679645749892,423.8898275344006,34141.04158705355,-101887.30559767141,23039.711954632625,-6982780.095873232,-101887.30559767141,23039.711954632625,-6982780.095873232,-102103.3816176156,22773.879866484025,-7013945.667247178
0204020306,Middle Schuylkill River,4782429,66287,True,02040203,71752.0312,1680062.699949424,162987.312705884,43830499.14196599,650620.0897021898,80440.20363540997,4.186552278970339,38.690594067581,1679.160345381504,-195364.56233676555,60303.97939847401,-22454027.280594006,139.884887110999,81.74792857799983,26569.292665902787,139.884887110999,81.74792857799983,26569.292665902787,1389.6182241625452,1518.797590840987,108806.19988595224,-195504.44722387654,60222.23146989601,-22480596.57325991,-195504.44722387654,60222.23146989601,-22480596.57325991,-196754.18056092807,58785.181807633024,-22562833.48047996
0204020307,French Creek,4781691,66081,True,02040203,18165.0912,251898.6013154482,13532.248928187819,7833186.962577357,30.09813642431946,51.7999670229299,9.365577271499205,87.66421424534039,3946.721043751895,-58209.603604976124,7849.270689164889,-8947724.287982643,558.586112219498,202.4251926295999,35796.52515154801,558.586112219498,202.4251926295999,35796.52515154801,783.341369376889,427.9815436466007,49372.217937735324,-58768.18971719562,7646.845496535289,-8983520.81313419,-58768.18971719562,7646.845496535289,-8983520.81313419,-58992.94497435301,7421.289145518288,-8997096.505920377
0204020308,Perkiomen Creek,4782543,65642,True,02040203,93705.3391,1429193.9568683906,172795.08779555385,83258129.09363817,748980.3419975779,96210.11291771298,0.0,0.0,0.0,-919336.5235661874,47536.31975684087,-3306863.166941829,189.22392630300055,59.127227417400036,34934.74801334689,189.22392630300055,59.127227417400036,34934.74801334689,2390.8994087682067,2337.686316989396,261865.11499335253,-919525.7474924903,47477.192529423475,-3341797.914955176,-919525.7474924903,47477.192529423475,-3341797.914955176,-921727.4229749556,45198.63343985148,-3568728.281935181
0204020309,Wissahickon Creek,4782625,65470,True,02040203,16485.4784,191697.84777375526,13861.551064010773,14566200.531498471,85732.37308392033,6590.328892481473,0.0,0.0,0.0,-175441.64159816506,2160.7238675292997,-663084.4144215273,485.72687366240325,144.52415993800406,133473.93786384715,485.72687366240325,144.52415993800406,133473.93786384715,560.7666643697063,208.34688011060456,138667.59453410583,-175927.36847182747,2016.1997075912957,-796558.3522853744,-175927.36847182747,2016.1997075912957,-796558.3522853744,-176002.4082625348,1952.376987418695,-801752.0089556332
0204020310,Lower Schuylkill River,4784841,65459,True,02040203,69576.4691,1578869.3763976379,184781.01869035556,67451217.84136504,681680.1896148165,140851.0028114693,0.4127995277303853,3.788682027560015,158.49818905699067,-290481.14075417846,22361.310457886237,3176475.6867850404,35.54749096989963,14.229232999200036,16553.999734624987,35.54749096989963,14.229232999200036,16553.999734624987,1258.7491237770153,1208.553377592692,69529.53231774592,-290516.68824514834,22347.081224887035,3159921.6870504157,-290516.68824514834,22347.081224887035,3159921.6870504157,-291739.8898779555,21152.757080293544,3106946.154467295
0204020400,Delaware Bay-Deep,24903800,63468,True,02040204,16366.220099999999,3369571.8358641537,233305.91826822105,10195125.585342586,3353256.6877755895,230292.89207442477,0.0,0.0,0.0,-263056.2290184355,-2060.5020372037193,-4923988.543037414,0.0,0.0,0.0,0.0,0.0,0.0,0.0,0.0,0.003235529933590442,-263056.2290184355,-2060.5020372037193,-4923988.543037414,-263056.2290184355,-2060.5020372037193,-4923988.543037414,-263056.2290184355,-2060.5020372037193,-4923988.546272944
0204020501,East Branch Brandywine Creek,4650714,64401,True,02040205,31928.8453,750683.9360929661,45775.5161540376,19162613.393826935,256123.28913441772,20588.36771087991,0.0,0.0,0.0,-50464.74231245159,15289.206400157695,-10333253.894313063,59.06742341340213,16.98414215939988,12585.306366124074,59.06742341340213,16.98414215939988,12585.306366124074,586.3730050063843,562.3801373562026,30688.050388055723,-50523.80973586499,15272.222257998295,-10345839.200679189,-50523.80973586499,15272.222257998295,-10345839.200679189,-51051.115317457974,14726.826262801493,-10363941.94470112
0204020502,West Branch Brandywine Creek,4651852,64578,True,02040205,34935.7971,730729.9284909742,41760.731778930014,21911677.980687074,47471.40304031492,6244.727862067625,0.0,0.0,0.0,86904.46895365928,24685.906815862385,-10362011.380292926,7880.812914276418,2289.3891569253974,4124942.0345153776,7880.812914276418,2289.3891569253974,4124942.0345153776,9119.693970987873,3359.5618231766016,4315028.143026764,79023.65603938285,22396.517658936988,-14486953.414808303,79023.65603938285,22396.517658936988,-14486953.414808303,77784.77498267141,21326.344992685783,-14677039.52331969
0204020503,White Clay Creek,4652174,64774,True,02040205,41647.1836,578141.9331532611,30689.288682234896,30434496.6264167,13632.24943473036,2244.3122389713335,0.0,0.0,0.0,-146407.74033346924,15534.349527263563,-8039171.583263298,7027.983688125515,2798.3760740294006,1840738.1003515744,7027.983688125515,2798.3760740294006,1840738.1003515744,7650.867989389295,3376.551276461801,1905819.3444336278,-153435.72402159474,12735.973453234163,-9879909.683614872,-153435.72402159474,12735.973453234163,-9879909.683614872,-154058.60832285852,12157.798250801761,-9944990.927696927
0204020504,Brandywine Creek,4655442,64239,True,02040205,17075.571,199507.76971945862,10361.040251447643,11093702.656055247,11514.767741384978,995.0159709636844,0.0,0.0,0.0,-103486.99499192636,4072.597270483958,-4680709.83374475,826.4931287885006,458.0688902683995,173535.99134870892,826.4931287885006,458.0688902683995,173535.99134870892,997.5271668505072,622.700252787399,187840.18465469172,-104313.48812071486,3614.5283802155586,-4854245.825093459,-104313.48812071486,3614.5283802155586,-4854245.825093459,-104484.52215877688,3449.8970176965586,-4868550.018399443
0204020505,Christina River,24902758,64237,True,02040205,20151.6535,238691.89827151943,12122.937163137856,12486446.525002653,45045.362926848065,3847.9770132030217,0.0,0.0,0.0,-150342.18990032864,2027.9475649348358,-6129650.978297346,0.0,0.0,0.0,0.0,0.0,0.0,7.840426562799621,7.603395345400941,392.6320044930326,-150342.18990032864,2027.9475649348358,-6129650.978297346,-150342.18990032864,2027.9475649348358,-6129650.978297346,-150350.03032689146,2020.3441695894346,-6130043.610301839
0204020506,Shellpot Creek-Delaware River,24902756,65049,True,02040205,4638.4321,48598.57937698856,3063.2086197713725,2824940.913893577,20667.873481234798,1562.1317930711173,0.0,0.0,0.0,-51247.33005124624,63.162875700255576,-1460042.6600864227,0.0,0.0,0.0,0.0,0.0,0.0,0.0,0.0,0.0,-51247.33005124624,63.162875700255576,-1460042.6600864227,-51247.33005124624,63.162875700255576,-1460042.6600864227,-51247.33005124624,63.162875700255576,-1460042.6600864227
0204020507,C&D Canal - Red Lion Creek,24903566,63768,True,02040205,18793.5523,224699.6923927423,60272.1933311183,17393752.908625856,59572.271743838486,50406.060448644894,0.0,0.0,0.0,-155678.5171120962,4040.131669473411,32269.293885857565,0.0,0.0,0.0,0.0,0.0,0.0,0.0,0.0,0.0,-155678.5171120962,4040.131669473411,32269.293885857565,-155678.5171120962,4040.131669473411,32269.293885857565,-155678.5171120962,4040.131669473411,32269.293885857565
0204020508,Appoquinimink River-Delaware River,932040184,77009,True,02040205,25501.0012,231329.8473275441,11819.010947183577,18244220.628526025,0.0,0.0,0.0,0.0,0.0,-203972.2431564559,3913.7005751835773,-5313604.280033973,0.0,0.0,0.0,0.0,0.0,0.0,0.0,0.0,0.0,-203972.2431564559,3913.7005751835773,-5313604.280033973,-203972.2431564559,3913.7005751835773,-5313604.280033973,-203972.2431564559,3913.7005751835773,-5313604.280033973
0204020601,Salem River-Delaware River,24903538,63773,True,02040206,39334.8437,601608.9542430034,50947.22218306212,30821396.22202971,182944.33932833525,20448.289818137564,0.0,0.0,0.0,-252781.16704433184,18305.130817924557,-5516132.388030292,458.3553305965873,207.50736861120123,132760.07878898026,733.0865868784867,357.8618259192013,209614.79617381992,810.4181163627072,413.8393960162016,215946.0094949713,-253239.52237492843,18097.623449313356,-5648892.466819271,-253514.25363121033,17947.268992005356,-5725747.184204111,-253591.58516069455,17891.291421908358,-5732078.397525263
0204020602,Alloway Creek,24903606,63498,True,02040206,17936.9308,155544.5174612458,8835.584044599878,8114289.3730845135,123.508559469782,29.6045646439131,0.0,0.0,0.0,-150762.399854224,3245.5309319559656,-8455847.299955485,4.901740808599868,2.2742642213999957,2127.575969666992,4.901740808599868,2.2742642213999957,2127.575969666992,62.63094068400162,37.3759483198002,5438.078622696543,-150767.3015950326,3243.256667734566,-8457974.875925152,-150767.3015950326,3243.256667734566,-8457974.875925152,-150825.030794908,3208.1549836361655,-8461285.378578182
0204020603,Cohansey River,9486246,77937,True,02040206,27610.221,707850.7146585457,38878.12448134966,17483129.54327392,297707.7999898526,25396.85994066068,0.0,0.0,0.0,-61163.55780130689,4922.09603068898,-8023192.61652608,297.62622716338717,95.83470107200043,80827.55317019118,297.62622716338717,95.83470107200043,80827.55317019118,302.10168158838064,97.08630283379985,81196.94971263246,-61461.18402847028,4826.261329616979,-8104020.169696271,-61461.18402847028,4826.261329616979,-8104020.169696271,-61465.65948289527,4825.00972785518,-8104389.5662387125
0204020604,Upper Maurice River,9484562,112383,True,02040206,46744.1667,725719.4141239362,40618.48257690711,20568925.97702732,287672.32397205057,22900.16078475165,0.0,0.0,0.0,-359875.8354171144,3227.6301151554594,-22613335.22043268,18.582759505097712,6.26918094279997,6205.495624918424,18.582759505097712,6.26918094279997,6205.495624918424,45.05689089210914,16.528360312198974,8045.769500387813,-359894.41817661945,3221.3609342126592,-22619540.7160576,-359894.41817661945,3221.3609342126592,-22619540.7160576,-359920.89230800647,3211.1017548432606,-22621380.989933066
0204020605,Lower Maurice River,9486502,112152,True,02040206,52741.2134,501981.4859198174,21323.35366789482,16856501.82579439,127182.536404929,12074.85664588585,9.396347168580728,82.63983377585994,3197.017438593559,-525493.5632231116,-7101.279131991029,-31865831.113125607,539.376268407417,49.137470706200226,61545.04440344909,539.376268407417,49.137470706200226,61545.04440344909,562.0969745587012,52.960818743601585,63563.085992172404,-526032.939491519,-7150.416602697229,-31927376.157529056,-526032.939491519,-7150.416602697229,-31927376.157529056,-526055.6601976703,-7154.239950734631,-31929394.19911778
0204020606,Stow Creek-Delaware Bay,24903666,63485,True,02040206,53293.6042,571905.379516197,18589.542668600327,31994309.377483644,85311.54904577365,6747.494160092386,0.0,0.0,0.0,-423127.9932235767,-4678.968793492061,-17238322.182476353,0.0,0.0,0.13916903002245817,0.0,0.0,0.13916903002245817,2.701964232091716,1.0548509584011507,101.86577077408049,-423127.9932235767,-4678.968793492061,-17238322.321645387,-423127.9932235767,-4678.968793492061,-17238322.321645387,-423130.6951878088,-4680.023644450463,-17238424.04824713
0204020607,Dennis Creek-Delaware Bay,9483638,121223,True,02040206,34220.414600000004,268866.52471390285,17756.047567727695,20966378.55725321,153512.4116115681,12046.823179865229,0.0,0.0,0.0,-468788.36411966523,-4899.104138137532,-10646440.450226787,0.13506563999999344,0.02265215999999981,18.123367879976286,0.13506563999999344,0.02265215999999981,18.123367879976286,2.9865162320981433,0.4617013942009973,285.55868760318026,-468788.49918530526,-4899.126790297531,-10646458.573594667,-468788.49918530526,-4899.126790297531,-10646458.573594667,-468791.3506358973,-4899.565839531732,-10646726.00891439
0204020701,Smyrna River-Delaware Bay,25039920,77563,True,02040207,20392.2428,209366.45750180722,13240.981934930483,12053863.997337872,2562.641499756,215.85430769988,0.0,0.0,0.0,-141291.7685939488,6703.532359230602,-6784489.901302126,0.0,0.0,0.0,0.0,0.0,0.0,0.0,0.0,0.0,-141291.7685939488,6703.532359230602,-6784489.901302126,-141291.7685939488,6703.532359230602,-6784489.901302126,-141291.7685939488,6703.532359230602,-6784489.901302126
0204020702,Leipsic River-Delaware Bay,25039974,77684,True,02040207,36754.1084,422024.91967289115,27547.854419373132,18317564.497095905,0.0,0.0,0.0,0.0,0.0,-205367.7107151089,16154.080815373132,-15635880.842824092,0.0,0.0,0.0,0.0,0.0,0.0,0.0,0.0,0.0,-205367.7107151089,16154.080815373132,-15635880.842824092,-205367.7107151089,16154.080815373132,-15635880.842824092,-205367.7107151089,16154.080815373132,-15635880.842824092
0204020703,Saint Jones River,8075784,117858,True,02040207,22791.5613,293172.0396594559,20925.1198242803,17843058.684816964,0.0,0.0,0.0,0.0,0.0,-95879.91173154413,13859.7358212803,-3211785.6441230336,0.0,0.0,0.0,0.0,0.0,0.0,0.0,0.0,0.0,-95879.91173154413,13859.7358212803,-3211785.6441230336,-95879.91173154413,13859.7358212803,-3211785.6441230336,-95879.91173154413,13859.7358212803,-3211785.6441230336
0204020704,Murderkill River-Delaware Bay,8075804,117432,True,02040207,27048.1504,563137.5568434258,30734.32295984839,11310797.818641135,82348.1737315546,6148.9260396645295,0.0,0.0,0.0,19077.45578387129,16200.470296183857,-13676283.520878863,0.0,0.0,0.0,0.0,0.0,0.0,0.0,0.0,0.0,19077.45578387129,16200.470296183857,-13676283.520878863,19077.45578387129,16200.470296183857,-13676283.520878863,19077.45578387129,16200.470296183857,-13676283.520878863
0204020705,Mispillion River-Delaware Bay,8080210,117578,True,02040207,32728.0421,1018075.6109188424,46753.99328904313,7659508.584735141,7832.051686238169,658.008406016821,0.0,0.0,0.0,451575.88058560423,35950.29183202631,-22574656.70724486,0.0,0.0,0.0,0.0,0.0,0.0,0.0,0.0,0.0,451575.88058560423,35950.29183202631,-22574656.70724486,451575.88058560423,35950.29183202631,-22574656.70724486,451575.88058560423,35950.29183202631,-22574656.70724486
0204020706,Broadkill River-Delaware Bay,8077930,116139,True,02040207,27441.4295,941606.8434510168,44120.70028349053,6970260.66608755,5496.707616859,680.4685886849632,0.0,0.0,0.0,467684.9342691578,34933.38854980557,-18380131.90601245,0.0,0.0,0.0,0.0,0.0,0.0,0.0,0.0,0.0,467684.9342691578,34933.38854980557,-18380131.90601245,467684.9342691578,34933.38854980557,-18380131.90601245,467684.9342691578,34933.38854980557,-18380131.90601245
0204030103,Toms River,9454915,114739,False,02040301,49644.854699999996,252276.06313215164,9778.179697539306,24749439.79714047,0.0,0.0,0.0,0.0,0.0,-595161.6065968483,-5611.725259460694,-21112476.974719528,0.0,0.0,0.0,0.0,0.0,0.0,46.67991151940126,7.705777318599844,4404.488263996662,-595161.6065968483,-5611.725259460694,-21112476.974719528,-595161.6065968483,-5611.725259460694,-21112476.974719528,-595208.2865083677,-5619.431036779294,-21116881.462983523
0204030104,Barnegat Bay,9454953,119865,False,02040301,32491.5424,132761.10013416075,9892.702864747163,28549798.801182736,0.0,0.0,0.0,0.0,0.0,-421869.5286338393,-179.67527925283588,-1465888.0679372638,0.0,0.0,0.0,0.0,0.0,0.0,10.89614867159965,1.756633171799971,976.0573051147004,-421869.5286338393,-179.67527925283588,-1465888.0679372638,-421869.5286338393,-179.67527925283588,-1465888.0679372638,-421880.42478251085,-181.43191242463593,-1466864.1252423793
0204030105,Wading River,9450727,107143,False,02040301,48770.3605,80704.94894144074,4343.804377797998,4540782.04903939,0.0,0.0,24.20987301711996,212.83261584312012,8665.954040434854,-751805.1047935593,-10775.007377202002,-40513276.980860606,0.0,0.0,0.0,0.0,0.0,0.0,0.11970522659956062,0.0181585383999896,9.77221693660681,-751805.1047935593,-10775.007377202002,-40513276.980860606,-751805.1047935593,-10775.007377202002,-40513276.980860606,-751805.2244987859,-10775.025535740402,-40513286.753077544
0204030106,Mullica River,9455643,106890,False,02040301,97862.737,466673.2846112613,17960.967703152142,25632592.057078224,0.0,0.0,0.0,0.0,0.0,-1203843.6359787388,-12376.480766847857,-64773004.38352177,0.0,0.0,0.0,0.0,0.0,0.0,7.325440414586115,1.3021416908000736,638.324152506708,-1203843.6359787388,-12376.480766847857,-64773004.38352177,-1203843.6359787388,-12376.480766847857,-64773004.38352177,-1203850.9614191533,-12377.782908538657,-64773642.70767428
0204030107,Manahawkin Bay-Little Egg Harbor,9452077,106911,False,02040301,30605.6698,174203.25150578638,26460.48586078928,64697504.72771952,0.0,0.0,0.0,0.0,0.0,-348235.53198021365,16972.728222789276,36423986.966479525,0.0,0.0,0.0,0.0,0.0,0.0,24.060073678409136,3.9818893486013502,1987.9007397429662,-348235.53198021365,16972.728222789276,36423986.966479525,-348235.53198021365,16972.728222789276,36423986.966479525,-348259.59205389203,16968.746333440675,36421999.06573978
0204030201,Upper Great Egg Harbor River,9433771,114555,False,02040302,45171.0579,282489.4493942876,9238.03995526287,10957263.049935225,0.0,0.0,0.0,0.0,0.0,-488580.50895871245,-4764.98799373713,-30771760.23808477,0.09510129950012924,0.021658750999989707,7.294864995987155,0.09510129950012924,0.021658750999989707,7.294864995987155,14.801710947704613,2.9240051990001774,1280.560508231965,-488580.6040600119,-4765.009652488129,-30771767.532949768,-488580.6040600119,-4765.009652488129,-30771767.532949768,-488595.31066966016,-4767.91199893613,-30773040.798593003
0204030202,Lower Great Egg Harbor River,9436873,114472,False,02040302,44804.0249,125495.31381932508,6382.086304812255,13597506.3424499,0.0,0.0,0.0,0.0,0.0,-639309.391223675,-7507.161414187745,-27792451.8601701,0.0,0.0,0.0,0.0,0.0,0.0,4.066827353997461,0.6595546343998993,374.17778330305555,-639309.391223675,-7507.161414187745,-27792451.8601701,-639309.391223675,-7507.161414187745,-27792451.8601701,-639313.4580510289,-7507.820968822145,-27792826.037953403
0204030203,Tuckahoe River,9436881,120357,False,02040302,26424.2354,55052.60488311799,2520.856871608893,3434352.3839010736,0.0,0.0,0.0,0.0,0.0,-396009.09339488205,-5670.656102391107,-20976356.278618924,0.0,0.0,0.0,0.0,0.0,0.0,0.6307593594997893,0.0946806575999215,56.85983872599729,-396009.09339488205,-5670.656102391107,-20976356.278618924,-396009.09339488205,-5670.656102391107,-20976356.278618924,-396009.7241542415,-5670.7507830487075,-20976413.138457652
0204030204,Great Egg Harbor Bay-Barrier Islands,9437503,120596,False,02040302,42250.4758,359420.3119794746,35779.400104255525,137064628.38131544,0.0,0.0,0.0,0.0,0.0,-361795.3099265254,22681.752606255526,98033638.83727543,0.0,0.0,0.0,0.0,0.0,0.0,50.09921168430597,8.07935975580107,4403.152107942779,-361795.3099265254,22681.752606255526,98033638.83727543,-361795.3099265254,22681.752606255526,98033638.83727543,-361845.4091382097,22673.673246499726,98029235.68516749
